# Blender 5.0.1
# www.blender.org
o XAxis
v -0.675000 2.409750 14.827597
v -0.675000 2.387501 14.831121
v -0.775000 2.387501 14.831121
v -0.675000 2.429821 14.817369
v -0.775000 2.409750 14.827597
v -0.675000 2.445750 14.801443
v -0.775000 2.429821 14.817369
v -0.675000 2.455977 14.781370
v -0.775000 2.445750 14.801443
v -0.675000 2.459501 14.759121
v -0.775000 2.455977 14.781370
v -0.675000 2.455978 14.736872
v -0.775000 2.459501 14.759121
v -0.675000 2.445750 14.716801
v -0.775000 2.455978 14.736872
v -0.675000 2.429821 14.700872
v -0.775000 2.445750 14.716801
v -0.675000 2.409750 14.690645
v -0.775000 2.429821 14.700872
v -0.675000 2.387501 14.687120
v -0.775000 2.409750 14.690645
v -0.675000 2.365251 14.690645
v -0.775000 2.387501 14.687120
v -0.675000 2.345180 14.700872
v -0.775000 2.365251 14.690645
v -0.675000 2.329251 14.716801
v -0.775000 2.345180 14.700872
v -0.675000 2.319025 14.736872
v -0.775000 2.329251 14.716801
v -0.675000 2.315501 14.759121
v -0.775000 2.319025 14.736872
v -0.675000 2.319024 14.781370
v -0.775000 2.315501 14.759121
v -0.675000 2.329251 14.801443
v -0.775000 2.319024 14.781370
v -0.675000 2.345180 14.817369
v -0.775000 2.329251 14.801443
v -0.675000 2.365251 14.827597
v -0.775000 2.345180 14.817369
v -0.775000 2.365251 14.827597
v -0.775000 2.314028 14.607994
v -0.775000 2.286373 14.635647
v -0.775000 2.460975 14.607996
v -0.775000 2.348874 14.590239
v -0.775000 2.268620 14.670494
v -0.775000 2.314028 14.910248
v -0.775000 2.460975 14.910248
v -0.775000 2.488628 14.882595
v -0.775000 2.506384 14.670494
v -0.775000 2.488628 14.635649
v -0.775000 2.262502 14.709122
v -0.775000 2.262502 14.809122
v -0.775000 2.268620 14.847748
v -0.775000 2.286373 14.882593
v -0.775000 2.348874 14.928001
v -0.775000 2.387502 14.934122
v -0.775000 2.426129 14.928003
v -0.775000 2.506384 14.847748
v -0.775000 2.512502 14.809122
v -0.775000 2.512502 14.709122
v -0.775000 2.426128 14.590239
v -0.775000 2.387502 14.584122
v -0.912500 2.262502 14.709122
v -0.912500 2.262502 14.809122
v -0.912500 2.512502 14.809122
v -0.912500 2.512502 14.709122
v -0.912500 2.268620 14.670494
v -0.912500 2.286373 14.635647
v -0.912500 2.314028 14.607994
v -0.912500 2.348874 14.590239
v -0.912500 2.387502 14.584122
v -0.912500 2.426128 14.590239
v -0.912500 2.460975 14.607996
v -0.912500 2.488628 14.635649
v -0.912500 2.506384 14.670494
v -0.912500 2.506384 14.847748
v -0.912500 2.488628 14.882595
v -0.912500 2.460975 14.910248
v -0.912500 2.426129 14.928003
v -0.912500 2.387502 14.934122
v -0.912500 2.348874 14.928001
v -0.912500 2.314028 14.910248
v -0.912500 2.286373 14.882593
v -0.912500 2.268620 14.847748
v -0.675000 2.214055 15.009121
v -0.675000 2.214055 14.920122
v -0.675000 2.214056 13.194120
v -0.675000 2.365251 11.697598
v -0.675000 2.387501 11.701120
v -0.675000 2.214055 10.064121
v -0.675000 2.315501 11.629122
v -0.675000 2.455977 11.651371
v -0.675000 2.459501 11.629122
v -0.675000 2.345180 11.687370
v -0.675000 2.319024 11.651371
v -0.675000 2.329251 11.586800
v -0.675000 2.319025 11.606873
v -0.675000 2.387501 11.557121
v -0.675000 2.429821 11.570871
v -0.675000 2.409750 11.560646
v -0.675000 2.455977 11.606873
v -0.675000 2.445750 11.671442
v -0.675000 2.329251 11.671442
v -0.675000 2.365252 11.560646
v -0.675000 2.445751 11.586800
v -0.675000 2.409750 11.697598
v -0.675000 2.345180 11.570871
v -0.675000 2.429821 11.687370
v -0.675000 2.459501 8.499121
v -0.675000 2.455977 8.476871
v -0.675000 2.445750 8.456800
v -0.675000 2.429821 8.440872
v -0.675000 2.455977 8.521370
v -0.675000 2.214055 6.934120
v -0.675000 2.319024 8.476871
v -0.675000 2.315501 8.499121
v -0.675000 2.429821 8.557369
v -0.675000 2.445750 8.541441
v -0.675000 2.319024 8.521370
v -0.675000 2.329251 8.541441
v -0.675000 2.345181 8.440872
v -0.675000 2.329251 8.456800
v -0.675000 2.387502 8.427120
v -0.675000 2.409750 8.430645
v -0.675000 2.409751 8.567596
v -0.675000 2.345181 8.557369
v -0.675000 2.365252 8.430645
v -0.675000 2.387501 8.571121
v -0.675000 2.365252 8.567596
v -0.675000 2.459501 5.369121
v -0.675000 2.455977 5.346871
v -0.675000 2.445750 5.326799
v -0.675000 2.429821 5.310871
v -0.675000 2.455977 5.391370
v -0.675000 2.214055 3.804121
v -0.675000 2.319024 5.346871
v -0.675000 2.315501 5.369121
v -0.675000 2.429821 5.427369
v -0.675000 2.445750 5.411442
v -0.675000 2.319024 5.391370
v -0.675000 2.329251 5.411441
v -0.675000 2.345181 5.310871
v -0.675000 2.329251 5.326799
v -0.675000 2.387502 5.297120
v -0.675000 2.409750 5.300645
v -0.675000 2.409750 5.437596
v -0.675000 2.345181 5.427369
v -0.675000 2.365252 5.300645
v -0.675000 2.387502 5.441120
v -0.675000 2.365252 5.437596
v -0.675000 2.455977 2.261371
v -0.675000 2.459501 2.239122
v -0.675000 2.445750 2.281442
v -0.675000 2.365252 2.307597
v -0.675000 2.387502 2.311122
v -0.675000 2.319024 2.261371
v -0.675000 2.329251 2.281442
v -0.675000 2.214055 0.674121
v -0.675000 2.315501 2.239122
v -0.675000 2.345181 2.180872
v -0.675000 2.329251 2.196800
v -0.675000 2.387502 2.167121
v -0.675000 2.455977 2.216872
v -0.675000 2.445750 2.196800
v -0.675000 2.345181 2.297370
v -0.675000 2.319024 2.216872
v -0.675000 2.365252 2.170645
v -0.675000 2.429821 2.180872
v -0.675000 2.409750 2.170645
v -0.675000 2.409750 2.307597
v -0.675000 2.429821 2.297370
v -0.675000 2.455977 -0.868630
v -0.675000 2.459501 -0.890879
v -0.675000 2.445750 -0.848557
v -0.675000 2.365251 -0.822404
v -0.675000 2.387502 -0.818879
v -0.675000 2.319024 -0.868630
v -0.675000 2.329251 -0.848557
v -0.675000 2.214055 -1.140879
v -0.675000 2.315501 -0.890879
v -0.675000 2.345180 -0.949128
v -0.675000 2.329251 -0.933200
v -0.675000 2.517251 -1.140881
v -0.675000 2.387502 -0.962880
v -0.675000 2.455977 -0.913129
v -0.675000 2.445750 -0.933200
v -0.675000 2.345180 -0.832631
v -0.675000 2.319024 -0.913129
v -0.675000 2.365252 -0.959355
v -0.675000 2.429822 -0.949128
v -0.675000 2.409751 -0.959353
v -0.675000 2.409751 -0.822402
v -0.675000 2.429822 -0.832629
v -0.675000 2.517252 15.009121
v -0.675000 2.575002 14.920122
v -0.675000 2.575001 13.194120
v -0.675000 2.575002 10.064121
v -0.675000 2.575002 6.934120
v -0.675000 2.575002 3.804121
v -0.675000 2.575002 0.674121
v -0.675000 2.575002 -1.140879
v -0.675000 2.575002 15.009121
v -0.675000 2.517251 14.920122
v -0.675000 2.517251 13.194120
v -0.675000 2.517251 10.064121
v -0.675000 2.517251 6.934120
v -0.675000 2.517251 3.804121
v -0.675000 2.517251 0.674121
v -0.912500 2.575002 2.026622
v -0.912500 2.575002 2.451621
v -0.912500 2.575002 -1.140879
v -0.912500 2.575002 -0.678378
v -0.912500 2.575002 5.156620
v -0.912500 2.575002 5.581620
v -0.912500 2.575002 8.286621
v -0.912500 2.575001 11.416620
v -0.912500 2.575001 11.841621
v -0.912500 2.575001 14.546621
v -0.912500 2.575002 14.971621
v -0.912500 2.575002 15.009121
v -0.750000 2.214055 15.009121
v -0.750000 2.214055 -1.140879
v -0.912500 2.543752 -1.140879
v -0.912500 2.062501 -1.140881
v -0.837500 2.062501 -1.140881
v -0.912500 2.543752 15.009121
v -0.912500 2.062502 15.009121
v -0.837500 2.062502 15.009121
v -0.912500 2.062501 2.451621
v -0.912500 2.062501 2.026621
v -0.912500 2.062501 -0.678380
v -0.912500 2.062501 5.581620
v -0.912500 2.062501 5.156620
v -0.912500 2.062501 11.416620
v -0.912500 2.062501 8.286621
v -0.912500 2.062501 11.841621
v -0.912500 2.062501 14.546621
v -0.912500 2.062502 14.971621
v -0.775000 2.387502 -0.818879
v -0.775000 2.409751 -0.822402
v -0.775000 2.429822 -0.832629
v -0.775000 2.445750 -0.848557
v -0.775000 2.455977 -0.868630
v -0.775000 2.459501 -0.890879
v -0.775000 2.455977 -0.913129
v -0.775000 2.445750 -0.933200
v -0.775000 2.429822 -0.949128
v -0.775000 2.409751 -0.959353
v -0.775000 2.387502 -0.962880
v -0.775000 2.365252 -0.959355
v -0.775000 2.345180 -0.949128
v -0.775000 2.329251 -0.933200
v -0.775000 2.319024 -0.913129
v -0.775000 2.315501 -0.890879
v -0.775000 2.319024 -0.868630
v -0.775000 2.329251 -0.848557
v -0.775000 2.345180 -0.832631
v -0.775000 2.365251 -0.822404
v -0.775000 2.387502 2.311122
v -0.775000 2.409750 2.307597
v -0.775000 2.429821 2.297370
v -0.775000 2.445750 2.281442
v -0.775000 2.455977 2.261371
v -0.775000 2.459501 2.239122
v -0.775000 2.455977 2.216872
v -0.775000 2.445750 2.196800
v -0.775000 2.429821 2.180872
v -0.775000 2.409750 2.170645
v -0.775000 2.387502 2.167121
v -0.775000 2.365252 2.170645
v -0.775000 2.345181 2.180872
v -0.775000 2.329251 2.196800
v -0.775000 2.319024 2.216872
v -0.775000 2.315501 2.239122
v -0.775000 2.319024 2.261371
v -0.775000 2.329251 2.281442
v -0.775000 2.345181 2.297370
v -0.775000 2.365252 2.307597
v -0.775000 2.387502 5.441120
v -0.775000 2.409750 5.437596
v -0.775000 2.429821 5.427369
v -0.775000 2.445750 5.411442
v -0.775000 2.455977 5.391370
v -0.775000 2.459501 5.369121
v -0.775000 2.455977 5.346871
v -0.775000 2.445750 5.326799
v -0.775000 2.429821 5.310871
v -0.775000 2.409750 5.300645
v -0.775000 2.387502 5.297120
v -0.775000 2.365252 5.300645
v -0.775000 2.345181 5.310871
v -0.775000 2.329251 5.326799
v -0.775000 2.319024 5.346871
v -0.775000 2.315501 5.369121
v -0.775000 2.319024 5.391370
v -0.775000 2.329251 5.411441
v -0.775000 2.345181 5.427369
v -0.775000 2.365252 5.437596
v -0.775000 2.387501 8.571121
v -0.775000 2.409751 8.567596
v -0.775000 2.429821 8.557369
v -0.775000 2.445750 8.541441
v -0.775000 2.455977 8.521370
v -0.775000 2.459501 8.499121
v -0.775000 2.455977 8.476871
v -0.775000 2.445750 8.456800
v -0.775000 2.429821 8.440872
v -0.775000 2.409750 8.430645
v -0.775000 2.387502 8.427120
v -0.775000 2.365252 8.430645
v -0.775000 2.345181 8.440872
v -0.775000 2.329251 8.456800
v -0.775000 2.319024 8.476871
v -0.775000 2.315501 8.499121
v -0.775000 2.319024 8.521370
v -0.775000 2.329251 8.541441
v -0.775000 2.345181 8.557369
v -0.775000 2.365252 8.567596
v -0.775000 2.387501 11.701120
v -0.775000 2.409750 11.697598
v -0.775000 2.429821 11.687370
v -0.775000 2.445750 11.671442
v -0.775000 2.455977 11.651371
v -0.775000 2.459501 11.629122
v -0.775000 2.455977 11.606873
v -0.775000 2.445751 11.586800
v -0.775000 2.429821 11.570871
v -0.775000 2.409750 11.560646
v -0.775000 2.387501 11.557121
v -0.775000 2.365252 11.560646
v -0.775000 2.345180 11.570871
v -0.775000 2.329251 11.586800
v -0.775000 2.319025 11.606873
v -0.775000 2.315501 11.629122
v -0.775000 2.319024 11.651371
v -0.775000 2.329251 11.671442
v -0.775000 2.345180 11.687370
v -0.775000 2.365251 11.697598
v -0.775000 2.314027 11.477995
v -0.775000 2.286374 11.505648
v -0.775000 2.460975 11.477995
v -0.775000 2.348874 11.460239
v -0.775000 2.268620 11.540495
v -0.775000 2.262501 11.579121
v -0.775000 2.262502 11.679121
v -0.775000 2.314027 11.780249
v -0.775000 2.460974 11.780249
v -0.775000 2.488628 11.752594
v -0.775000 2.506383 11.717749
v -0.775000 2.512502 11.679121
v -0.775000 2.512501 11.579121
v -0.775000 2.488628 11.505648
v -0.775000 2.426128 11.460239
v -0.775000 2.387501 11.454121
v -0.775000 2.268619 11.717749
v -0.775000 2.286373 11.752594
v -0.775000 2.348873 11.798004
v -0.775000 2.387502 11.804121
v -0.775000 2.426128 11.798004
v -0.775000 2.506383 11.540495
v -0.912500 2.512502 11.679121
v -0.912500 2.512501 11.579121
v -0.912500 2.262502 11.679121
v -0.912500 2.262501 11.579121
v -0.912500 2.268620 11.540495
v -0.912500 2.286374 11.505648
v -0.912500 2.314027 11.477995
v -0.912500 2.348874 11.460239
v -0.912500 2.387501 11.454121
v -0.912500 2.426128 11.460239
v -0.912500 2.460975 11.477995
v -0.912500 2.488628 11.505648
v -0.912500 2.506383 11.540495
v -0.912500 2.506383 11.717749
v -0.912500 2.488628 11.752594
v -0.912500 2.460974 11.780249
v -0.912500 2.426128 11.798004
v -0.912500 2.387502 11.804121
v -0.912500 2.348873 11.798004
v -0.912500 2.314027 11.780249
v -0.912500 2.286373 11.752594
v -0.912500 2.268619 11.717749
v -0.775000 2.488628 8.622595
v -0.775000 2.506383 8.587748
v -0.775000 2.512502 8.549122
v -0.775000 2.512502 8.449121
v -0.775000 2.286373 8.375648
v -0.775000 2.268620 8.410494
v -0.775000 2.262502 8.449121
v -0.775000 2.262502 8.549122
v -0.775000 2.268620 8.587748
v -0.775000 2.506384 8.410494
v -0.775000 2.460975 8.347994
v -0.775000 2.286373 8.622595
v -0.775000 2.314027 8.650248
v -0.775000 2.460975 8.650248
v -0.775000 2.488628 8.375648
v -0.775000 2.314028 8.347994
v -0.775000 2.348873 8.668003
v -0.775000 2.387502 8.674122
v -0.775000 2.426128 8.668003
v -0.775000 2.426128 8.330238
v -0.775000 2.348873 8.330238
v -0.775000 2.387502 8.324121
v -0.912500 2.512502 8.549122
v -0.912500 2.512502 8.449121
v -0.912500 2.262502 8.549122
v -0.912500 2.262502 8.449121
v -0.912500 2.268620 8.410494
v -0.912500 2.286373 8.375648
v -0.912500 2.314028 8.347994
v -0.912500 2.348873 8.330238
v -0.912500 2.387502 8.324121
v -0.912500 2.426128 8.330238
v -0.912500 2.460975 8.347994
v -0.912500 2.488628 8.375648
v -0.912500 2.506384 8.410494
v -0.912500 2.506383 8.587748
v -0.912500 2.488628 8.622595
v -0.912500 2.460975 8.650248
v -0.912500 2.426128 8.668003
v -0.912500 2.387502 8.674122
v -0.912500 2.348873 8.668003
v -0.912500 2.314027 8.650248
v -0.912500 2.286373 8.622595
v -0.912500 2.268620 8.587748
v -0.775000 2.488628 5.492594
v -0.775000 2.506383 5.457747
v -0.775000 2.512502 5.419121
v -0.775000 2.512502 5.319120
v -0.775000 2.286373 5.245647
v -0.775000 2.268620 5.280494
v -0.775000 2.262502 5.319120
v -0.775000 2.262502 5.419121
v -0.775000 2.268620 5.457747
v -0.775000 2.506383 5.280494
v -0.775000 2.460975 5.217994
v -0.775000 2.286373 5.492594
v -0.775000 2.314027 5.520247
v -0.775000 2.460975 5.520247
v -0.775000 2.488628 5.245647
v -0.775000 2.314027 5.217993
v -0.775000 2.348873 5.538002
v -0.775000 2.387502 5.544121
v -0.775000 2.426128 5.538002
v -0.775000 2.426128 5.200238
v -0.775000 2.348873 5.200238
v -0.775000 2.387502 5.194120
v -0.912500 2.512502 5.419121
v -0.912500 2.512502 5.319120
v -0.912500 2.262502 5.419121
v -0.912500 2.262502 5.319120
v -0.912500 2.268620 5.280494
v -0.912500 2.286373 5.245647
v -0.912500 2.314027 5.217993
v -0.912500 2.348873 5.200238
v -0.912500 2.387502 5.194120
v -0.912500 2.426128 5.200238
v -0.912500 2.460975 5.217994
v -0.912500 2.488628 5.245647
v -0.912500 2.506383 5.280494
v -0.912500 2.506383 5.457747
v -0.912500 2.488628 5.492594
v -0.912500 2.460975 5.520247
v -0.912500 2.426128 5.538002
v -0.912500 2.387502 5.544121
v -0.912500 2.348873 5.538002
v -0.912500 2.314027 5.520247
v -0.912500 2.286373 5.492594
v -0.912500 2.268620 5.457747
v -0.775000 2.460975 2.087995
v -0.775000 2.314027 2.390249
v -0.775000 2.512502 2.289121
v -0.775000 2.512502 2.189121
v -0.775000 2.506383 2.150495
v -0.775000 2.488628 2.115648
v -0.775000 2.426128 2.070239
v -0.775000 2.387502 2.064121
v -0.775000 2.314027 2.087995
v -0.775000 2.286373 2.115648
v -0.775000 2.268620 2.150495
v -0.775000 2.262502 2.189121
v -0.775000 2.262502 2.289121
v -0.775000 2.268620 2.327749
v -0.775000 2.286373 2.362594
v -0.775000 2.348873 2.408002
v -0.775000 2.387502 2.414121
v -0.775000 2.506383 2.327749
v -0.775000 2.348873 2.070239
v -0.775000 2.460975 2.390249
v -0.775000 2.488628 2.362594
v -0.775000 2.426128 2.408003
v -0.912500 2.512502 2.289121
v -0.912500 2.512502 2.189121
v -0.912500 2.262502 2.289121
v -0.912500 2.262502 2.189121
v -0.912500 2.268620 2.150495
v -0.912500 2.286373 2.115648
v -0.912500 2.314027 2.087995
v -0.912500 2.348873 2.070239
v -0.912500 2.387502 2.064121
v -0.912500 2.426128 2.070239
v -0.912500 2.460975 2.087995
v -0.912500 2.488628 2.115648
v -0.912500 2.506383 2.150495
v -0.912500 2.506383 2.327749
v -0.912500 2.488628 2.362594
v -0.912500 2.460975 2.390249
v -0.912500 2.426128 2.408003
v -0.912500 2.387502 2.414121
v -0.912500 2.348873 2.408002
v -0.912500 2.314027 2.390249
v -0.912500 2.286373 2.362594
v -0.912500 2.268620 2.327749
v -0.775000 2.460975 -1.042006
v -0.775000 2.314027 -0.739751
v -0.775000 2.512502 -0.840878
v -0.775000 2.512502 -0.940879
v -0.775000 2.506383 -0.979506
v -0.775000 2.488628 -1.014352
v -0.775000 2.426128 -1.059762
v -0.775000 2.387502 -1.065881
v -0.775000 2.314027 -1.042006
v -0.775000 2.286374 -1.014352
v -0.775000 2.268620 -0.979506
v -0.775000 2.262502 -0.940879
v -0.775000 2.262502 -0.840878
v -0.775000 2.268619 -0.802253
v -0.775000 2.286373 -0.767405
v -0.775000 2.348874 -0.721997
v -0.775000 2.387502 -0.715878
v -0.775000 2.506383 -0.802253
v -0.775000 2.348874 -1.059762
v -0.775000 2.460975 -0.739751
v -0.775000 2.488628 -0.767405
v -0.775000 2.426128 -0.721997
v -0.912500 2.512502 -0.840878
v -0.912500 2.512502 -0.940879
v -0.912500 2.262502 -0.840878
v -0.912500 2.262502 -0.940879
v -0.912500 2.268620 -0.979506
v -0.912500 2.286374 -1.014352
v -0.912500 2.314027 -1.042006
v -0.912500 2.348874 -1.059762
v -0.912500 2.387502 -1.065881
v -0.912500 2.426128 -1.059762
v -0.912500 2.460975 -1.042006
v -0.912500 2.488628 -1.014352
v -0.912500 2.506383 -0.979506
v -0.912500 2.506383 -0.802253
v -0.912500 2.488628 -0.767405
v -0.912500 2.460975 -0.739751
v -0.912500 2.426128 -0.721997
v -0.912500 2.387502 -0.715878
v -0.912500 2.348874 -0.721997
v -0.912500 2.314027 -0.739751
v -0.912500 2.286373 -0.767405
v -0.912500 2.268619 -0.802253
v -0.912500 2.262502 1.864122
v -0.912500 2.268620 1.902748
v -0.912500 2.262502 -0.515879
v -0.912500 2.268620 -0.554505
v -0.912500 2.286373 -0.589352
v -0.912500 2.314027 -0.617005
v -0.912500 2.286373 1.937595
v -0.912500 2.348874 -0.634761
v -0.912500 2.387502 -0.640879
v -0.912500 2.348873 1.983003
v -0.912500 2.314027 1.965248
v -0.912500 2.512502 -0.515879
v -0.912500 2.387502 1.989122
v -0.912500 2.512502 1.864122
v -0.912500 2.426128 1.983003
v -0.912500 2.488628 1.937595
v -0.912500 2.460975 1.965249
v -0.912500 2.506383 1.902748
v -0.912500 2.488628 -0.589352
v -0.912500 2.506383 -0.554505
v -0.912500 2.426128 -0.634761
v -0.912500 2.460975 -0.617005
v -0.912500 2.262502 4.994121
v -0.912500 2.262502 2.614122
v -0.912500 2.268620 5.032747
v -0.912500 2.268620 2.575494
v -0.912500 2.286373 2.540649
v -0.912500 2.314027 2.512994
v -0.912500 2.286373 5.067594
v -0.912500 2.348873 2.495239
v -0.912500 2.387502 2.489122
v -0.912500 2.348873 5.113003
v -0.912500 2.314027 5.095247
v -0.912500 2.512502 2.614122
v -0.912500 2.387502 5.119121
v -0.912500 2.512502 4.994121
v -0.912500 2.426128 5.113002
v -0.912500 2.488628 5.067594
v -0.912500 2.460975 5.095247
v -0.912500 2.506383 5.032747
v -0.912500 2.488628 2.540649
v -0.912500 2.506383 2.575494
v -0.912500 2.426128 2.495239
v -0.912500 2.460975 2.512994
v -0.912500 2.262502 8.124121
v -0.912500 2.262502 5.744121
v -0.912500 2.268620 8.162748
v -0.912500 2.286373 8.197594
v -0.912500 2.268620 5.705493
v -0.912500 2.512502 5.744121
v -0.912500 2.286373 5.670648
v -0.912500 2.387502 8.249121
v -0.912500 2.512502 8.124121
v -0.912500 2.348873 5.625238
v -0.912500 2.387502 5.619121
v -0.912500 2.314028 8.225248
v -0.912500 2.348873 8.243004
v -0.912500 2.506384 8.162748
v -0.912500 2.460975 5.642993
v -0.912500 2.488628 5.670648
v -0.912500 2.314027 5.642993
v -0.912500 2.460975 8.225248
v -0.912500 2.426128 8.243004
v -0.912500 2.488628 8.197594
v -0.912500 2.506383 5.705493
v -0.912500 2.426128 5.625238
v -0.912500 2.286373 8.800648
v -0.912500 2.262502 11.254122
v -0.912500 2.262502 8.874121
v -0.912500 2.348873 8.755239
v -0.912500 2.387502 8.749121
v -0.912500 2.268619 11.292747
v -0.912500 2.387502 11.379122
v -0.912500 2.314027 8.772995
v -0.912500 2.426128 11.373003
v -0.912500 2.488628 11.327595
v -0.912500 2.460974 11.355247
v -0.912500 2.268620 8.835493
v -0.912500 2.348873 11.373003
v -0.912500 2.314027 11.355247
v -0.912500 2.512502 8.874121
v -0.912500 2.488628 8.800648
v -0.912500 2.286373 11.327595
v -0.912500 2.512502 11.254122
v -0.912500 2.426128 8.755239
v -0.912500 2.506383 11.292747
v -0.912500 2.506383 8.835495
v -0.912500 2.460975 8.772993
v -0.912500 2.262502 14.384123
v -0.912500 2.262502 12.004122
v -0.912500 2.268619 14.422749
v -0.912500 2.387502 14.509123
v -0.912500 2.348874 11.885239
v -0.912500 2.387502 11.879122
v -0.912500 2.348873 14.503002
v -0.912500 2.314027 14.485249
v -0.912500 2.426128 14.503004
v -0.912500 2.426128 11.885239
v -0.912500 2.460975 11.902994
v -0.912500 2.268620 11.965494
v -0.912500 2.488628 14.457594
v -0.912500 2.460974 14.485249
v -0.912500 2.286373 11.930649
v -0.912500 2.314027 11.902994
v -0.912500 2.286373 14.457594
v -0.912500 2.512502 12.004122
v -0.912500 2.488628 11.930649
v -0.912500 2.506383 11.965494
v -0.912500 2.512502 14.384123
v -0.912500 2.506383 14.422749
v -0.912500 2.543752 -0.678378
v -0.912500 2.543752 2.026622
v -0.912500 2.543752 2.451621
v -0.912500 2.543752 5.156620
v -0.912500 2.543752 5.581620
v -0.912500 2.543752 8.286621
v -0.912500 2.543751 11.416620
v -0.912500 2.543751 11.841621
v -0.912500 2.543751 14.546621
v -0.912500 2.543752 14.971621
v -0.775000 2.512502 11.254122
v -0.775000 2.512502 8.874121
v -0.775000 2.268620 8.835493
v -0.775000 2.348873 8.755239
v -0.775000 2.314027 8.772995
v -0.775000 2.262502 8.874121
v -0.775000 2.488628 8.800648
v -0.775000 2.460975 8.772993
v -0.775000 2.314027 11.355247
v -0.775000 2.460974 11.355247
v -0.775000 2.488628 11.327595
v -0.775000 2.387502 11.379122
v -0.775000 2.426128 11.373003
v -0.775000 2.286373 8.800648
v -0.775000 2.426128 8.755239
v -0.775000 2.387502 8.749121
v -0.775000 2.506383 8.835495
v -0.775000 2.506383 11.292747
v -0.775000 2.348873 11.373003
v -0.775000 2.268619 11.292747
v -0.775000 2.286373 11.327595
v -0.775000 2.262502 11.254122
v -0.775000 2.512502 5.744121
v -0.775000 2.512502 8.124121
v -0.775000 2.262502 8.124121
v -0.775000 2.426128 8.243004
v -0.775000 2.460975 8.225248
v -0.775000 2.348873 8.243004
v -0.775000 2.268620 8.162748
v -0.775000 2.286373 8.197594
v -0.775000 2.348873 5.625238
v -0.775000 2.314027 5.642993
v -0.775000 2.426128 5.625238
v -0.775000 2.506383 5.705493
v -0.775000 2.488628 8.197594
v -0.775000 2.387502 8.249121
v -0.775000 2.286373 5.670648
v -0.775000 2.387502 5.619121
v -0.775000 2.488628 5.670648
v -0.775000 2.506384 8.162748
v -0.775000 2.314028 8.225248
v -0.775000 2.268620 5.705493
v -0.775000 2.460975 5.642993
v -0.775000 2.262502 5.744121
v -0.775000 2.512502 4.994121
v -0.775000 2.512502 2.614122
v -0.775000 2.314027 5.095247
v -0.775000 2.387502 5.119121
v -0.775000 2.426128 5.113002
v -0.775000 2.460975 5.095247
v -0.775000 2.268620 5.032747
v -0.775000 2.286373 5.067594
v -0.775000 2.460975 2.512994
v -0.775000 2.314027 2.512994
v -0.775000 2.286373 2.540649
v -0.775000 2.387502 2.489122
v -0.775000 2.348873 2.495239
v -0.775000 2.262502 4.994121
v -0.775000 2.488628 5.067594
v -0.775000 2.348873 5.113003
v -0.775000 2.268620 2.575494
v -0.775000 2.426128 2.495239
v -0.775000 2.262502 2.614122
v -0.775000 2.506383 2.575494
v -0.775000 2.488628 2.540649
v -0.775000 2.506383 5.032747
v -0.775000 2.512502 1.864122
v -0.775000 2.512502 -0.515879
v -0.775000 2.314027 1.965248
v -0.775000 2.387502 1.989122
v -0.775000 2.426128 1.983003
v -0.775000 2.460975 1.965249
v -0.775000 2.268620 1.902748
v -0.775000 2.286373 1.937595
v -0.775000 2.460975 -0.617005
v -0.775000 2.314027 -0.617005
v -0.775000 2.286373 -0.589352
v -0.775000 2.387502 -0.640879
v -0.775000 2.348874 -0.634761
v -0.775000 2.262502 1.864122
v -0.775000 2.488628 1.937595
v -0.775000 2.348873 1.983003
v -0.775000 2.268620 -0.554505
v -0.775000 2.426128 -0.634761
v -0.775000 2.262502 -0.515879
v -0.775000 2.506383 -0.554505
v -0.775000 2.488628 -0.589352
v -0.775000 2.506383 1.902748
v -0.775000 2.512502 14.384123
v -0.775000 2.512502 12.004122
v -0.775000 2.460974 14.485249
v -0.775000 2.314027 14.485249
v -0.775000 2.348873 14.503002
v -0.775000 2.314027 11.902994
v -0.775000 2.460975 11.902994
v -0.775000 2.426128 11.885239
v -0.775000 2.506383 11.965494
v -0.775000 2.488628 11.930649
v -0.775000 2.488628 14.457594
v -0.775000 2.387502 14.509123
v -0.775000 2.286373 11.930649
v -0.775000 2.387502 11.879122
v -0.775000 2.426128 14.503004
v -0.775000 2.268619 14.422749
v -0.775000 2.286373 14.457594
v -0.775000 2.268620 11.965494
v -0.775000 2.506383 14.422749
v -0.775000 2.262502 14.384123
v -0.775000 2.348874 11.885239
v -0.775000 2.262502 12.004122
v -0.512030 0.183416 16.934122
v -0.512030 -0.170915 16.934122
v -0.413605 -0.170915 16.934122
v -0.413605 0.183416 16.934122
v -0.413605 -0.170915 7.684120
v -0.413605 0.183416 7.684120
v -0.413605 -0.170915 6.184120
v -0.413605 0.183416 6.184120
v -0.413605 -0.170915 -3.065881
v -0.413605 0.183416 -3.065881
v -0.512030 -0.170915 -3.065881
v -0.512030 0.183416 -3.065881
v -0.512030 -0.170915 6.184120
v -0.512030 0.183416 6.184120
v -0.512030 0.183416 7.684120
v -0.512030 -0.170915 7.684120
v -0.550000 2.332339 -0.872958
v -0.550000 2.329501 -0.890879
v -0.675000 2.329501 -0.890879
v -0.550000 2.340578 -0.856787
v -0.675000 2.332339 -0.872958
v -0.550000 2.353410 -0.843957
v -0.675000 2.340578 -0.856787
v -0.550000 2.369578 -0.835719
v -0.675000 2.353410 -0.843957
v -0.550000 2.387502 -0.832881
v -0.675000 2.369578 -0.835719
v -0.550000 2.405425 -0.835719
v -0.675000 2.387502 -0.832881
v -0.550000 2.421592 -0.843957
v -0.675000 2.405425 -0.835719
v -0.550000 2.434424 -0.856787
v -0.675000 2.421592 -0.843957
v -0.550000 2.442662 -0.872958
v -0.675000 2.434424 -0.856787
v -0.550000 2.445501 -0.890879
v -0.675000 2.442662 -0.872958
v -0.550000 2.442662 -0.908803
v -0.675000 2.445501 -0.890879
v -0.550000 2.434424 -0.924971
v -0.675000 2.442662 -0.908803
v -0.550000 2.421592 -0.937804
v -0.675000 2.434424 -0.924971
v -0.550000 2.405425 -0.946042
v -0.675000 2.421592 -0.937804
v -0.550000 2.387502 -0.948880
v -0.675000 2.405425 -0.946042
v -0.550000 2.369578 -0.946042
v -0.675000 2.387502 -0.948880
v -0.550000 2.353410 -0.937804
v -0.675000 2.369578 -0.946042
v -0.550000 2.340578 -0.924971
v -0.675000 2.353410 -0.937804
v -0.550000 2.332339 -0.908803
v -0.675000 2.340578 -0.924971
v -0.675000 2.332339 -0.908803
v -0.550000 0.578957 16.633474
v -0.550000 0.562502 16.630869
v -0.550000 0.262502 16.934118
v -0.550000 0.562502 16.737368
v -0.550000 0.578957 16.734762
v -0.550000 0.531201 16.727198
v -0.550000 0.546045 16.734762
v -0.550000 0.511858 16.700575
v -0.550000 0.519421 16.715418
v -0.550000 0.531201 16.641039
v -0.550000 0.519421 16.652819
v -0.550000 0.546045 16.633474
v -0.550000 0.593801 16.641039
v -0.550000 0.613145 16.667665
v -0.550000 0.605581 16.652819
v -0.550000 1.917520 16.934118
v -0.550000 0.613145 16.700575
v -0.550000 0.615751 16.684118
v -0.550000 0.593801 16.727198
v -0.550000 0.605581 16.715418
v -0.550000 0.511857 16.667665
v -0.550000 0.509252 16.684118
v -0.550000 -1.287239 16.934118
v -0.550000 -0.562498 16.737368
v -0.550000 -0.546043 16.633474
v -0.550000 -0.562498 16.630869
v -0.550000 -0.519419 16.652819
v -0.550000 -0.531199 16.641039
v -0.550000 -0.546043 16.734762
v -0.550000 -0.578955 16.633474
v -0.550000 -0.578955 16.734762
v -0.550000 -0.605579 16.715418
v -0.550000 -0.593799 16.727198
v -0.550000 -0.511855 16.700575
v -0.550000 -0.509249 16.684118
v -0.550000 -0.605579 16.652819
v -0.550000 -0.613143 16.667665
v -0.550000 -0.593799 16.641039
v -0.550000 -0.519419 16.715418
v -0.550000 -0.531199 16.727198
v -0.550000 -0.615748 16.684118
v -0.550000 -0.511855 16.667665
v -0.550000 -0.613143 16.700575
v -0.550000 -1.969998 13.976620
v -0.550000 -2.008128 13.901787
v -0.550000 -2.033916 13.888647
v -0.550000 -1.974526 13.948036
v -0.550000 -1.987664 14.030991
v -0.550000 -1.974526 14.005205
v -0.550000 -2.312499 12.969490
v -0.550000 -2.137334 13.922249
v -0.550000 -2.150472 13.948036
v -0.550000 -2.091084 13.888647
v -0.550000 -2.116870 13.901787
v -0.550000 -2.062499 13.884121
v -0.550000 -1.987664 13.922251
v -0.550000 -2.033914 14.064592
v -0.550000 -2.008128 14.051455
v -0.550000 -2.312499 14.089548
v -0.550000 -2.091083 14.064592
v -0.550000 -2.062499 14.069120
v -0.550000 -2.116870 14.051455
v -0.550000 -2.137334 14.030991
v -0.550000 -2.154998 13.976620
v -0.550000 -2.150472 14.005203
v -0.550000 -2.312499 12.839621
v -0.550000 -1.969998 12.411621
v -0.550000 -2.008128 12.336786
v -0.550000 -2.033915 12.323647
v -0.550000 -1.974526 12.383036
v -0.550000 -1.987664 12.465990
v -0.550000 -1.974526 12.440205
v -0.550000 -2.312499 11.717447
v -0.550000 -2.150472 12.383036
v -0.550000 -2.154999 12.411619
v -0.550000 -2.091084 12.323647
v -0.550000 -2.116870 12.336786
v -0.550000 -2.062499 12.319120
v -0.550000 -1.987664 12.357250
v -0.550000 -2.033915 12.499594
v -0.550000 -2.008128 12.486454
v -0.550000 -2.312499 12.709753
v -0.550000 -2.091084 12.499594
v -0.550000 -2.137334 12.357250
v -0.550000 -2.062499 12.504120
v -0.550000 -2.116870 12.486454
v -0.550000 -2.137334 12.465990
v -0.550000 -2.150472 12.440205
v -0.550000 2.637501 11.717447
v -0.550000 2.442663 11.647043
v -0.550000 2.445501 11.629120
v -0.550000 2.637501 11.570194
v -0.550000 2.442663 11.611197
v -0.550000 2.434424 11.595030
v -0.550000 2.421592 11.676043
v -0.550000 2.434424 11.663212
v -0.550000 2.353409 11.582197
v -0.550000 2.340578 11.595030
v -0.550000 2.387501 11.571119
v -0.550000 2.421593 11.582197
v -0.550000 2.405425 11.573959
v -0.550000 2.332339 11.611197
v -0.550000 2.369578 11.573959
v -0.550000 2.387501 11.687120
v -0.550000 2.405425 11.684280
v -0.550000 2.369578 11.684280
v -0.550000 2.332339 11.647043
v -0.550000 2.340578 11.663212
v -0.550000 2.329501 11.629120
v -0.550000 2.353409 11.676043
v -0.550000 2.637502 11.472399
v -0.550000 -2.312499 11.570194
v -0.550000 -2.033915 10.934593
v -0.550000 -2.008128 10.921453
v -0.550000 -1.974526 10.818037
v -0.550000 -1.987664 10.792250
v -0.550000 -1.974526 10.875204
v -0.550000 -1.969998 10.846621
v -0.550000 -1.987664 10.900990
v -0.550000 -2.062499 10.754120
v -0.550000 -2.091084 10.758646
v -0.550000 -2.312499 11.472399
v -0.550000 -2.091084 10.934593
v -0.550000 -2.062499 10.939119
v -0.550000 -2.312499 10.607288
v -0.550000 -2.008128 10.771786
v -0.550000 -2.033915 10.758646
v -0.550000 -2.116870 10.921453
v -0.550000 -2.116870 10.771786
v -0.550000 -2.137334 10.792250
v -0.550000 -2.150472 10.818037
v -0.550000 -2.150472 10.875204
v -0.550000 -2.137334 10.900990
v -0.550000 -2.154999 10.846621
v -0.550000 -2.312499 10.477421
v -0.550000 -2.312499 10.347551
v -0.550000 -2.033915 9.369593
v -0.550000 -2.008128 9.356455
v -0.550000 -1.974526 9.253036
v -0.550000 -1.987664 9.227249
v -0.550000 -1.969998 9.281620
v -0.550000 -1.987664 9.335991
v -0.550000 -1.974526 9.310204
v -0.550000 -2.312499 8.651323
v -0.550000 -2.062499 9.189119
v -0.550000 -2.312499 9.379847
v -0.550000 -2.091084 9.369593
v -0.550000 -2.062499 9.374121
v -0.550000 -2.137334 9.227251
v -0.550000 -2.150472 9.253036
v -0.550000 -2.091084 9.193647
v -0.550000 -2.008128 9.206785
v -0.550000 -2.033915 9.193647
v -0.550000 -2.116870 9.356455
v -0.550000 -2.116870 9.206785
v -0.550000 -2.150472 9.310204
v -0.550000 -2.137334 9.335991
v -0.550000 -2.154999 9.281620
v -0.550000 2.637502 8.275967
v -0.550000 2.637502 8.651323
v -0.550000 2.445501 8.499121
v -0.550000 2.442662 8.481197
v -0.550000 2.434424 8.465029
v -0.550000 2.442662 8.517042
v -0.550000 2.421593 8.546043
v -0.550000 2.434424 8.533213
v -0.550000 2.332339 8.481197
v -0.550000 2.329501 8.499121
v -0.550000 2.353409 8.452196
v -0.550000 2.340578 8.465029
v -0.550000 2.387502 8.441120
v -0.550000 2.421593 8.452196
v -0.550000 2.405424 8.443958
v -0.550000 2.369578 8.443958
v -0.550000 2.387502 8.557121
v -0.550000 2.405425 8.554281
v -0.550000 2.369578 8.554281
v -0.550000 2.332339 8.517042
v -0.550000 2.340578 8.533213
v -0.550000 2.353409 8.546043
v -0.550000 -2.312499 8.275967
v -0.550000 -1.434945 8.077038
v -0.550000 -1.449317 8.062666
v -0.550000 -1.507573 8.053440
v -0.550000 -1.525681 8.062666
v -0.550000 -1.467425 8.053440
v -0.550000 -1.422539 8.115221
v -0.550000 -1.467425 8.177002
v -0.550000 -1.449317 8.167774
v -0.550000 -1.540053 8.077038
v -0.550000 -1.487498 8.050261
v -0.550000 -1.425717 8.095146
v -0.550000 -1.425717 8.135294
v -0.550000 -1.487498 8.180182
v -0.550000 -1.507573 8.177002
v -0.550000 -1.540053 8.153402
v -0.550000 -1.525681 8.167774
v -0.550000 -1.549281 8.095146
v -0.550000 -1.552460 8.115221
v -0.550000 -1.434945 8.153402
v -0.550000 -1.549281 8.135294
v -0.550000 -2.312499 8.211058
v -0.550000 -2.033915 7.804594
v -0.550000 -2.008128 7.791454
v -0.550000 -1.974526 7.688036
v -0.550000 -1.987664 7.662250
v -0.550000 -1.969998 7.716619
v -0.550000 -1.987664 7.770990
v -0.550000 -1.974526 7.745204
v -0.550000 -2.312499 6.934119
v -0.550000 -2.062499 7.624120
v -0.550000 -2.312499 7.985351
v -0.550000 -2.091084 7.804594
v -0.550000 -2.091084 7.628647
v -0.550000 -2.008128 7.641786
v -0.550000 -2.033915 7.628647
v -0.550000 -2.062499 7.809120
v -0.550000 -2.116870 7.791454
v -0.550000 -2.150472 7.688036
v -0.550000 -2.116870 7.641786
v -0.550000 -2.137334 7.662250
v -0.550000 -2.150472 7.745204
v -0.550000 -2.137334 7.770990
v -0.550000 -2.154999 7.716619
v -0.550000 -1.974526 6.180203
v -0.550000 -1.969998 6.151620
v -0.550000 -1.974526 6.123035
v -0.550000 -1.987664 6.205990
v -0.550000 -2.008128 6.226454
v -0.550000 -2.312498 5.882889
v -0.550000 -2.137334 6.097250
v -0.550000 -2.150472 6.123035
v -0.550000 -2.062499 6.059119
v -0.550000 -2.091084 6.063646
v -0.550000 -2.008128 6.076786
v -0.550000 -2.033915 6.063646
v -0.550000 -1.987664 6.097250
v -0.550000 -2.154999 6.151620
v -0.550000 -2.150472 6.180203
v -0.550000 -2.116870 6.076786
v -0.550000 -2.062499 6.244120
v -0.550000 -2.033915 6.239593
v -0.550000 -2.091084 6.239593
v -0.550000 -2.116870 6.226454
v -0.550000 -2.137334 6.205990
v -0.550000 -2.312498 5.753019
v -0.550000 -2.312499 5.649998
v -0.550000 2.637502 5.209731
v -0.550000 2.637502 5.492682
v -0.550000 2.445501 5.369120
v -0.550000 2.442662 5.387042
v -0.550000 2.434424 5.335029
v -0.550000 2.421593 5.322196
v -0.550000 2.442662 5.351196
v -0.550000 2.332339 5.351196
v -0.550000 2.329501 5.369120
v -0.550000 2.369578 5.313958
v -0.550000 2.353409 5.322196
v -0.550000 2.387502 5.311119
v -0.550000 2.405424 5.313958
v -0.550000 2.434424 5.403212
v -0.550000 2.405424 5.424280
v -0.550000 2.421593 5.416042
v -0.550000 2.340578 5.335029
v -0.550000 2.387502 5.427119
v -0.550000 2.369578 5.424281
v -0.550000 2.340578 5.403212
v -0.550000 2.353409 5.416042
v -0.550000 2.332339 5.387042
v -0.550000 -2.312499 5.492682
v -0.550000 -1.974526 4.615203
v -0.550000 -1.969998 4.586619
v -0.550000 -1.974526 4.558036
v -0.550000 -1.987664 4.640989
v -0.550000 -2.008128 4.661453
v -0.550000 -2.312499 4.488394
v -0.550000 -2.137334 4.532249
v -0.550000 -2.150472 4.558036
v -0.550000 -2.062499 4.494120
v -0.550000 -2.008128 4.511786
v -0.550000 -2.033915 4.498647
v -0.550000 -1.987664 4.532250
v -0.550000 -2.312499 5.209732
v -0.550000 -2.150472 4.615203
v -0.550000 -2.116869 4.511786
v -0.550000 -2.091084 4.498647
v -0.550000 -2.062499 4.679120
v -0.550000 -2.033915 4.674592
v -0.550000 -2.091084 4.674592
v -0.550000 -2.154999 4.586619
v -0.550000 -2.116870 4.661453
v -0.550000 -2.137334 4.640989
v -0.550000 -2.312499 3.520688
v -0.550000 -2.312499 3.390820
v -0.550000 -1.969998 3.021620
v -0.550000 -1.974526 3.050204
v -0.550000 -1.974526 2.993036
v -0.550000 -1.987664 3.075990
v -0.550000 -2.312499 3.260951
v -0.550000 -2.312499 2.298047
v -0.550000 -2.150472 2.993036
v -0.550000 -2.008129 3.096454
v -0.550000 -2.137334 2.967250
v -0.550000 -2.062499 2.929120
v -0.550000 -2.008128 2.946786
v -0.550000 -2.033915 2.933647
v -0.550000 -1.987664 2.967250
v -0.550000 -2.116870 2.946786
v -0.550000 -2.091084 2.933647
v -0.550000 -2.062499 3.114120
v -0.550000 -2.033915 3.109594
v -0.550000 -2.091084 3.109594
v -0.550000 -2.154999 3.021620
v -0.550000 -2.150472 3.050204
v -0.550000 -2.116870 3.096454
v -0.550000 -2.137334 3.075990
v -0.550000 2.637502 2.150794
v -0.550000 2.637502 2.298047
v -0.550000 2.445501 2.239120
v -0.550000 2.442662 2.257043
v -0.550000 2.434424 2.205030
v -0.550000 2.421593 2.192197
v -0.550000 2.442662 2.221196
v -0.550000 2.332339 2.221197
v -0.550000 2.329501 2.239120
v -0.550000 2.369578 2.183959
v -0.550000 2.353409 2.192197
v -0.550000 2.387502 2.181121
v -0.550000 2.405424 2.183959
v -0.550000 2.434424 2.273212
v -0.550000 2.405424 2.294281
v -0.550000 2.421593 2.286044
v -0.550000 2.387502 2.297120
v -0.550000 2.340578 2.205030
v -0.550000 2.340578 2.273212
v -0.550000 2.353409 2.286043
v -0.550000 2.369578 2.294281
v -0.550000 2.332339 2.257043
v -0.550000 2.637502 2.047609
v -0.550000 -2.312499 2.150794
v -0.550000 -1.974526 1.485204
v -0.550000 -1.969998 1.456620
v -0.550000 -1.974526 1.428036
v -0.550000 -1.987664 1.510990
v -0.550000 -2.008128 1.531454
v -0.550000 -2.312499 1.158489
v -0.550000 -2.137334 1.402250
v -0.550000 -2.150472 1.428036
v -0.550000 -2.062499 1.364120
v -0.550000 -2.091084 1.368648
v -0.550000 -2.008128 1.381786
v -0.550000 -2.033915 1.368648
v -0.550000 -1.987664 1.402250
v -0.550000 -2.312499 2.047609
v -0.550000 -2.154999 1.456620
v -0.550000 -2.116870 1.381786
v -0.550000 -2.062499 1.549120
v -0.550000 -2.033915 1.544593
v -0.550000 -2.091084 1.544593
v -0.550000 -2.150472 1.485204
v -0.550000 -2.116870 1.531454
v -0.550000 -2.137334 1.510990
v -0.550000 -2.312499 1.028620
v -0.550000 -1.974526 -0.079795
v -0.550000 -1.969998 -0.108380
v -0.550000 -1.974526 -0.136964
v -0.550000 -1.987664 -0.054009
v -0.550000 -2.008129 -0.033545
v -0.550000 -2.312499 -0.221307
v -0.550000 -2.137334 -0.162751
v -0.550000 -2.150472 -0.136964
v -0.550000 -2.062499 -0.200879
v -0.550000 -2.008128 -0.183213
v -0.550000 -2.033916 -0.196353
v -0.550000 -1.987664 -0.162749
v -0.550000 -2.312499 0.898751
v -0.550000 -2.150472 -0.079797
v -0.550000 -2.116870 -0.183213
v -0.550000 -2.091084 -0.196353
v -0.550000 -2.062498 -0.015879
v -0.550000 -2.033915 -0.020407
v -0.550000 -2.091084 -0.020407
v -0.550000 -2.154999 -0.108380
v -0.550000 -2.116869 -0.033545
v -0.550000 -2.137334 -0.054009
v -0.550000 0.262502 -3.065881
v -0.550000 -0.509249 -2.815881
v -0.550000 -0.511855 -2.832337
v -0.550000 -0.519419 -2.784581
v -0.550000 -0.511855 -2.799426
v -0.550000 -0.738413 -2.729127
v -0.550000 -0.613142 -2.799426
v -0.550000 -0.605579 -2.784581
v -0.550000 -1.287239 -3.065881
v -0.550000 -0.613142 -2.832337
v -0.550000 -0.615748 -2.815881
v -0.550000 -0.546043 -2.866524
v -0.550000 -0.562498 -2.869130
v -0.550000 -0.519419 -2.847180
v -0.550000 -0.531199 -2.772801
v -0.550000 -0.729228 -2.712571
v -0.550000 -0.769130 -2.750512
v -0.550000 -0.605579 -2.847180
v -0.550000 -0.531199 -2.858960
v -0.550000 -0.562498 -2.762631
v -0.550000 -0.752132 -2.742173
v -0.550000 -0.787845 -2.753381
v -0.550000 -0.593799 -2.858960
v -0.550000 -0.578955 -2.866524
v -0.550000 -0.546043 -2.765237
v -0.550000 -1.287239 -2.753381
v -0.550000 -0.593799 -2.772801
v -0.550000 -0.578955 -2.765237
v -0.550000 1.917520 -3.065881
v -0.550000 1.887502 -2.753381
v -0.550000 0.615751 -2.815881
v -0.550000 0.825059 -2.742944
v -0.550000 0.811489 -2.730729
v -0.550000 1.906814 -2.750321
v -0.550000 0.841578 -2.750714
v -0.550000 0.859638 -2.753381
v -0.550000 0.578957 -2.866524
v -0.550000 1.924237 -2.741444
v -0.550000 0.511858 -2.832337
v -0.550000 0.531201 -2.858960
v -0.550000 0.519421 -2.847180
v -0.550000 0.562502 -2.869130
v -0.550000 0.546045 -2.866524
v -0.550000 0.593801 -2.858960
v -0.550000 0.613145 -2.832337
v -0.550000 0.605581 -2.847180
v -0.550000 0.613145 -2.799426
v -0.550000 0.802029 -2.715115
v -0.550000 0.593801 -2.772801
v -0.550000 0.605581 -2.784581
v -0.550000 0.546045 -2.765237
v -0.550000 0.562502 -2.762631
v -0.550000 0.578957 -2.765237
v -0.550000 0.531201 -2.772801
v -0.550000 0.511858 -2.799426
v -0.550000 0.519421 -2.784581
v -0.550000 0.509252 -2.815881
v -0.550000 0.841578 16.618952
v -0.550000 0.859638 16.621618
v -0.550000 1.887501 16.621618
v -0.550000 0.811489 16.598967
v -0.550000 0.825059 16.611181
v -0.550000 0.802029 16.583357
v -0.550000 1.906814 16.618559
v -0.550000 -0.787845 16.621618
v -0.550000 -1.287239 16.621618
v -0.550000 -0.769130 16.618753
v -0.550000 -0.752132 16.610411
v -0.550000 -0.738413 16.597364
v -0.550000 -1.424998 16.534121
v -0.550000 -1.424998 16.559118
v -0.550000 -1.421941 16.578432
v -0.550000 -1.362498 16.621618
v -0.550000 -1.381812 16.618563
v -0.550000 -1.399236 16.609682
v -0.550000 -1.413062 16.595858
v -0.550000 1.576253 12.902121
v -0.550000 1.593651 12.904591
v -0.550000 1.609673 12.911806
v -0.550000 1.637951 12.954638
v -0.550000 1.623053 12.923195
v -0.550000 1.632734 12.937859
v -0.550000 1.638291 12.972206
v -0.550000 -1.107733 12.937859
v -0.550000 -1.112950 12.954638
v -0.550000 -1.098052 12.923195
v -0.550000 0.262501 12.902121
v -0.550000 -1.051252 12.902121
v -0.550000 -1.084672 12.911806
v -0.550000 -1.068650 12.904591
v -0.550000 -1.112949 15.086802
v -0.550000 -1.107733 15.103580
v -0.550000 -1.113290 15.069233
v -0.550000 -1.099620 15.037239
v -0.550000 -1.108727 15.052265
v -0.550000 -1.098052 15.118246
v -0.550000 -1.084672 15.129635
v -0.550000 -1.086691 15.025339
v -0.550000 -1.051251 15.139320
v -0.550000 -1.068649 15.136850
v -0.550000 1.576254 15.139320
v -0.550000 1.593651 15.136850
v -0.550000 0.262502 15.139320
v -0.550000 1.638291 15.069235
v -0.550000 1.633728 15.052265
v -0.550000 1.624621 15.037239
v -0.550000 1.637951 15.086802
v -0.550000 1.623054 15.118246
v -0.550000 1.632734 15.103582
v -0.550000 1.609674 15.129635
v -0.550000 0.077486 14.072203
v -0.550000 0.227062 14.120991
v -0.550000 0.243945 14.112791
v -0.550000 -1.281987 15.004393
v -0.550000 -1.264561 14.996025
v -0.550000 0.262501 14.109974
v -0.550000 0.099247 13.995531
v -0.550000 0.090197 13.980871
v -0.550000 0.227062 13.920448
v -0.550000 0.243945 13.928650
v -0.550000 0.103951 14.012106
v -0.550000 0.103951 14.029335
v -0.550000 0.077486 13.969238
v -0.550000 -1.264561 13.045414
v -0.550000 -1.086691 13.016102
v -0.550000 0.090197 14.060570
v -0.550000 0.099247 14.045910
v -0.550000 -1.099620 13.004204
v -0.550000 -1.113290 12.972206
v -0.550000 -1.108727 12.989176
v -0.550000 -1.281987 13.037048
v -0.550000 -1.362499 13.096897
v -0.550000 -1.359510 13.077799
v -0.550000 -1.337285 13.046736
v -0.550000 -1.350829 13.060528
v -0.550000 -1.320175 13.037743
v -0.550000 -1.301135 13.034407
v -0.550000 0.447515 14.072203
v -0.550000 0.297939 14.120991
v -0.550000 0.281056 14.112791
v -0.550000 1.789562 14.996025
v -0.550000 1.611692 15.025339
v -0.550000 1.887502 14.944544
v -0.550000 1.862287 14.994705
v -0.550000 1.875831 14.980913
v -0.550000 1.826137 15.007034
v -0.550000 1.884512 14.963642
v -0.550000 1.845177 15.003698
v -0.550000 1.806989 15.004393
v -0.550000 0.281056 13.928650
v -0.550000 0.421050 14.012106
v -0.550000 0.421050 14.029335
v -0.550000 0.425755 13.995531
v -0.550000 0.425755 14.045910
v -0.550000 0.297939 13.920448
v -0.550000 0.447515 13.969238
v -0.550000 1.611692 13.016102
v -0.550000 0.434805 13.980871
v -0.550000 1.789562 13.045414
v -0.550000 1.806988 13.037048
v -0.550000 0.434805 14.060570
v -0.550000 1.624621 13.004204
v -0.550000 1.633728 12.989176
v -0.550000 0.262501 13.931467
v -0.550000 1.826136 13.034407
v -0.550000 1.887502 14.089548
v -0.550000 1.887502 13.096897
v -0.550000 1.845176 13.037743
v -0.550000 1.875830 13.060528
v -0.550000 1.862286 13.046736
v -0.550000 1.884511 13.077799
v -0.550000 1.637951 10.592438
v -0.550000 1.623053 10.560995
v -0.550000 1.609674 10.549604
v -0.550000 1.632734 10.575659
v -0.550000 1.576253 10.539921
v -0.550000 1.593651 10.542389
v -0.550000 1.638291 10.610006
v -0.550000 -1.107733 10.575659
v -0.550000 -1.112950 10.592438
v -0.550000 -1.084672 10.549604
v -0.550000 -1.098052 10.560995
v -0.550000 0.262501 10.539921
v -0.550000 -1.051251 10.539921
v -0.550000 -1.068650 10.542391
v -0.550000 -1.051252 12.777121
v -0.550000 -1.107733 12.741381
v -0.550000 -1.098052 12.756044
v -0.550000 -1.112950 12.724602
v -0.550000 -1.068650 12.774651
v -0.550000 -1.084672 12.767435
v -0.550000 -1.113290 12.707033
v -0.550000 0.262501 12.777121
v -0.550000 1.576253 12.777121
v -0.550000 1.593651 12.774651
v -0.550000 1.609673 12.767435
v -0.550000 1.632734 12.741381
v -0.550000 1.637951 12.724602
v -0.550000 1.623053 12.756044
v -0.550000 -1.362499 11.472399
v -0.550000 -1.362499 11.570194
v -0.550000 -1.362499 11.717447
v -0.550000 -1.362499 12.582344
v -0.550000 -1.337285 12.632504
v -0.550000 -1.350829 12.618711
v -0.550000 -1.359510 12.601442
v -0.550000 -1.320175 12.641499
v -0.550000 -1.301135 12.644835
v -0.550000 -1.264561 12.633825
v -0.550000 -1.108727 12.690065
v -0.550000 0.077486 11.710003
v -0.550000 0.227062 11.758791
v -0.550000 -1.086691 12.663137
v -0.550000 -1.281987 12.642193
v -0.550000 0.243945 11.750591
v -0.550000 -1.099620 12.675037
v -0.550000 0.262501 11.747774
v -0.550000 0.103951 11.667135
v -0.550000 0.103951 11.649906
v -0.550000 0.099247 11.633331
v -0.550000 0.090196 11.618671
v -0.550000 0.090196 11.698370
v -0.550000 0.099247 11.683710
v -0.550000 0.077486 11.607038
v -0.550000 0.243945 11.566450
v -0.550000 0.227062 11.558249
v -0.550000 -1.264561 10.683214
v -0.550000 -1.113290 10.610006
v -0.550000 -1.086691 10.653902
v -0.550000 -1.108727 10.626976
v -0.550000 -1.099620 10.642004
v -0.550000 -1.281987 10.674849
v -0.550000 -1.362498 10.734695
v -0.550000 -1.320175 10.675541
v -0.550000 -1.337285 10.684536
v -0.550000 -1.359509 10.715599
v -0.550000 -1.301135 10.672207
v -0.550000 -1.350829 10.698328
v -0.550000 0.447515 11.710003
v -0.550000 1.789562 12.633825
v -0.550000 1.611692 12.663137
v -0.550000 0.297939 11.758791
v -0.550000 0.281056 11.750591
v -0.550000 1.624621 12.675037
v -0.550000 1.633728 12.690065
v -0.550000 1.638291 12.707035
v -0.550000 1.806988 12.642193
v -0.550000 1.826136 12.644835
v -0.550000 1.887501 12.582344
v -0.550000 1.884511 12.601442
v -0.550000 1.845176 12.641499
v -0.550000 1.862286 12.632504
v -0.550000 1.875830 12.618711
v -0.550000 1.887501 11.717447
v -0.550000 1.887501 11.570194
v -0.550000 0.447515 11.607038
v -0.550000 0.297939 11.558249
v -0.550000 1.611692 10.653902
v -0.550000 1.887501 11.472399
v -0.550000 1.887501 10.734695
v -0.550000 1.789562 10.683214
v -0.550000 1.806988 10.674849
v -0.550000 1.624621 10.642004
v -0.550000 1.884511 10.715599
v -0.550000 1.633728 10.626976
v -0.550000 1.826136 10.672207
v -0.550000 1.862286 10.684536
v -0.550000 1.845176 10.675541
v -0.550000 1.875830 10.698328
v -0.550000 0.262501 11.569267
v -0.550000 0.281056 11.566450
v -0.550000 0.421050 11.649906
v -0.550000 0.421050 11.667135
v -0.550000 0.425754 11.683710
v -0.550000 0.434805 11.698370
v -0.550000 0.425754 11.633331
v -0.550000 0.434805 11.618671
v -0.550000 1.638291 8.247807
v -0.550000 1.633728 8.264774
v -0.550000 1.624621 8.279802
v -0.550000 1.637951 8.230238
v -0.550000 -1.112950 8.230238
v -0.550000 -1.113290 8.247807
v -0.550000 -1.108727 8.264774
v -0.550000 -1.107733 8.213459
v -0.550000 -1.112950 10.362402
v -0.550000 -1.107733 10.379181
v -0.550000 -1.098052 10.393845
v -0.550000 -1.113290 10.344833
v -0.550000 -1.051251 10.414921
v -0.550000 -1.068650 10.412451
v -0.550000 -1.084672 10.405235
v -0.550000 1.632734 10.379181
v -0.550000 1.637951 10.362402
v -0.550000 1.609673 10.405235
v -0.550000 1.623054 10.393845
v -0.550000 0.262502 10.414921
v -0.550000 1.576253 10.414921
v -0.550000 1.593651 10.412451
v -0.550000 -1.362498 8.651323
v -0.550000 -1.362498 9.379847
v -0.550000 -1.337285 10.270304
v -0.550000 -1.362498 10.220144
v -0.550000 -1.320175 10.279299
v -0.550000 -1.350829 10.256512
v -0.550000 -1.359509 10.239243
v -0.550000 -1.301135 10.282635
v -0.550000 0.077486 9.347801
v -0.550000 0.227062 9.396591
v -0.550000 -1.086691 10.300938
v -0.550000 -1.264561 10.271626
v -0.550000 -1.108727 10.327866
v -0.550000 0.243945 9.388391
v -0.550000 -1.281987 10.279991
v -0.550000 -1.099620 10.312838
v -0.550000 0.262502 9.385572
v -0.550000 0.077486 9.244839
v -0.550000 -1.264561 8.321014
v -0.550000 -1.086691 8.291702
v -0.550000 0.227062 9.196049
v -0.550000 0.090197 9.256472
v -0.550000 0.099247 9.271132
v -0.550000 0.243945 9.204248
v -0.550000 0.103951 9.287706
v -0.550000 0.103951 9.304935
v -0.550000 0.090197 9.336170
v -0.550000 0.099247 9.321508
v -0.550000 -1.099620 8.279802
v -0.550000 -1.362498 8.372496
v -0.550000 -1.320175 8.313343
v -0.550000 -1.359509 8.353399
v -0.550000 -1.301135 8.310007
v -0.550000 -1.350829 8.336128
v -0.550000 -1.337285 8.322336
v -0.550000 -1.281987 8.312649
v -0.550000 0.447515 9.347801
v -0.550000 1.789562 10.271626
v -0.550000 1.611692 10.300938
v -0.550000 1.624621 10.312838
v -0.550000 1.887501 10.220144
v -0.550000 0.297939 9.396591
v -0.550000 1.884511 10.239243
v -0.550000 1.633728 10.327866
v -0.550000 1.638291 10.344833
v -0.550000 1.875831 10.256512
v -0.550000 0.281056 9.388391
v -0.550000 1.806988 10.279991
v -0.550000 1.862287 10.270304
v -0.550000 1.826137 10.282635
v -0.550000 1.845177 10.279299
v -0.550000 1.887501 9.379847
v -0.550000 1.887501 8.651323
v -0.550000 1.887501 8.372496
v -0.550000 1.884511 8.353399
v -0.550000 1.806988 8.312649
v -0.550000 1.789562 8.321014
v -0.550000 1.826136 8.310007
v -0.550000 1.862286 8.322336
v -0.550000 1.845176 8.313341
v -0.550000 1.875830 8.336128
v -0.550000 0.281056 9.204248
v -0.550000 0.421050 9.287706
v -0.550000 0.425755 9.271132
v -0.550000 0.447515 9.244839
v -0.550000 0.297939 9.196049
v -0.550000 1.611692 8.291702
v -0.550000 0.425755 9.321508
v -0.550000 0.434805 9.336170
v -0.550000 0.421050 9.304935
v -0.550000 0.434805 9.256472
v -0.550000 0.262502 9.207067
v -0.550000 1.576253 5.815519
v -0.550000 1.637951 5.868037
v -0.550000 1.593651 5.817989
v -0.550000 1.623054 5.836595
v -0.550000 1.609674 5.825205
v -0.550000 1.632734 5.851258
v -0.550000 1.638291 5.885606
v -0.550000 -1.107733 5.851258
v -0.550000 -1.112950 5.868037
v -0.550000 0.262501 5.815519
v -0.550000 -1.051251 5.815519
v -0.550000 -1.098052 5.836595
v -0.550000 -1.068650 5.817989
v -0.550000 -1.084672 5.825205
v -0.550000 0.262501 8.177719
v -0.550000 -1.051251 8.177721
v -0.550000 -1.051251 8.052721
v -0.550000 -1.068650 8.180189
v -0.550000 -1.107733 8.016981
v -0.550000 -1.098052 8.031645
v -0.550000 -1.098052 8.198795
v -0.550000 -1.112950 8.000202
v -0.550000 -1.084672 8.187405
v -0.550000 0.262501 8.052719
v -0.550000 -1.113290 7.982633
v -0.550000 -1.068650 8.050249
v -0.550000 -1.084672 8.043036
v -0.550000 1.593651 8.180189
v -0.550000 1.609674 8.043036
v -0.550000 1.623054 8.031645
v -0.550000 1.576253 8.052719
v -0.550000 1.576253 8.177719
v -0.550000 1.623054 8.198795
v -0.550000 1.609674 8.187405
v -0.550000 1.632734 8.016981
v -0.550000 1.637951 8.000202
v -0.550000 1.632734 8.213459
v -0.550000 1.593651 8.050249
v -0.550000 1.638291 7.982633
v -0.550000 -1.337285 7.908103
v -0.550000 -1.362498 6.934119
v -0.550000 -1.362498 7.857944
v -0.550000 -1.320175 7.917099
v -0.550000 -1.350829 7.894311
v -0.550000 -1.359509 7.877042
v -0.550000 -1.301135 7.920434
v -0.550000 0.077486 6.985601
v -0.550000 0.227062 7.034390
v -0.550000 -1.086691 7.938737
v -0.550000 0.243945 7.026191
v -0.550000 0.099247 6.959309
v -0.550000 0.103951 6.942735
v -0.550000 -1.264561 7.909425
v -0.550000 0.090197 6.973969
v -0.550000 -1.108727 7.965665
v -0.550000 -1.099620 7.950637
v -0.550000 -1.281987 7.917791
v -0.550000 0.262501 7.023373
v -0.550000 0.077486 6.882638
v -0.550000 -1.264561 5.958814
v -0.550000 -1.086691 5.929502
v -0.550000 0.227062 6.833849
v -0.550000 0.090197 6.894271
v -0.550000 0.099247 6.908931
v -0.550000 0.243945 6.842049
v -0.550000 0.103951 6.925506
v -0.550000 -1.099620 5.917603
v -0.550000 -1.113290 5.885606
v -0.550000 -1.108727 5.902575
v -0.550000 -1.281987 5.950448
v -0.550000 -1.362498 6.010296
v -0.550000 -1.359510 5.991199
v -0.550000 -1.320175 5.951141
v -0.550000 -1.337285 5.960135
v -0.550000 -1.350829 5.973927
v -0.550000 -1.301135 5.947806
v -0.550000 0.447515 6.882638
v -0.550000 0.297939 6.833849
v -0.550000 1.611692 5.929502
v -0.550000 1.789562 5.958814
v -0.550000 0.425755 6.908931
v -0.550000 0.281056 6.842049
v -0.550000 0.434805 6.894271
v -0.550000 0.421050 6.925506
v -0.550000 1.624621 5.917603
v -0.550000 1.806988 5.950448
v -0.550000 1.887501 6.934119
v -0.550000 1.887501 6.010296
v -0.550000 1.633728 5.902575
v -0.550000 1.826136 5.947806
v -0.550000 1.884511 5.991199
v -0.550000 1.875830 5.973927
v -0.550000 0.262501 6.844867
v -0.550000 1.845176 5.951141
v -0.550000 1.862286 5.960135
v -0.550000 0.447515 6.985601
v -0.550000 1.789562 7.909425
v -0.550000 1.611692 7.938737
v -0.550000 0.297939 7.034390
v -0.550000 0.434805 6.973969
v -0.550000 1.624621 7.950637
v -0.550000 0.425755 6.959309
v -0.550000 0.281056 7.026191
v -0.550000 0.421050 6.942735
v -0.550000 1.887501 7.857944
v -0.550000 1.633728 7.965665
v -0.550000 1.884511 7.877042
v -0.550000 1.826136 7.920433
v -0.550000 1.845176 7.917097
v -0.550000 1.806988 7.917791
v -0.550000 1.875830 7.894311
v -0.550000 1.862286 7.908103
v -0.550000 1.576253 3.453320
v -0.550000 1.637951 3.505838
v -0.550000 1.593651 3.455790
v -0.550000 1.623054 3.474395
v -0.550000 1.609674 3.463005
v -0.550000 1.632734 3.489059
v -0.550000 1.638291 3.523405
v -0.550000 -1.107733 3.489059
v -0.550000 -1.112949 3.505838
v -0.550000 0.262502 3.453320
v -0.550000 -1.051251 3.453321
v -0.550000 -1.098052 3.474395
v -0.550000 -1.068649 3.455791
v -0.550000 -1.084672 3.463005
v -0.550000 -1.051251 5.690519
v -0.550000 -1.068650 5.688049
v -0.550000 -1.098052 5.669444
v -0.550000 -1.084672 5.680835
v -0.550000 -1.107733 5.654780
v -0.550000 1.623054 5.669444
v -0.550000 1.632734 5.654780
v -0.550000 1.593651 5.688049
v -0.550000 1.609674 5.680835
v -0.550000 0.262501 5.690519
v -0.550000 1.576253 5.690519
v -0.550000 -1.362498 4.488394
v -0.550000 -1.362499 5.209732
v -0.550000 -1.362498 5.492682
v -0.550000 -1.362498 5.495744
v -0.550000 -1.337285 5.545903
v -0.550000 -1.350829 5.532112
v -0.550000 -1.359510 5.514842
v -0.550000 -1.320175 5.554897
v -0.550000 -1.301135 5.558233
v -0.550000 -1.281987 5.555592
v -0.550000 -1.113290 5.620434
v -0.550000 -1.264561 5.547226
v -0.550000 -1.086691 5.576537
v -0.550000 -1.099620 5.588437
v -0.550000 -1.112949 5.638001
v -0.550000 -1.108727 5.603464
v -0.550000 0.103951 4.563306
v -0.550000 0.099247 4.546731
v -0.550000 0.090197 4.532070
v -0.550000 0.243945 4.663991
v -0.550000 0.103951 4.580535
v -0.550000 0.099247 4.597109
v -0.550000 0.227062 4.672191
v -0.550000 0.090197 4.611770
v -0.550000 0.077486 4.623402
v -0.550000 0.262502 4.661172
v -0.550000 0.077486 4.520437
v -0.550000 -1.264561 3.596614
v -0.550000 -1.086691 3.567302
v -0.550000 -1.099620 3.555403
v -0.550000 0.227062 4.471648
v -0.550000 -1.113290 3.523406
v -0.550000 -1.108727 3.540375
v -0.550000 0.243945 4.479848
v -0.550000 -1.281987 3.588248
v -0.550000 -1.362499 3.648095
v -0.550000 -1.359509 3.628999
v -0.550000 -1.320175 3.588942
v -0.550000 -1.337285 3.597936
v -0.550000 -1.350829 3.611728
v -0.550000 -1.301135 3.585607
v -0.550000 1.875830 5.532111
v -0.550000 1.884511 5.514841
v -0.550000 1.789562 5.547225
v -0.550000 1.633728 5.603464
v -0.550000 1.624621 5.588437
v -0.550000 1.638291 5.620433
v -0.550000 1.887501 5.495744
v -0.550000 1.862286 5.545903
v -0.550000 1.806988 5.555592
v -0.550000 1.826136 5.558233
v -0.550000 1.637951 5.638001
v -0.550000 1.845176 5.554897
v -0.550000 1.611692 5.576537
v -0.550000 1.887501 5.492682
v -0.550000 1.887501 5.209731
v -0.550000 0.447515 4.520437
v -0.550000 0.297939 4.471648
v -0.550000 1.611692 3.567302
v -0.550000 1.789562 3.596614
v -0.550000 0.281056 4.479848
v -0.550000 1.806988 3.588248
v -0.550000 1.624621 3.555403
v -0.550000 1.887501 4.488394
v -0.550000 1.887501 3.648095
v -0.550000 1.633728 3.540375
v -0.550000 0.262502 4.482667
v -0.550000 1.826136 3.585607
v -0.550000 1.884511 3.628999
v -0.550000 1.875830 3.611728
v -0.550000 1.845176 3.588942
v -0.550000 1.862286 3.597936
v -0.550000 0.421050 4.563306
v -0.550000 0.421050 4.580535
v -0.550000 0.425755 4.597109
v -0.550000 0.434805 4.611770
v -0.550000 0.297939 4.672191
v -0.550000 0.281056 4.663991
v -0.550000 0.434805 4.532070
v -0.550000 0.425755 4.546731
v -0.550000 0.447515 4.623402
v -0.550000 1.623053 1.112195
v -0.550000 1.609673 1.100805
v -0.550000 1.637951 1.143638
v -0.550000 1.576253 1.091120
v -0.550000 1.632734 1.126859
v -0.550000 1.638291 1.161206
v -0.550000 1.593651 1.093590
v -0.550000 -1.107733 1.126859
v -0.550000 -1.112950 1.143638
v -0.550000 0.262501 1.091120
v -0.550000 -1.051252 1.091120
v -0.550000 -1.098052 1.112195
v -0.550000 -1.068650 1.093591
v -0.550000 -1.084672 1.100805
v -0.550000 -1.051251 3.328321
v -0.550000 -1.112950 3.275802
v -0.550000 -1.068649 3.325851
v -0.550000 -1.098052 3.307245
v -0.550000 -1.084672 3.318635
v -0.550000 -1.107733 3.292581
v -0.550000 -1.113290 3.258233
v -0.550000 1.632734 3.292581
v -0.550000 1.637951 3.275802
v -0.550000 0.262502 3.328320
v -0.550000 1.576253 3.328320
v -0.550000 1.623054 3.307245
v -0.550000 1.593651 3.325850
v -0.550000 1.609674 3.318635
v -0.550000 -1.362499 2.047609
v -0.550000 -1.362499 2.150794
v -0.550000 -1.362499 2.298047
v -0.550000 -1.362499 3.133544
v -0.550000 -1.337285 3.183704
v -0.550000 -1.350829 3.169912
v -0.550000 -1.359509 3.152642
v -0.550000 -1.320175 3.192698
v -0.550000 -1.301135 3.196034
v -0.550000 0.077486 2.261202
v -0.550000 0.227062 2.309991
v -0.550000 -1.086691 3.214338
v -0.550000 -1.264562 3.185025
v -0.550000 -1.108727 3.241265
v -0.550000 0.243945 2.301791
v -0.550000 -1.281987 3.193392
v -0.550000 -1.099620 3.226238
v -0.550000 0.262501 2.298973
v -0.550000 0.103951 2.201106
v -0.550000 0.099247 2.184531
v -0.550000 0.090196 2.169872
v -0.550000 0.103951 2.218335
v -0.550000 0.090196 2.249570
v -0.550000 0.099247 2.234909
v -0.550000 0.077486 2.158239
v -0.550000 0.227062 2.109449
v -0.550000 0.243945 2.117649
v -0.550000 -1.264561 1.234414
v -0.550000 -1.086691 1.205102
v -0.550000 -1.099620 1.193203
v -0.550000 -1.113290 1.161206
v -0.550000 -1.108727 1.178175
v -0.550000 -1.281987 1.226049
v -0.550000 -1.362499 1.285896
v -0.550000 -1.359510 1.266799
v -0.550000 -1.320175 1.226742
v -0.550000 -1.337285 1.235736
v -0.550000 -1.350829 1.249528
v -0.550000 -1.301135 1.223407
v -0.550000 0.447515 2.261202
v -0.550000 1.789562 3.185025
v -0.550000 1.611692 3.214338
v -0.550000 1.624621 3.226238
v -0.550000 0.297939 2.309991
v -0.550000 1.887501 3.133544
v -0.550000 1.633728 3.241265
v -0.550000 1.638291 3.258233
v -0.550000 1.884511 3.152642
v -0.550000 1.862286 3.183704
v -0.550000 1.875830 3.169912
v -0.550000 1.806988 3.193392
v -0.550000 1.826136 3.196034
v -0.550000 0.281056 2.301791
v -0.550000 1.845176 3.192698
v -0.550000 1.887501 2.298047
v -0.550000 1.887501 2.150794
v -0.550000 1.887501 2.047609
v -0.550000 1.887501 1.285896
v -0.550000 0.447515 2.158239
v -0.550000 0.297939 2.109449
v -0.550000 1.611692 1.205102
v -0.550000 1.884511 1.266799
v -0.550000 1.875830 1.249528
v -0.550000 1.789562 1.234414
v -0.550000 1.826136 1.223407
v -0.550000 1.806988 1.226049
v -0.550000 1.624621 1.193203
v -0.550000 1.845176 1.226743
v -0.550000 1.862286 1.235736
v -0.550000 1.633728 1.178175
v -0.550000 0.281056 2.117649
v -0.550000 0.262501 2.120467
v -0.550000 0.421050 2.201106
v -0.550000 0.421050 2.218335
v -0.550000 0.425755 2.234909
v -0.550000 0.434805 2.249570
v -0.550000 0.425755 2.184531
v -0.550000 0.434805 2.169872
v -0.550000 1.633728 -1.184026
v -0.550000 1.638291 -1.200995
v -0.550000 1.611691 -1.157098
v -0.550000 1.624621 -1.168998
v -0.550000 1.623054 -1.250005
v -0.550000 1.609674 -1.261395
v -0.550000 1.637952 -1.218564
v -0.550000 1.576253 -1.271081
v -0.550000 1.632733 -1.235341
v -0.550000 1.593652 -1.268611
v -0.550000 -1.107734 -1.235341
v -0.550000 0.262502 -1.271081
v -0.550000 -1.051251 -1.271081
v -0.550000 -1.098052 -1.250005
v -0.550000 -1.068650 -1.268611
v -0.550000 -1.084672 -1.261395
v -0.550000 -1.112950 -1.218564
v -0.550000 -1.108727 -1.184026
v -0.550000 -1.099620 -1.168998
v -0.550000 -1.113290 -1.200995
v -0.550000 0.077486 -0.203961
v -0.550000 0.227062 -0.252751
v -0.550000 0.243945 -0.244551
v -0.550000 -1.264562 -1.127785
v -0.550000 -1.086692 -1.157098
v -0.550000 -1.281987 -1.136153
v -0.550000 -1.362498 -0.221305
v -0.550000 -1.362499 0.771344
v -0.550000 -1.337285 0.821504
v -0.550000 -1.350829 0.807712
v -0.550000 -1.359510 0.790443
v -0.550000 -1.320175 0.830498
v -0.550000 -1.301135 0.833835
v -0.550000 1.632734 0.930381
v -0.550000 1.637951 0.913602
v -0.550000 1.593651 0.963650
v -0.550000 1.609673 0.956435
v -0.550000 1.623053 0.945045
v -0.550000 0.262501 0.966120
v -0.550000 1.576253 0.966120
v -0.550000 0.103951 -0.161094
v -0.550000 0.099247 -0.177668
v -0.550000 0.090196 -0.192328
v -0.550000 0.243945 -0.060408
v -0.550000 0.103951 -0.143864
v -0.550000 0.099247 -0.127291
v -0.550000 0.227062 -0.052209
v -0.550000 0.077486 -0.100999
v -0.550000 -1.086691 0.852138
v -0.550000 0.090196 -0.112630
v -0.550000 -1.264561 0.822826
v -0.550000 -1.108727 0.879066
v -0.550000 -1.113290 0.896034
v -0.550000 -1.099620 0.864038
v -0.550000 -1.281987 0.831192
v -0.550000 0.262501 -0.063227
v -0.550000 -1.051252 0.966120
v -0.550000 -1.112950 0.913602
v -0.550000 -1.068650 0.963651
v -0.550000 -1.098052 0.945045
v -0.550000 -1.084672 0.956435
v -0.550000 -1.107733 0.930381
v -0.550000 0.447515 -0.203961
v -0.550000 0.297939 -0.252751
v -0.550000 0.281056 -0.244551
v -0.550000 1.887502 -0.221305
v -0.550000 1.887502 -1.076306
v -0.550000 1.806989 -1.136153
v -0.550000 1.789562 -1.127785
v -0.550000 1.845176 -1.135459
v -0.550000 1.826137 -1.138795
v -0.550000 1.884511 -1.095402
v -0.550000 1.875831 -1.112672
v -0.550000 0.262501 -0.241732
v -0.550000 1.862287 -1.126466
v -0.550000 0.447515 -0.100999
v -0.550000 1.789562 0.822826
v -0.550000 1.611692 0.852138
v -0.550000 0.297939 -0.052209
v -0.550000 0.434805 -0.112630
v -0.550000 0.421050 -0.161094
v -0.550000 0.421050 -0.143864
v -0.550000 1.624621 0.864038
v -0.550000 0.425754 -0.127291
v -0.550000 0.281056 -0.060408
v -0.550000 0.425754 -0.177668
v -0.550000 0.434805 -0.192328
v -0.550000 1.887501 0.771344
v -0.550000 1.633728 0.879066
v -0.550000 1.638291 0.896034
v -0.550000 1.884511 0.790443
v -0.550000 1.862286 0.821504
v -0.550000 1.875830 0.807712
v -0.550000 1.806988 0.831193
v -0.550000 1.826136 0.833835
v -0.550000 1.845176 0.830499
v -0.550000 -1.507573 1.090402
v -0.550000 -1.487499 1.093581
v -0.550000 -1.467426 1.090402
v -0.550000 -1.449317 1.081174
v -0.550000 -1.549281 1.048694
v -0.550000 -1.540054 1.066804
v -0.550000 -1.552460 1.028620
v -0.550000 -1.425718 1.048694
v -0.550000 -1.434945 1.066803
v -0.550000 -1.525682 1.081174
v -0.550000 -1.487499 0.963660
v -0.550000 -1.467426 0.966840
v -0.550000 -1.549281 1.008546
v -0.550000 -1.525682 0.976066
v -0.550000 -1.540054 0.990438
v -0.550000 -1.449317 0.976066
v -0.550000 -1.507573 0.966839
v -0.550000 -1.425718 1.008546
v -0.550000 -1.434945 0.990438
v -0.550000 -1.422539 1.028619
v -0.550000 -1.507573 3.452601
v -0.550000 -1.487499 3.455781
v -0.550000 -1.467425 3.452602
v -0.550000 -1.449317 3.443374
v -0.550000 -1.549281 3.410894
v -0.550000 -1.540053 3.429003
v -0.550000 -1.552460 3.390821
v -0.550000 -1.425717 3.410894
v -0.550000 -1.434945 3.429003
v -0.550000 -1.525681 3.443374
v -0.550000 -1.487499 3.325860
v -0.550000 -1.467425 3.329039
v -0.550000 -1.549281 3.370746
v -0.550000 -1.525681 3.338266
v -0.550000 -1.540053 3.352637
v -0.550000 -1.449317 3.338266
v -0.550000 -1.507573 3.329039
v -0.550000 -1.425717 3.370746
v -0.550000 -1.434945 3.352637
v -0.550000 -1.422539 3.390821
v -0.550000 -1.507573 5.814800
v -0.550000 -1.487499 5.817981
v -0.550000 -1.467426 5.814800
v -0.550000 -1.449317 5.805573
v -0.550000 -1.549281 5.773093
v -0.550000 -1.540053 5.791203
v -0.550000 -1.552460 5.753019
v -0.550000 -1.425718 5.773093
v -0.550000 -1.434945 5.791203
v -0.550000 -1.525681 5.805573
v -0.550000 -1.487498 5.688060
v -0.550000 -1.467425 5.691238
v -0.550000 -1.549281 5.732945
v -0.550000 -1.525682 5.700465
v -0.550000 -1.540053 5.714837
v -0.550000 -1.449317 5.700465
v -0.550000 -1.507573 5.691238
v -0.550000 -1.425717 5.732945
v -0.550000 -1.434945 5.714837
v -0.550000 -1.422539 5.753019
v -0.550000 -1.467425 10.539202
v -0.550000 -1.449317 10.529974
v -0.550000 -1.507573 10.539202
v -0.550000 -1.487498 10.542381
v -0.550000 -1.540053 10.515604
v -0.550000 -1.525681 10.529974
v -0.550000 -1.425717 10.497494
v -0.550000 -1.434945 10.515602
v -0.550000 -1.549281 10.497494
v -0.550000 -1.552460 10.477419
v -0.550000 -1.507573 10.415638
v -0.550000 -1.525681 10.424866
v -0.550000 -1.434945 10.439238
v -0.550000 -1.449317 10.424866
v -0.550000 -1.540053 10.439238
v -0.550000 -1.487498 10.412460
v -0.550000 -1.467425 10.415640
v -0.550000 -1.549281 10.457346
v -0.550000 -1.425717 10.457346
v -0.550000 -1.422539 10.477421
v -0.550000 -1.540054 12.877804
v -0.550000 -1.525682 12.892174
v -0.550000 -1.467426 12.901402
v -0.550000 -1.449317 12.892174
v -0.550000 -1.507573 12.901402
v -0.550000 -1.487499 12.904581
v -0.550000 -1.549281 12.859694
v -0.550000 -1.552460 12.839621
v -0.550000 -1.425718 12.859694
v -0.550000 -1.434945 12.877804
v -0.550000 -1.434945 12.801437
v -0.550000 -1.449317 12.787066
v -0.550000 -1.507573 12.777840
v -0.550000 -1.525682 12.787066
v -0.550000 -1.487499 12.774660
v -0.550000 -1.425718 12.819546
v -0.550000 -1.422539 12.839621
v -0.550000 -1.549281 12.819546
v -0.550000 -1.540054 12.801437
v -0.550000 -1.467426 12.777840
v -0.550000 1.938064 -2.727616
v -0.550000 2.354443 -3.016366
v -0.550000 2.449245 -2.956795
v -0.550000 2.528417 -2.877625
v -0.550000 2.248761 -3.053345
v -0.550000 2.137502 -3.065881
v -0.550000 1.950001 16.534121
v -0.550000 2.624965 16.545382
v -0.550000 2.612124 16.591387
v -0.550000 1.946942 16.578432
v -0.550000 1.950001 16.559118
v -0.550000 1.938064 16.595858
v -0.550000 2.587986 16.651060
v -0.550000 1.924237 16.609682
v -0.550000 2.449245 16.825037
v -0.550000 2.354443 16.884604
v -0.550000 2.528417 16.745863
v -0.550000 2.248761 16.921583
v -0.550000 2.137502 16.934118
v -0.550000 -1.812498 16.934118
v -0.550000 -2.029441 16.884604
v -0.550000 -2.124244 16.825037
v -0.550000 -2.203415 16.745863
v -0.550000 -1.923759 16.921583
v -0.550000 -2.262983 16.651060
v -0.550000 -2.203415 -2.877625
v -0.550000 -2.124243 -2.956795
v -0.550000 -2.299962 -2.677140
v -0.550000 -2.262983 -2.782822
v -0.550000 -2.029440 -3.016366
v -0.550000 -1.923759 -3.053345
v -0.550000 -1.812498 -3.065881
v -0.550000 -1.381812 -2.750321
v -0.550000 -1.362498 -2.753381
v -0.550000 -1.399236 -2.741444
v -0.550000 -1.413062 -2.727616
v -0.550000 -1.202504 15.422407
v -0.550000 -0.511516 16.529707
v -0.550000 -0.734821 16.526030
v -0.550000 -1.211902 15.386177
v -0.550000 -1.209979 15.405012
v -0.550000 -1.198913 15.351074
v -0.550000 -1.208097 15.367630
v -0.550000 -1.309476 15.605156
v -0.550000 -1.168196 15.329687
v -0.550000 -1.185193 15.338026
v -0.550000 -0.727346 16.543425
v -0.550000 0.262502 15.326820
v -0.550000 -1.149481 15.326820
v -0.550000 -0.725424 16.562262
v -0.550000 -0.458492 16.559118
v -0.550000 -0.474150 16.557127
v -0.550000 -0.488810 16.551275
v -0.550000 -0.501534 16.541937
v -0.550000 -0.729229 16.580809
v -0.550000 0.797483 16.565672
v -0.550000 0.515270 16.550516
v -0.550000 0.528301 16.540323
v -0.550000 0.262502 16.559118
v -0.550000 0.483624 16.559118
v -0.550000 0.500022 16.556929
v -0.550000 0.804237 16.530191
v -0.550000 0.798241 16.547434
v -0.550000 1.611473 15.433025
v -0.550000 1.842822 15.464655
v -0.550000 0.814960 16.515413
v -0.550000 1.628193 15.401007
v -0.550000 1.857509 15.453527
v -0.550000 1.622196 15.418249
v -0.550000 1.566794 15.326820
v -0.550000 1.628950 15.382765
v -0.550000 1.624404 15.365084
v -0.550000 1.584855 15.329487
v -0.550000 1.874802 15.447165
v -0.550000 1.614944 15.349470
v -0.550000 1.601375 15.337257
v -0.550000 1.893198 15.446121
v -0.550000 1.911100 15.450487
v -0.550000 0.262502 -2.690881
v -0.550000 -0.458492 -2.690881
v -0.550000 -0.725424 -2.694024
v -0.550000 -0.474150 -2.688887
v -0.550000 -1.309476 -1.736916
v -0.550000 -1.202504 -1.554169
v -0.550000 -1.209979 -1.536774
v -0.550000 -0.734821 -2.657792
v -0.550000 -0.501534 -2.673695
v -0.550000 -0.511516 -2.661469
v -0.550000 -0.488810 -2.683034
v -0.550000 -0.727346 -2.675187
v -0.550000 -1.211902 -1.517937
v -0.550000 -1.149480 -1.458581
v -0.550000 -1.168197 -1.461447
v -0.550000 -1.208097 -1.499390
v -0.550000 -1.198913 -1.482835
v -0.550000 -1.185193 -1.469788
v -0.550000 1.584855 -1.461247
v -0.550000 1.601375 -1.469018
v -0.550000 1.624404 -1.496846
v -0.550000 1.628950 -1.514527
v -0.550000 1.614944 -1.481232
v -0.550000 0.262502 -1.458581
v -0.550000 1.566794 -1.458581
v -0.550000 1.611473 -1.564786
v -0.550000 0.528301 -2.672086
v -0.550000 0.814960 -2.647176
v -0.550000 0.797483 -2.697434
v -0.550000 0.483624 -2.690881
v -0.550000 0.798241 -2.679194
v -0.550000 1.842822 -1.596417
v -0.550000 1.622196 -1.550009
v -0.550000 0.500022 -2.688691
v -0.550000 0.515270 -2.682275
v -0.550000 0.804237 -2.661950
v -0.550000 1.628192 -1.532769
v -0.550000 1.857509 -1.585288
v -0.550000 1.874801 -1.578925
v -0.550000 1.893199 -1.577882
v -0.550000 1.959946 12.801437
v -0.550000 1.950719 12.819546
v -0.550000 2.012502 12.774660
v -0.550000 1.992427 12.777840
v -0.550000 2.262502 12.709753
v -0.550000 2.032574 12.777840
v -0.550000 2.262501 12.839621
v -0.550000 2.077462 12.839621
v -0.550000 2.074283 12.819546
v -0.550000 1.974318 12.787066
v -0.550000 2.065055 12.801437
v -0.550000 2.050683 12.787066
v -0.550000 2.262502 12.969490
v -0.550000 2.012502 12.904581
v -0.550000 2.032574 12.901402
v -0.550000 2.050683 12.892174
v -0.550000 2.065055 12.877804
v -0.550000 1.992427 12.901402
v -0.550000 1.950719 12.859694
v -0.550000 2.074282 12.859694
v -0.550000 1.959946 12.877804
v -0.550000 1.974318 12.892174
v -0.550000 1.947540 12.839621
v -0.550000 2.262502 14.089548
v -0.550000 2.426128 14.503002
v -0.550000 2.405425 14.703959
v -0.550000 2.387501 14.701120
v -0.550000 2.348873 14.503002
v -0.550000 2.387502 14.509121
v -0.550000 2.637502 14.089548
v -0.550000 2.434424 14.725029
v -0.550000 2.506383 14.422747
v -0.550000 2.421592 14.712196
v -0.550000 2.637502 15.008083
v -0.550000 2.445501 14.759121
v -0.550000 2.442663 14.741198
v -0.550000 2.369579 14.703959
v -0.550000 2.512502 14.384121
v -0.550000 2.460974 14.485247
v -0.550000 2.442663 14.777042
v -0.550000 2.353409 14.712196
v -0.550000 2.340578 14.725029
v -0.550000 2.286373 14.457592
v -0.550000 2.314027 14.485247
v -0.550000 2.268618 14.422747
v -0.550000 2.262502 14.384121
v -0.550000 2.488628 14.457594
v -0.550000 2.332339 14.741198
v -0.550000 2.434424 14.793213
v -0.550000 2.387501 14.817120
v -0.550000 2.405425 14.814281
v -0.550000 2.369578 14.814281
v -0.550000 2.421592 14.806044
v -0.550000 2.353409 14.806044
v -0.550000 2.340578 14.793213
v -0.550000 2.329501 14.759121
v -0.550000 2.332340 14.777042
v -0.550000 2.512502 14.089548
v -0.550000 2.637502 12.969490
v -0.550000 2.637501 12.839621
v -0.550000 2.512502 12.969490
v -0.550000 2.637502 12.709753
v -0.550000 2.512501 12.839621
v -0.550000 2.262502 12.004120
v -0.550000 2.512502 12.709753
v -0.550000 2.512502 12.004120
v -0.550000 2.268619 11.965494
v -0.550000 2.286373 11.930647
v -0.550000 2.387502 11.879120
v -0.550000 2.506383 11.965494
v -0.550000 2.314027 11.902994
v -0.550000 2.348874 11.885239
v -0.550000 2.460975 11.902994
v -0.550000 2.426128 11.885239
v -0.550000 2.488628 11.930647
v -0.550000 2.262502 -0.221305
v -0.550000 2.262502 0.898751
v -0.550000 2.032574 0.966840
v -0.550000 2.012501 0.963660
v -0.550000 1.959946 0.990438
v -0.550000 1.950719 1.008546
v -0.550000 1.974318 0.976066
v -0.550000 2.050683 0.976066
v -0.550000 1.992427 0.966839
v -0.550000 2.074283 1.008546
v -0.550000 2.065055 0.990438
v -0.550000 2.262502 1.028621
v -0.550000 2.077461 1.028619
v -0.550000 2.262502 1.158489
v -0.550000 2.012501 1.093581
v -0.550000 1.950719 1.048694
v -0.550000 2.074283 1.048694
v -0.550000 1.992427 1.090402
v -0.550000 1.959946 1.066804
v -0.550000 2.065055 1.066803
v -0.550000 2.032574 1.090402
v -0.550000 2.050683 1.081174
v -0.550000 1.974318 1.081174
v -0.550000 1.947540 1.028620
v -0.550000 2.426128 1.968635
v -0.550000 2.460975 1.950879
v -0.550000 2.348873 1.968635
v -0.550000 2.387502 1.974752
v -0.550000 2.488628 1.923225
v -0.550000 2.286373 1.923225
v -0.550000 2.314027 1.950879
v -0.550000 2.637502 1.158489
v -0.550000 2.512502 1.849752
v -0.550000 2.268619 1.888379
v -0.550000 2.506383 1.888379
v -0.550000 2.262502 1.849752
v -0.550000 2.637502 1.028621
v -0.550000 2.512502 1.158489
v -0.550000 2.637502 0.898751
v -0.550000 2.512502 1.028621
v -0.550000 2.637502 -0.221305
v -0.550000 2.512502 0.898751
v -0.550000 2.637502 -1.139844
v -0.550000 2.426128 -0.649131
v -0.550000 2.387502 -0.655249
v -0.550000 2.488628 -0.603722
v -0.550000 2.460975 -0.631375
v -0.550000 2.506383 -0.568875
v -0.550000 2.512502 -0.530249
v -0.550000 2.286373 -0.603722
v -0.550000 2.348874 -0.649131
v -0.550000 2.314027 -0.631375
v -0.550000 2.512502 -0.221305
v -0.550000 2.268619 -0.568875
v -0.550000 2.262502 -0.530249
v -0.550000 2.262502 3.260951
v -0.550000 2.032574 3.329039
v -0.550000 2.012501 3.325860
v -0.550000 1.959946 3.352637
v -0.550000 1.950719 3.370746
v -0.550000 1.974318 3.338266
v -0.550000 2.050683 3.338266
v -0.550000 1.992427 3.329039
v -0.550000 2.074283 3.370746
v -0.550000 2.065055 3.352637
v -0.550000 2.262502 3.390820
v -0.550000 2.077461 3.390820
v -0.550000 2.262502 3.520688
v -0.550000 2.012501 3.455781
v -0.550000 1.950719 3.410894
v -0.550000 2.074283 3.410894
v -0.550000 1.992427 3.452601
v -0.550000 1.959946 3.429003
v -0.550000 2.065055 3.429003
v -0.550000 2.032574 3.452601
v -0.550000 2.050683 3.443374
v -0.550000 1.974318 3.443374
v -0.550000 1.947540 3.390820
v -0.550000 2.262502 4.488394
v -0.550000 2.262502 4.983343
v -0.550000 2.348873 5.102225
v -0.550000 2.387502 5.108343
v -0.550000 2.268619 5.021971
v -0.550000 2.637502 4.488394
v -0.550000 2.512502 4.983343
v -0.550000 2.286373 5.056817
v -0.550000 2.506383 5.021971
v -0.550000 2.460975 5.084471
v -0.550000 2.488628 5.056816
v -0.550000 2.426128 5.102225
v -0.550000 2.314027 5.084470
v -0.550000 2.637502 3.520688
v -0.550000 2.512502 4.488394
v -0.550000 2.637502 3.390820
v -0.550000 2.512502 3.520688
v -0.550000 2.637502 3.260951
v -0.550000 2.512502 3.390820
v -0.550000 2.348873 2.484462
v -0.550000 2.314027 2.502218
v -0.550000 2.387502 2.478345
v -0.550000 2.286373 2.529870
v -0.550000 2.426128 2.484462
v -0.550000 2.488628 2.529870
v -0.550000 2.460975 2.502218
v -0.550000 2.262502 2.603345
v -0.550000 2.506383 2.564718
v -0.550000 2.268619 2.564718
v -0.550000 2.512502 3.260951
v -0.550000 2.512502 2.603345
v -0.550000 2.262502 5.882889
v -0.550000 2.012501 5.817981
v -0.550000 1.950719 5.773093
v -0.550000 2.262502 5.753019
v -0.550000 2.074283 5.773093
v -0.550000 1.992427 5.814800
v -0.550000 1.959946 5.791203
v -0.550000 2.065055 5.791203
v -0.550000 2.032574 5.814800
v -0.550000 2.050683 5.805573
v -0.550000 1.974318 5.805573
v -0.550000 1.947540 5.753019
v -0.550000 2.262502 6.934119
v -0.550000 2.262502 7.985351
v -0.550000 2.074283 8.135294
v -0.550000 2.077461 8.115219
v -0.550000 2.262502 8.116936
v -0.550000 2.032574 8.053438
v -0.550000 2.012501 8.050261
v -0.550000 2.268619 8.155563
v -0.550000 2.065056 8.153402
v -0.550000 2.050683 8.062666
v -0.550000 2.074283 8.095146
v -0.550000 2.314028 8.218063
v -0.550000 2.032574 8.177000
v -0.550000 2.050683 8.167774
v -0.550000 2.012501 8.180182
v -0.550000 1.950719 8.095146
v -0.550000 1.947540 8.115219
v -0.550000 1.992427 8.053438
v -0.550000 1.974318 8.062666
v -0.550000 2.065056 8.077038
v -0.550000 2.286373 8.190409
v -0.550000 1.959946 8.077038
v -0.550000 1.974318 8.167774
v -0.550000 1.992427 8.177000
v -0.550000 1.959946 8.153402
v -0.550000 1.950719 8.135294
v -0.550000 2.426128 8.235817
v -0.550000 2.460975 8.218063
v -0.550000 2.348873 8.235817
v -0.550000 2.387502 8.241936
v -0.550000 2.637502 7.985351
v -0.550000 2.637502 8.211058
v -0.550000 2.512502 8.116936
v -0.550000 2.506384 8.155563
v -0.550000 2.488628 8.190409
v -0.550000 2.637502 6.934119
v -0.550000 2.512502 7.985351
v -0.550000 2.637502 5.882889
v -0.550000 2.512502 6.934119
v -0.550000 2.637502 5.753019
v -0.550000 2.512502 5.882889
v -0.550000 2.637502 5.649998
v -0.550000 2.512502 5.736936
v -0.550000 2.512502 5.753019
v -0.550000 2.506383 5.698308
v -0.550000 2.314027 5.635808
v -0.550000 2.286373 5.663463
v -0.550000 2.387502 5.611936
v -0.550000 2.348873 5.618053
v -0.550000 2.426128 5.618053
v -0.550000 2.488628 5.663463
v -0.550000 2.460975 5.635808
v -0.550000 2.032574 5.691238
v -0.550000 2.012501 5.688060
v -0.550000 1.959946 5.714836
v -0.550000 1.950719 5.732945
v -0.550000 2.262502 5.736936
v -0.550000 2.077461 5.753019
v -0.550000 1.974318 5.700465
v -0.550000 2.050683 5.700465
v -0.550000 2.268619 5.698308
v -0.550000 2.074283 5.732945
v -0.550000 2.065055 5.714837
v -0.550000 1.992427 5.691238
v -0.550000 2.262502 9.379847
v -0.550000 2.262502 10.347551
v -0.550000 2.032574 10.415638
v -0.550000 2.012501 10.412460
v -0.550000 1.959947 10.439238
v -0.550000 1.950719 10.457346
v -0.550000 1.992427 10.415640
v -0.550000 1.974319 10.424866
v -0.550000 2.050683 10.424866
v -0.550000 2.262502 10.477421
v -0.550000 2.077461 10.477421
v -0.550000 2.074283 10.457346
v -0.550000 2.065056 10.439238
v -0.550000 2.262502 10.607288
v -0.550000 2.074283 10.497494
v -0.550000 2.032575 10.539202
v -0.550000 2.050683 10.529974
v -0.550000 2.012501 10.542381
v -0.550000 1.974318 10.529974
v -0.550000 1.992427 10.539202
v -0.550000 1.950719 10.497494
v -0.550000 2.065055 10.515602
v -0.550000 1.959946 10.515602
v -0.550000 1.947540 10.477421
v -0.550000 2.348874 11.369410
v -0.550000 2.387501 11.375528
v -0.550000 2.426128 11.369410
v -0.550000 2.314027 11.351656
v -0.550000 2.637502 10.607288
v -0.550000 2.512501 11.250528
v -0.550000 2.460975 11.351656
v -0.550000 2.286374 11.324001
v -0.550000 2.262501 11.250528
v -0.550000 2.506383 11.289156
v -0.550000 2.488628 11.324001
v -0.550000 2.268619 11.289156
v -0.550000 2.637502 10.477421
v -0.550000 2.512502 10.607288
v -0.550000 2.637502 10.347551
v -0.550000 2.512502 10.477421
v -0.550000 2.637502 9.379847
v -0.550000 2.512502 10.347551
v -0.550000 2.262501 8.870527
v -0.550000 2.512502 9.379847
v -0.550000 2.512501 8.870527
v -0.550000 2.268619 8.831902
v -0.550000 2.286374 8.797054
v -0.550000 2.387501 8.745527
v -0.550000 2.506383 8.831902
v -0.550000 2.314027 8.769402
v -0.550000 2.348873 8.751646
v -0.550000 2.460975 8.769402
v -0.550000 2.426128 8.751646
v -0.550000 2.488628 8.797054
v -0.550000 2.262502 -1.518101
v -0.550000 2.262502 -1.428561
v -0.550000 2.032575 -1.395362
v -0.550000 2.012502 -1.398541
v -0.550000 2.065055 -1.295398
v -0.550000 2.074283 -1.313508
v -0.550000 2.262502 -1.265881
v -0.550000 2.268619 -1.227254
v -0.550000 1.974319 -1.386136
v -0.550000 1.959947 -1.371764
v -0.550000 2.050683 -1.386136
v -0.550000 2.074283 -1.353654
v -0.550000 2.065056 -1.371764
v -0.550000 2.077461 -1.333581
v -0.550000 2.286374 -1.192406
v -0.550000 2.032575 -1.271800
v -0.550000 2.050683 -1.281026
v -0.550000 2.012502 -1.268620
v -0.550000 1.950719 -1.353654
v -0.550000 1.992427 -1.395362
v -0.550000 1.992427 -1.271800
v -0.550000 1.950719 -1.313508
v -0.550000 1.959947 -1.295398
v -0.550000 1.947539 -1.333581
v -0.550000 1.974319 -1.281026
v -0.550000 2.460975 -1.164754
v -0.550000 2.488628 -1.192406
v -0.550000 2.387502 -1.140881
v -0.550000 2.426128 -1.147000
v -0.550000 2.348874 -1.147000
v -0.550000 2.314027 -1.164754
v -0.550000 2.637502 -1.428561
v -0.550000 2.637502 -1.204751
v -0.550000 2.512502 -1.265881
v -0.550000 2.506383 -1.227254
v -0.550000 2.637502 -1.518101
v -0.550000 2.512502 -1.428561
v -0.550000 1.950002 -1.640122
v -0.550000 1.950002 -2.690881
v -0.550000 2.262502 -2.515881
v -0.550000 1.947284 -1.621896
v -0.550000 2.268619 -2.554509
v -0.550000 1.911099 -1.582247
v -0.550000 1.926950 -1.591645
v -0.550000 2.286373 -2.589352
v -0.550000 1.939372 -1.605256
v -0.550000 1.946942 -2.710194
v -0.550000 2.348873 -2.634763
v -0.550000 2.314028 -2.617009
v -0.550000 2.512502 -1.518101
v -0.550000 2.512502 -2.515881
v -0.550000 2.587986 -2.782822
v -0.550000 2.387502 -2.640881
v -0.550000 2.460975 -2.617009
v -0.550000 2.624965 -2.677140
v -0.550000 2.637502 -2.565881
v -0.550000 2.506384 -2.554509
v -0.550000 2.426128 -2.634763
v -0.550000 2.488628 -2.589352
v -0.550000 -2.187498 -1.518101
v -0.550000 -2.187498 -1.428561
v -0.550000 -2.312498 -1.428561
v -0.550000 -2.187499 -1.204751
v -0.550000 -2.312499 -1.204751
v -0.550000 -2.187499 -1.139844
v -0.550000 -2.312499 -1.139844
v -0.550000 -2.101127 -0.364499
v -0.550000 -2.062499 -0.358380
v -0.550000 -2.187499 -0.483380
v -0.550000 -2.023871 -0.364497
v -0.550000 -2.135973 -0.382252
v -0.550000 -2.181381 -0.444752
v -0.550000 -2.163627 -0.409907
v -0.550000 -1.989026 -0.382252
v -0.550000 -1.362498 -1.076306
v -0.550000 -1.937499 -0.483380
v -0.550000 -1.937499 -1.139844
v -0.550000 -1.359509 -1.095402
v -0.550000 -1.943617 -0.444752
v -0.550000 -1.350829 -1.112672
v -0.550000 -1.320174 -1.135459
v -0.550000 -1.337285 -1.126466
v -0.550000 -1.301135 -1.138795
v -0.550000 -1.961371 -0.409907
v -0.550000 -1.937499 -1.428561
v -0.550000 -1.487498 -1.398541
v -0.550000 -1.467425 -1.395362
v -0.550000 -1.425717 -1.313508
v -0.550000 -1.422538 -1.333581
v -0.550000 -1.525681 -1.386136
v -0.550000 -1.540053 -1.371764
v -0.550000 -1.449317 -1.386136
v -0.550000 -1.425717 -1.353654
v -0.550000 -1.434945 -1.371764
v -0.550000 -1.467425 -1.271800
v -0.550000 -1.449317 -1.281026
v -0.550000 -1.937499 -1.204751
v -0.550000 -1.507573 -1.271800
v -0.550000 -1.487498 -1.268620
v -0.550000 -1.549281 -1.353654
v -0.550000 -1.507573 -1.395362
v -0.550000 -1.434945 -1.295398
v -0.550000 -1.549281 -1.313508
v -0.550000 -1.540053 -1.295398
v -0.550000 -1.552461 -1.333581
v -0.550000 -1.525681 -1.281026
v -0.550000 -1.937499 -2.483380
v -0.550000 -1.424998 -2.690881
v -0.550000 -1.424998 -1.770005
v -0.550000 -1.937499 -1.518101
v -0.550000 -1.422442 -1.752309
v -0.550000 -1.370936 -1.708077
v -0.550000 -1.353057 -1.708222
v -0.550000 -1.388125 -1.713000
v -0.550000 -1.943617 -2.522008
v -0.550000 -1.335948 -1.713423
v -0.550000 -1.403218 -1.722588
v -0.550000 -1.414977 -1.736058
v -0.550000 -1.421941 -2.710194
v -0.550000 -1.321015 -1.723256
v -0.550000 -1.961371 -2.556855
v -0.550000 -2.062498 -2.608380
v -0.550000 -2.101127 -2.602263
v -0.550000 -2.312498 -1.518101
v -0.550000 -2.312498 -2.565881
v -0.550000 -2.187498 -2.483380
v -0.550000 -2.163627 -2.556855
v -0.550000 -2.023871 -2.602263
v -0.550000 -2.181381 -2.522008
v -0.550000 -2.135972 -2.584508
v -0.550000 -1.989025 -2.584508
v -0.550000 -2.187499 15.008083
v -0.550000 -2.187498 15.135490
v -0.550000 -2.312498 15.135490
v -0.550000 -2.187498 15.296799
v -0.550000 -2.312498 15.296799
v -0.550000 -2.299962 16.545382
v -0.550000 -2.101127 16.470503
v -0.550000 -2.062498 16.476618
v -0.550000 -2.187498 16.351618
v -0.550000 -2.135972 16.452749
v -0.550000 -2.312498 16.434118
v -0.550000 -2.181381 16.390245
v -0.550000 -2.163627 16.425093
v -0.550000 -2.023871 16.470503
v -0.550000 -1.989026 16.452745
v -0.550000 -1.370936 15.576315
v -0.550000 -1.388125 15.581240
v -0.550000 -1.353057 15.576462
v -0.550000 -1.937499 16.351618
v -0.550000 -1.937499 15.296799
v -0.550000 -1.424998 15.638243
v -0.550000 -1.403218 15.590828
v -0.550000 -1.414978 15.604298
v -0.550000 -1.321014 15.591497
v -0.550000 -1.335949 15.581663
v -0.550000 -1.422441 15.620546
v -0.550000 -1.943617 16.390245
v -0.550000 -1.961371 16.425093
v -0.550000 -1.425717 15.221895
v -0.550000 -1.422539 15.201820
v -0.550000 -1.937499 15.135490
v -0.550000 -1.487498 15.136860
v -0.550000 -1.425717 15.181746
v -0.550000 -1.434945 15.240004
v -0.550000 -1.540053 15.163637
v -0.550000 -1.549281 15.181746
v -0.550000 -1.507573 15.140039
v -0.550000 -1.487498 15.266781
v -0.550000 -1.467425 15.263601
v -0.550000 -1.507573 15.263601
v -0.550000 -1.525681 15.149267
v -0.550000 -1.467425 15.140039
v -0.550000 -1.449317 15.254374
v -0.550000 -1.434945 15.163637
v -0.550000 -1.449317 15.149267
v -0.550000 -1.540053 15.240004
v -0.550000 -1.525681 15.254374
v -0.550000 -1.552460 15.201820
v -0.550000 -1.549281 15.221895
v -0.550000 -1.362498 14.944544
v -0.550000 -1.937499 15.008083
v -0.550000 -1.937499 14.351622
v -0.550000 -1.362498 14.089548
v -0.550000 -1.320175 15.003698
v -0.550000 -1.301135 15.007034
v -0.550000 -1.359509 14.963642
v -0.550000 -1.943616 14.312992
v -0.550000 -1.337285 14.994705
v -0.550000 -1.350829 14.980913
v -0.550000 -1.961371 14.278147
v -0.550000 -2.312499 15.008083
v -0.550000 -2.187499 14.351622
v -0.550000 -2.062499 14.226622
v -0.550000 -2.181382 14.312994
v -0.550000 -2.135972 14.250494
v -0.550000 -2.163627 14.278147
v -0.550000 -2.023871 14.232738
v -0.550000 -2.101127 14.232738
v -0.550000 -1.989026 14.250494
v -0.550000 2.262502 15.135490
v -0.550000 2.032575 15.140039
v -0.550000 2.012502 15.136860
v -0.550000 1.974319 15.149267
v -0.550000 1.959947 15.163637
v -0.550000 2.050683 15.149267
v -0.550000 1.992427 15.140039
v -0.550000 2.262502 15.296801
v -0.550000 2.050683 15.254374
v -0.550000 2.065056 15.240004
v -0.550000 2.012502 15.266781
v -0.550000 1.974319 15.254374
v -0.550000 1.992428 15.263601
v -0.550000 2.074283 15.181746
v -0.550000 2.065056 15.163637
v -0.550000 2.032575 15.263601
v -0.550000 2.074283 15.221895
v -0.550000 2.077461 15.201820
v -0.550000 1.947540 15.201820
v -0.550000 1.950720 15.181746
v -0.550000 1.959947 15.240004
v -0.550000 1.950719 15.221895
v -0.550000 2.262502 16.384119
v -0.550000 1.950002 15.508360
v -0.550000 2.488628 16.457594
v -0.550000 2.506384 16.422747
v -0.550000 2.460975 16.485247
v -0.550000 2.348873 16.503000
v -0.550000 2.387502 16.509119
v -0.550000 2.286374 16.457594
v -0.550000 2.314028 16.485247
v -0.550000 1.947285 15.490135
v -0.550000 2.426128 16.503000
v -0.550000 2.268619 16.422747
v -0.550000 1.926950 15.459885
v -0.550000 1.939372 15.473494
v -0.550000 2.637502 15.296801
v -0.550000 2.637502 16.434118
v -0.550000 2.512502 16.384119
v -0.550000 2.637502 15.135490
v -0.550000 2.512502 15.296801
v -0.550000 2.387502 15.009121
v -0.550000 2.156660 15.013155
v -0.550000 2.137502 15.010120
v -0.550000 2.512502 15.134121
v -0.550000 2.506384 15.095493
v -0.550000 2.426128 15.015238
v -0.550000 2.488628 15.060648
v -0.550000 2.512502 15.135490
v -0.550000 2.460975 15.032993
v -0.550000 2.118341 15.013155
v -0.550000 2.101059 15.021961
v -0.550000 2.087341 15.035679
v -0.550000 2.173944 15.021961
v -0.550000 2.187660 15.035677
v -0.550000 2.348873 15.015238
v -0.550000 2.118341 15.131086
v -0.550000 2.137502 15.134121
v -0.550000 2.196466 15.052961
v -0.550000 2.262502 15.134121
v -0.550000 2.187661 15.108562
v -0.550000 2.196466 15.091280
v -0.550000 2.314028 15.032993
v -0.550000 2.078535 15.052961
v -0.550000 2.075501 15.072121
v -0.550000 2.268619 15.095493
v -0.550000 2.286373 15.060646
v -0.550000 2.156660 15.131086
v -0.550000 2.199502 15.072121
v -0.550000 2.101059 15.122280
v -0.550000 2.078536 15.091280
v -0.550000 2.087341 15.108564
v -0.550000 2.173944 15.122280
v -0.550000 1.917520 16.626245
v -0.550000 0.262502 16.626245
v -0.550000 -1.287239 16.626245
v -0.550000 -1.953748 12.969488
v -0.550000 -1.953748 14.089546
v -0.550000 -1.953749 12.839621
v -0.550000 -1.953749 12.709751
v -0.550000 -1.953749 11.717447
v -0.550000 1.917520 11.570194
v -0.550000 1.917520 11.717447
v -0.550000 -1.953749 11.570194
v -0.550000 -1.953749 11.472397
v -0.550000 -1.953749 10.607290
v -0.550000 -1.953749 10.477421
v -0.550000 -1.953749 10.347553
v -0.550000 -1.953749 9.379847
v -0.550000 -1.953749 8.651323
v -0.550000 1.917520 8.275967
v -0.550000 1.917520 8.651323
v -0.550000 -1.953749 8.275967
v -0.550000 -1.287240 8.211058
v -0.550000 -1.287240 8.275967
v -0.550000 -1.953749 8.211058
v -0.550000 -1.287240 7.985351
v -0.550000 -1.953749 7.985351
v -0.550000 -1.953749 6.934120
v -0.550000 -1.953749 5.882889
v -0.550000 -1.953749 5.753019
v -0.550000 -1.953749 5.649998
v -0.550000 -1.953749 5.492682
v -0.550000 1.917520 5.209731
v -0.550000 1.917520 5.492682
v -0.550000 -1.953749 5.209732
v -0.550000 -1.953749 4.488394
v -0.550000 -1.953749 3.520688
v -0.550000 -1.953749 3.390821
v -0.550000 -1.953749 3.260951
v -0.550000 -1.953749 2.298047
v -0.550000 1.917520 2.150794
v -0.550000 1.917520 2.298047
v -0.550000 -1.953749 2.150794
v -0.550000 -1.953749 2.047609
v -0.550000 -1.953749 1.158489
v -0.550000 -1.953749 1.028620
v -0.550000 -1.953749 0.898751
v -0.550000 -1.953748 -0.221307
v -0.550000 0.262502 -2.722131
v -0.550000 0.262502 16.590368
v -0.550000 -1.953749 16.534121
v -0.550000 -1.953749 16.590368
v -0.550000 -1.953749 16.626245
v -0.550000 0.262501 12.839621
v -0.550000 1.917520 12.839621
v -0.550000 1.917520 12.969490
v -0.550000 -1.287240 12.839621
v -0.550000 -1.287240 12.969490
v -0.550000 -1.287240 15.135490
v -0.550000 -1.287240 15.008083
v -0.550000 0.262502 15.296801
v -0.550000 -1.287240 15.296799
v -0.550000 1.917521 15.296801
v -0.550000 1.917521 15.008083
v -0.550000 1.917521 15.135490
v -0.550000 0.262501 14.089548
v -0.550000 1.917521 14.089548
v -0.550000 1.917520 10.477419
v -0.550000 1.917520 10.607288
v -0.550000 0.262501 10.477421
v -0.550000 -1.287240 10.477421
v -0.550000 -1.287240 10.607288
v -0.550000 -1.287240 12.709753
v -0.550000 1.917520 12.709753
v -0.550000 0.262501 11.717447
v -0.550000 0.262501 11.570194
v -0.550000 1.917520 11.472399
v -0.550000 1.917520 8.211058
v -0.550000 -1.287240 10.347551
v -0.550000 1.917520 10.347551
v -0.550000 0.262502 9.379847
v -0.550000 1.917520 9.379847
v -0.550000 0.262501 5.753019
v -0.550000 1.917520 5.753019
v -0.550000 1.917520 5.882889
v -0.550000 -1.287240 5.753019
v -0.550000 -1.287240 5.882889
v -0.550000 1.917520 7.985351
v -0.550000 0.262501 6.934119
v -0.550000 1.917520 6.934119
v -0.550000 0.262502 3.390820
v -0.550000 1.917520 3.390820
v -0.550000 1.917520 3.520689
v -0.550000 -1.287240 3.390820
v -0.550000 -1.287240 3.520688
v -0.550000 -1.287240 5.649998
v -0.550000 0.262502 4.488394
v -0.550000 1.917520 5.649998
v -0.550000 1.917520 4.488394
v -0.550000 1.917520 1.028620
v -0.550000 1.917520 1.158489
v -0.550000 0.262501 1.028620
v -0.550000 -1.287240 1.028620
v -0.550000 -1.287240 1.158489
v -0.550000 -1.287240 3.260951
v -0.550000 1.917520 3.260952
v -0.550000 0.262501 2.298047
v -0.550000 0.262501 2.150794
v -0.550000 1.917520 2.047609
v -0.550000 1.917520 -1.139844
v -0.550000 1.917520 -1.428561
v -0.550000 1.917520 -1.204751
v -0.550000 0.262502 -1.428561
v -0.550000 -1.287240 -1.204751
v -0.550000 -1.287240 -1.428561
v -0.550000 -1.287240 -1.139844
v -0.550000 0.262501 -0.221307
v -0.550000 -1.287240 0.898751
v -0.550000 1.917520 0.898751
v -0.550000 1.917520 -0.221305
v -0.550000 -1.953749 -2.722131
v -0.550000 -1.287240 -1.518101
v -0.550000 1.917520 -1.518101
v -0.675000 -2.312499 -0.221307
v -0.675000 -2.150472 -0.079797
v -0.675000 -2.154999 -0.108380
v -0.675000 -2.312499 0.898751
v -0.675000 -2.137334 -0.054009
v -0.675000 -2.150472 -0.136964
v -0.675000 -2.091084 -0.196353
v -0.675000 -2.062499 -0.200879
v -0.675000 -2.137334 -0.162751
v -0.675000 -1.969998 -0.108380
v -0.675000 -2.116870 -0.183213
v -0.675000 -2.116869 -0.033545
v -0.675000 -2.062498 -0.015879
v -0.675000 -1.974526 -0.079795
v -0.675000 -1.987664 -0.162749
v -0.675000 -1.974526 -0.136964
v -0.675000 -2.091084 -0.020407
v -0.675000 -2.008129 -0.033545
v -0.675000 -2.033915 -0.020407
v -0.675000 -1.987664 -0.054009
v -0.675000 -2.008128 -0.183213
v -0.675000 -2.033916 -0.196353
v -0.675000 -2.312499 1.028620
v -0.675000 -2.312499 1.158489
v -0.675000 -2.312499 2.047609
v -0.675000 -2.150472 1.485204
v -0.675000 -2.154999 1.456620
v -0.675000 -2.137334 1.510990
v -0.675000 -2.150472 1.428036
v -0.675000 -2.091084 1.368648
v -0.675000 -2.137334 1.402250
v -0.675000 -1.969998 1.456620
v -0.675000 -2.116870 1.381786
v -0.675000 -2.116870 1.531454
v -0.675000 -2.062499 1.549120
v -0.675000 -1.974526 1.485204
v -0.675000 -1.987664 1.402250
v -0.675000 -1.974526 1.428036
v -0.675000 -2.091084 1.544593
v -0.675000 -2.008128 1.531454
v -0.675000 -2.033915 1.544593
v -0.675000 -1.987664 1.510990
v -0.675000 -2.008128 1.381786
v -0.675000 -2.062499 1.364120
v -0.675000 -2.033915 1.368648
v -0.675000 2.637502 2.047609
v -0.675000 -2.312499 2.150794
v -0.675000 2.329501 2.239120
v -0.675000 2.332339 2.257043
v -0.675000 2.369578 2.183959
v -0.675000 2.387502 2.181121
v -0.675000 2.340578 2.205030
v -0.675000 2.353409 2.192197
v -0.675000 2.332339 2.221197
v -0.675000 2.340578 2.273212
v -0.675000 2.369578 2.294281
v -0.675000 2.353409 2.286043
v -0.675000 2.637502 2.298047
v -0.675000 2.387502 2.297120
v -0.675000 2.434424 2.273212
v -0.675000 2.421593 2.286044
v -0.675000 2.637502 2.150794
v -0.675000 2.442662 2.221196
v -0.675000 2.445501 2.239120
v -0.675000 2.405424 2.183959
v -0.675000 2.421593 2.192197
v -0.675000 2.405424 2.294281
v -0.675000 2.442662 2.257043
v -0.675000 2.434424 2.205030
v -0.675000 -2.312499 2.298047
v -0.675000 -2.312499 3.260951
v -0.675000 -2.154999 3.021620
v -0.675000 -2.150472 2.993036
v -0.675000 -2.150472 3.050204
v -0.675000 -2.137334 3.075990
v -0.675000 -2.091084 2.933647
v -0.675000 -2.062499 2.929120
v -0.675000 -2.137334 2.967250
v -0.675000 -1.974526 2.993036
v -0.675000 -1.969998 3.021620
v -0.675000 -2.116870 2.946786
v -0.675000 -2.116870 3.096454
v -0.675000 -2.062499 3.114120
v -0.675000 -2.091084 3.109594
v -0.675000 -1.974526 3.050204
v -0.675000 -1.987664 2.967250
v -0.675000 -2.008129 3.096454
v -0.675000 -2.033915 3.109594
v -0.675000 -1.987664 3.075990
v -0.675000 -2.008128 2.946786
v -0.675000 -2.033915 2.933647
v -0.675000 -2.312499 3.390820
v -0.675000 -2.312499 3.520688
v -0.675000 -2.312499 4.488394
v -0.675000 -2.150472 4.615203
v -0.675000 -2.154999 4.586619
v -0.675000 -2.312499 5.209732
v -0.675000 -2.137334 4.640989
v -0.675000 -2.150472 4.558036
v -0.675000 -2.091084 4.498647
v -0.675000 -2.062499 4.494120
v -0.675000 -2.137334 4.532249
v -0.675000 -1.969998 4.586619
v -0.675000 -2.116869 4.511786
v -0.675000 -2.116870 4.661453
v -0.675000 -2.062499 4.679120
v -0.675000 -1.974526 4.615203
v -0.675000 -1.987664 4.532250
v -0.675000 -1.974526 4.558036
v -0.675000 -2.091084 4.674592
v -0.675000 -2.008128 4.661453
v -0.675000 -2.033915 4.674592
v -0.675000 -1.987664 4.640989
v -0.675000 -2.008128 4.511786
v -0.675000 -2.033915 4.498647
v -0.675000 2.329501 5.369120
v -0.675000 2.332339 5.387042
v -0.675000 2.369578 5.313958
v -0.675000 2.387502 5.311119
v -0.675000 2.340578 5.335029
v -0.675000 2.353409 5.322196
v -0.675000 2.332339 5.351196
v -0.675000 2.340578 5.403212
v -0.675000 2.369578 5.424281
v -0.675000 2.353409 5.416042
v -0.675000 2.637502 5.492682
v -0.675000 2.387502 5.427119
v -0.675000 2.434424 5.403212
v -0.675000 2.421593 5.416042
v -0.675000 2.637502 5.209731
v -0.675000 2.442662 5.351196
v -0.675000 2.445501 5.369120
v -0.675000 2.405424 5.313958
v -0.675000 2.421593 5.322196
v -0.675000 2.405424 5.424280
v -0.675000 2.442662 5.387042
v -0.675000 2.434424 5.335029
v -0.675000 -2.312499 5.492682
v -0.675000 -2.312499 5.649998
v -0.675000 -2.312498 5.753019
v -0.675000 -2.312498 5.882889
v -0.675000 -2.312499 6.934119
v -0.675000 -2.150472 6.180203
v -0.675000 -2.154999 6.151620
v -0.675000 -2.137334 6.205990
v -0.675000 -2.150472 6.123035
v -0.675000 -2.091084 6.063646
v -0.675000 -2.137334 6.097250
v -0.675000 -1.969998 6.151620
v -0.675000 -2.116870 6.076786
v -0.675000 -2.116870 6.226454
v -0.675000 -2.062499 6.244120
v -0.675000 -1.974526 6.180203
v -0.675000 -1.987664 6.097250
v -0.675000 -1.974526 6.123035
v -0.675000 -2.091084 6.239593
v -0.675000 -2.008128 6.226454
v -0.675000 -2.033915 6.239593
v -0.675000 -1.987664 6.205990
v -0.675000 -2.008128 6.076786
v -0.675000 -2.062499 6.059119
v -0.675000 -2.033915 6.063646
v -0.675000 -2.091084 7.628647
v -0.675000 -2.062499 7.624120
v -0.675000 -1.987664 7.770990
v -0.675000 -2.008128 7.791454
v -0.675000 -1.974526 7.688036
v -0.675000 -1.969998 7.716619
v -0.675000 -2.008128 7.641786
v -0.675000 -1.987664 7.662250
v -0.675000 -2.033915 7.628647
v -0.675000 -2.116870 7.641786
v -0.675000 -2.150472 7.688036
v -0.675000 -2.137334 7.662250
v -0.675000 -2.312499 7.985351
v -0.675000 -2.154999 7.716619
v -0.675000 -2.116870 7.791454
v -0.675000 -2.137334 7.770990
v -0.675000 -1.974526 7.745204
v -0.675000 -2.150472 7.745204
v -0.675000 -2.062499 7.809120
v -0.675000 -2.091084 7.804594
v -0.675000 -2.033915 7.804594
v -0.675000 -1.540053 8.077038
v -0.675000 -1.525681 8.062666
v -0.675000 -1.467425 8.053440
v -0.675000 -1.449317 8.062666
v -0.675000 -1.507573 8.053440
v -0.675000 -1.487498 8.050261
v -0.675000 -1.549281 8.095146
v -0.675000 -1.552460 8.115221
v -0.675000 -1.507573 8.177002
v -0.675000 -1.525681 8.167774
v -0.675000 -1.487498 8.180182
v -0.675000 -1.549281 8.135294
v -0.675000 -1.434945 8.153402
v -0.675000 -1.449317 8.167774
v -0.675000 -1.425717 8.095146
v -0.675000 -1.422539 8.115221
v -0.675000 -1.434945 8.077038
v -0.675000 -1.540053 8.153402
v -0.675000 -1.467425 8.177002
v -0.675000 -1.425717 8.135294
v -0.675000 -2.312499 8.211058
v -0.675000 -2.312499 8.275967
v -0.675000 2.329501 8.499121
v -0.675000 2.332339 8.481197
v -0.675000 2.340578 8.465029
v -0.675000 2.332339 8.517042
v -0.675000 2.369578 8.443958
v -0.675000 2.387502 8.441120
v -0.675000 2.353409 8.546043
v -0.675000 2.340578 8.533213
v -0.675000 2.353409 8.452196
v -0.675000 2.637502 8.651323
v -0.675000 2.387502 8.557121
v -0.675000 2.442662 8.517042
v -0.675000 2.434424 8.533213
v -0.675000 2.637502 8.275967
v -0.675000 2.442662 8.481197
v -0.675000 2.445501 8.499121
v -0.675000 2.421593 8.452196
v -0.675000 2.434424 8.465029
v -0.675000 2.369578 8.554281
v -0.675000 2.421593 8.546043
v -0.675000 2.405425 8.554281
v -0.675000 2.405424 8.443958
v -0.675000 -2.312499 8.651323
v -0.675000 -2.091084 9.193647
v -0.675000 -2.062499 9.189119
v -0.675000 -2.312499 9.379847
v -0.675000 -2.150472 9.253036
v -0.675000 -1.987664 9.335991
v -0.675000 -2.008128 9.356455
v -0.675000 -1.974526 9.253036
v -0.675000 -1.969998 9.281620
v -0.675000 -2.008128 9.206785
v -0.675000 -1.987664 9.227249
v -0.675000 -2.033915 9.193647
v -0.675000 -2.116870 9.206785
v -0.675000 -2.137334 9.227251
v -0.675000 -2.116870 9.356455
v -0.675000 -2.137334 9.335991
v -0.675000 -1.974526 9.310204
v -0.675000 -2.154999 9.281620
v -0.675000 -2.150472 9.310204
v -0.675000 -2.062499 9.374121
v -0.675000 -2.091084 9.369593
v -0.675000 -2.033915 9.369593
v -0.675000 -2.312499 10.347551
v -0.675000 -2.312499 10.477421
v -0.675000 -2.312499 10.607288
v -0.675000 -2.091084 10.758646
v -0.675000 -1.987664 10.900990
v -0.675000 -2.008128 10.921453
v -0.675000 -2.008128 10.771786
v -0.675000 -1.987664 10.792250
v -0.675000 -2.062499 10.754120
v -0.675000 -2.033915 10.758646
v -0.675000 -2.116870 10.771786
v -0.675000 -2.150472 10.818037
v -0.675000 -2.137334 10.792250
v -0.675000 -2.312499 11.472399
v -0.675000 -2.150472 10.875204
v -0.675000 -2.116870 10.921453
v -0.675000 -2.137334 10.900990
v -0.675000 -1.974526 10.875204
v -0.675000 -1.969998 10.846621
v -0.675000 -1.974526 10.818037
v -0.675000 -2.154999 10.846621
v -0.675000 -2.062499 10.939119
v -0.675000 -2.091084 10.934593
v -0.675000 -2.033915 10.934593
v -0.675000 2.637502 11.472399
v -0.675000 -2.312499 11.570194
v -0.675000 2.332339 11.647043
v -0.675000 2.329501 11.629120
v -0.675000 2.332339 11.611197
v -0.675000 2.340578 11.595030
v -0.675000 2.353409 11.676043
v -0.675000 2.340578 11.663212
v -0.675000 2.353409 11.582197
v -0.675000 2.369578 11.573959
v -0.675000 2.637501 11.717447
v -0.675000 2.387501 11.687120
v -0.675000 2.442663 11.647043
v -0.675000 2.434424 11.663212
v -0.675000 2.637501 11.570194
v -0.675000 2.445501 11.629120
v -0.675000 2.421593 11.582197
v -0.675000 2.434424 11.595030
v -0.675000 2.387501 11.571119
v -0.675000 2.369578 11.684280
v -0.675000 2.421592 11.676043
v -0.675000 2.405425 11.684280
v -0.675000 2.442663 11.611197
v -0.675000 2.405425 11.573959
v -0.675000 -2.312499 11.717447
v -0.675000 -2.091084 12.323647
v -0.675000 -2.062499 12.319120
v -0.675000 -2.312499 12.709753
v -0.675000 -2.154999 12.411619
v -0.675000 -2.116870 12.336786
v -0.675000 -2.150472 12.383036
v -0.675000 -2.137334 12.465990
v -0.675000 -2.150472 12.440205
v -0.675000 -2.062499 12.504120
v -0.675000 -2.091084 12.499594
v -0.675000 -2.137334 12.357250
v -0.675000 -1.987664 12.465990
v -0.675000 -2.008128 12.486454
v -0.675000 -1.974526 12.383036
v -0.675000 -1.969998 12.411621
v -0.675000 -2.033915 12.323647
v -0.675000 -2.008128 12.336786
v -0.675000 -2.116870 12.486454
v -0.675000 -2.033915 12.499594
v -0.675000 -1.974526 12.440205
v -0.675000 -1.987664 12.357250
v -0.675000 -2.312499 12.839621
v -0.675000 -2.312499 12.969490
v -0.675000 -2.091084 13.888647
v -0.675000 -2.062499 13.884121
v -0.675000 -2.312499 14.089548
v -0.675000 -2.150472 13.948036
v -0.675000 -2.116870 13.901787
v -0.675000 -2.154998 13.976620
v -0.675000 -2.137334 14.030991
v -0.675000 -2.150472 14.005203
v -0.675000 -2.062499 14.069120
v -0.675000 -2.137334 13.922249
v -0.675000 -2.091083 14.064592
v -0.675000 -1.987664 14.030991
v -0.675000 -2.008128 14.051455
v -0.675000 -1.974526 13.948036
v -0.675000 -1.969998 13.976620
v -0.675000 -2.033916 13.888647
v -0.675000 -2.008128 13.901787
v -0.675000 -2.116870 14.051455
v -0.675000 -2.033914 14.064592
v -0.675000 -1.974526 14.005205
v -0.675000 -1.987664 13.922251
v -0.675000 0.262502 16.934118
v -0.675000 0.531201 16.727198
v -0.675000 0.519421 16.715418
v -0.675000 0.562502 16.737368
v -0.675000 0.546045 16.734762
v -0.675000 1.917520 16.934118
v -0.675000 0.578957 16.734762
v -0.675000 0.562502 16.630869
v -0.675000 0.593801 16.727198
v -0.675000 0.593801 16.641039
v -0.675000 0.605581 16.652819
v -0.675000 0.578957 16.633474
v -0.675000 0.531201 16.641039
v -0.675000 0.546045 16.633474
v -0.675000 0.511857 16.667665
v -0.675000 0.519421 16.652819
v -0.675000 0.613145 16.700575
v -0.675000 0.605581 16.715418
v -0.675000 0.511858 16.700575
v -0.675000 0.615751 16.684118
v -0.675000 0.509252 16.684118
v -0.675000 0.613145 16.667665
v -0.675000 -0.546043 16.633474
v -0.675000 -0.531199 16.641039
v -0.675000 -0.562498 16.630869
v -0.675000 -0.593799 16.641039
v -0.675000 -0.578955 16.633474
v -0.675000 -0.546043 16.734762
v -0.675000 -0.562498 16.737368
v -0.675000 -0.531199 16.727198
v -0.675000 -0.605579 16.652819
v -0.675000 -0.615748 16.684118
v -0.675000 -0.613143 16.667665
v -0.675000 -1.287239 16.934118
v -0.675000 -0.578955 16.734762
v -0.675000 -0.593799 16.727198
v -0.675000 -0.519419 16.652819
v -0.675000 -0.511855 16.667665
v -0.675000 -0.613143 16.700575
v -0.675000 -0.509249 16.684118
v -0.675000 -0.605579 16.715418
v -0.675000 -0.519419 16.715418
v -0.675000 -0.511855 16.700575
v -0.675000 -2.187498 15.135490
v -0.675000 -2.312498 15.135490
v -0.675000 -2.312498 15.296799
v -0.675000 -2.187499 15.008083
v -0.675000 -2.312499 15.008083
v -0.675000 -2.101127 14.232738
v -0.675000 -2.062499 14.226622
v -0.675000 -2.187499 14.351622
v -0.675000 -2.181382 14.312994
v -0.675000 -2.163627 14.278147
v -0.675000 -2.135972 14.250494
v -0.675000 -2.023871 14.232738
v -0.675000 -1.989026 14.250494
v -0.675000 -1.937499 15.008083
v -0.675000 -1.937499 15.135490
v -0.675000 -1.507573 15.140039
v -0.675000 -1.487498 15.136860
v -0.675000 -1.525681 15.149267
v -0.675000 -1.937499 15.296799
v -0.675000 -1.549281 15.221895
v -0.675000 -1.552460 15.201820
v -0.675000 -1.487498 15.266781
v -0.675000 -1.449317 15.254374
v -0.675000 -1.467425 15.263601
v -0.675000 -1.549281 15.181746
v -0.675000 -1.540053 15.240004
v -0.675000 -1.422539 15.201820
v -0.675000 -1.540053 15.163637
v -0.675000 -1.434945 15.240004
v -0.675000 -1.425717 15.221895
v -0.675000 -1.467425 15.140039
v -0.675000 -1.449317 15.149267
v -0.675000 -1.507573 15.263601
v -0.675000 -1.525681 15.254374
v -0.675000 -1.434945 15.163637
v -0.675000 -1.425717 15.181746
v -0.675000 2.637502 -1.139844
v -0.675000 2.387502 -1.140881
v -0.675000 2.637502 -1.204751
v -0.675000 2.488628 -1.192406
v -0.675000 2.314027 -1.164754
v -0.675000 2.286374 -1.192406
v -0.675000 2.426128 -1.147000
v -0.675000 2.460975 -1.164754
v -0.675000 2.348874 -1.147000
v -0.675000 2.262502 -1.428561
v -0.675000 2.012502 -1.398541
v -0.675000 1.992427 -1.395362
v -0.675000 1.950719 -1.353654
v -0.675000 1.959947 -1.371764
v -0.675000 1.950719 -1.313508
v -0.675000 1.947539 -1.333581
v -0.675000 1.974319 -1.281026
v -0.675000 1.959947 -1.295398
v -0.675000 2.032575 -1.395362
v -0.675000 2.074283 -1.353654
v -0.675000 2.077461 -1.333581
v -0.675000 2.050683 -1.386136
v -0.675000 2.065056 -1.371764
v -0.675000 1.974319 -1.386136
v -0.675000 2.032575 -1.271800
v -0.675000 2.012502 -1.268620
v -0.675000 2.065055 -1.295398
v -0.675000 2.268619 -1.227254
v -0.675000 2.262502 -1.265881
v -0.675000 1.992427 -1.271800
v -0.675000 2.050683 -1.281026
v -0.675000 2.074283 -1.313508
v -0.675000 2.262502 -1.518101
v -0.675000 2.637502 -1.518101
v -0.675000 2.512502 -1.518101
v -0.675000 2.512502 -1.428561
v -0.675000 2.637502 -1.428561
v -0.675000 2.512502 -1.265881
v -0.675000 2.506383 -1.227254
v -0.675000 2.637502 9.379847
v -0.675000 2.512502 9.379847
v -0.675000 2.512502 10.347551
v -0.675000 2.637502 10.347551
v -0.675000 2.512502 10.477421
v -0.675000 2.637502 10.477421
v -0.675000 2.512502 10.607288
v -0.675000 2.387501 11.375528
v -0.675000 2.348874 11.369410
v -0.675000 2.460975 11.351656
v -0.675000 2.426128 11.369410
v -0.675000 2.262501 11.250528
v -0.675000 2.314027 11.351656
v -0.675000 2.488628 11.324001
v -0.675000 2.637502 10.607288
v -0.675000 2.512501 11.250528
v -0.675000 2.268619 11.289156
v -0.675000 2.286374 11.324001
v -0.675000 2.506383 11.289156
v -0.675000 2.262502 9.379847
v -0.675000 2.512501 8.870527
v -0.675000 2.262501 8.870527
v -0.675000 2.506383 8.831902
v -0.675000 2.488628 8.797054
v -0.675000 2.348873 8.751646
v -0.675000 2.387501 8.745527
v -0.675000 2.268619 8.831902
v -0.675000 2.460975 8.769402
v -0.675000 2.426128 8.751646
v -0.675000 2.314027 8.769402
v -0.675000 2.286374 8.797054
v -0.675000 2.637502 5.753019
v -0.675000 2.512502 5.753019
v -0.675000 2.512502 5.882889
v -0.675000 2.637502 5.882889
v -0.675000 2.512502 6.934119
v -0.675000 2.637502 6.934119
v -0.675000 2.512502 7.985351
v -0.675000 2.637502 7.985351
v -0.675000 2.512502 8.116936
v -0.675000 2.637502 8.211058
v -0.675000 2.506384 8.155563
v -0.675000 2.488628 8.190409
v -0.675000 2.348873 8.235817
v -0.675000 2.314028 8.218063
v -0.675000 2.387502 8.241936
v -0.675000 2.460975 8.218063
v -0.675000 2.426128 8.235817
v -0.675000 2.074283 8.135294
v -0.675000 2.268619 8.155563
v -0.675000 2.262502 8.116936
v -0.675000 1.959946 8.077038
v -0.675000 1.974318 8.062666
v -0.675000 1.947540 8.115219
v -0.675000 2.012501 8.180182
v -0.675000 1.992427 8.177000
v -0.675000 2.077461 8.115219
v -0.675000 2.262502 7.985351
v -0.675000 2.012501 8.050261
v -0.675000 1.992427 8.053438
v -0.675000 1.950719 8.095146
v -0.675000 1.959946 8.153402
v -0.675000 1.950719 8.135294
v -0.675000 1.974318 8.167774
v -0.675000 2.032574 8.177000
v -0.675000 2.065056 8.153402
v -0.675000 2.050683 8.167774
v -0.675000 2.286373 8.190409
v -0.675000 2.074283 8.095146
v -0.675000 2.032574 8.053438
v -0.675000 2.065056 8.077038
v -0.675000 2.050683 8.062666
v -0.675000 2.262502 6.934119
v -0.675000 2.262502 5.882889
v -0.675000 2.460975 5.635808
v -0.675000 2.488628 5.663463
v -0.675000 2.348873 5.618053
v -0.675000 2.387502 5.611936
v -0.675000 2.426128 5.618053
v -0.675000 2.286373 5.663463
v -0.675000 2.314027 5.635808
v -0.675000 2.637502 5.649998
v -0.675000 2.506383 5.698308
v -0.675000 2.512502 5.736936
v -0.675000 2.637502 3.260951
v -0.675000 2.512502 3.260951
v -0.675000 2.512502 3.390820
v -0.675000 2.637502 3.390820
v -0.675000 2.512502 3.520688
v -0.675000 2.637502 3.520688
v -0.675000 2.512502 4.488394
v -0.675000 2.262502 4.983343
v -0.675000 2.268619 5.021971
v -0.675000 2.286373 5.056817
v -0.675000 2.387502 5.108343
v -0.675000 2.314027 5.084470
v -0.675000 2.426128 5.102225
v -0.675000 2.637502 4.488394
v -0.675000 2.512502 4.983343
v -0.675000 2.348873 5.102225
v -0.675000 2.460975 5.084471
v -0.675000 2.506383 5.021971
v -0.675000 2.488628 5.056816
v -0.675000 2.262502 3.520688
v -0.675000 2.426128 2.484462
v -0.675000 2.460975 2.502218
v -0.675000 2.348873 2.484462
v -0.675000 2.387502 2.478345
v -0.675000 2.488628 2.529870
v -0.675000 2.286373 2.529870
v -0.675000 2.314027 2.502218
v -0.675000 2.512502 2.603345
v -0.675000 2.268619 2.564718
v -0.675000 2.506383 2.564718
v -0.675000 2.262502 3.260951
v -0.675000 2.262502 2.603345
v -0.675000 2.637502 -0.221305
v -0.675000 2.512502 -0.221305
v -0.675000 2.512502 0.898751
v -0.675000 2.637502 0.898751
v -0.675000 2.512502 1.028621
v -0.675000 2.637502 1.028621
v -0.675000 2.512502 1.158489
v -0.675000 2.348873 1.968635
v -0.675000 2.314027 1.950879
v -0.675000 2.387502 1.974752
v -0.675000 2.286373 1.923225
v -0.675000 2.426128 1.968635
v -0.675000 2.488628 1.923225
v -0.675000 2.460975 1.950879
v -0.675000 2.262502 1.849752
v -0.675000 2.506383 1.888379
v -0.675000 2.268619 1.888379
v -0.675000 2.637502 1.158489
v -0.675000 2.512502 1.849752
v -0.675000 2.262502 -0.221305
v -0.675000 2.348874 -0.649131
v -0.675000 2.387502 -0.655249
v -0.675000 2.286373 -0.603722
v -0.675000 2.314027 -0.631375
v -0.675000 2.268619 -0.568875
v -0.675000 2.426128 -0.649131
v -0.675000 2.460975 -0.631375
v -0.675000 2.506383 -0.568875
v -0.675000 2.488628 -0.603722
v -0.675000 2.262502 -0.530249
v -0.675000 2.512502 -0.530249
v -0.675000 0.262502 -1.458581
v -0.675000 -1.149480 -1.458581
v -0.675000 -1.208097 -1.499390
v -0.675000 -1.185193 -1.469788
v -0.675000 -1.198913 -1.482835
v -0.675000 -1.168197 -1.461447
v -0.675000 1.614944 -1.481232
v -0.675000 1.601375 -1.469018
v -0.675000 1.566794 -1.458581
v -0.675000 1.624404 -1.496846
v -0.675000 1.628950 -1.514527
v -0.675000 1.584855 -1.461247
v -0.675000 2.012501 5.688060
v -0.675000 2.262502 5.736936
v -0.675000 2.074283 5.732945
v -0.675000 2.077461 5.753019
v -0.675000 1.992427 5.691238
v -0.675000 1.950719 5.732945
v -0.675000 2.262502 5.753019
v -0.675000 2.268619 5.698308
v -0.675000 2.050683 5.700465
v -0.675000 2.065055 5.714837
v -0.675000 2.032574 5.691238
v -0.675000 1.959946 5.714836
v -0.675000 1.974318 5.700465
v -0.675000 1.947540 5.753019
v -0.675000 1.959946 5.791203
v -0.675000 1.950719 5.773093
v -0.675000 2.032574 5.814800
v -0.675000 2.012501 5.817981
v -0.675000 1.974318 5.805573
v -0.675000 2.074283 5.773093
v -0.675000 1.992427 5.814800
v -0.675000 2.065055 5.791203
v -0.675000 2.050683 5.805573
v -0.675000 2.262502 10.347551
v -0.675000 2.012501 10.412460
v -0.675000 2.262502 10.477421
v -0.675000 2.074283 10.457346
v -0.675000 2.032574 10.415638
v -0.675000 1.959947 10.439238
v -0.675000 1.974319 10.424866
v -0.675000 1.950719 10.457346
v -0.675000 2.065056 10.439238
v -0.675000 2.050683 10.424866
v -0.675000 1.992427 10.415640
v -0.675000 1.947540 10.477421
v -0.675000 1.959946 10.515602
v -0.675000 1.950719 10.497494
v -0.675000 2.012501 10.542381
v -0.675000 1.992427 10.539202
v -0.675000 2.262502 10.607288
v -0.675000 2.032575 10.539202
v -0.675000 2.065055 10.515602
v -0.675000 2.050683 10.529974
v -0.675000 2.077461 10.477421
v -0.675000 2.074283 10.497494
v -0.675000 1.974318 10.529974
v -0.675000 -1.507573 0.966839
v -0.675000 -1.487499 0.963660
v -0.675000 -1.467426 0.966840
v -0.675000 -1.549281 1.008546
v -0.675000 -1.540054 0.990438
v -0.675000 -1.552460 1.028620
v -0.675000 -1.425718 1.008546
v -0.675000 -1.449317 0.976066
v -0.675000 -1.434945 0.990438
v -0.675000 -1.525682 0.976066
v -0.675000 -1.487499 1.093581
v -0.675000 -1.549281 1.048694
v -0.675000 -1.525682 1.081174
v -0.675000 -1.540054 1.066804
v -0.675000 -1.467426 1.090402
v -0.675000 -1.434945 1.066803
v -0.675000 -1.449317 1.081174
v -0.675000 -1.507573 1.090402
v -0.675000 -1.425718 1.048694
v -0.675000 -1.422539 1.028619
v -0.675000 -1.507573 3.329039
v -0.675000 -1.487499 3.325860
v -0.675000 -1.467425 3.329039
v -0.675000 -1.549281 3.370746
v -0.675000 -1.540053 3.352637
v -0.675000 -1.552460 3.390821
v -0.675000 -1.425717 3.370746
v -0.675000 -1.449317 3.338266
v -0.675000 -1.434945 3.352637
v -0.675000 -1.525681 3.338266
v -0.675000 -1.487499 3.455781
v -0.675000 -1.549281 3.410894
v -0.675000 -1.525681 3.443374
v -0.675000 -1.540053 3.429003
v -0.675000 -1.467425 3.452602
v -0.675000 -1.434945 3.429003
v -0.675000 -1.449317 3.443374
v -0.675000 -1.507573 3.452601
v -0.675000 -1.425717 3.410894
v -0.675000 -1.422539 3.390821
v -0.675000 -1.507573 5.691238
v -0.675000 -1.487498 5.688060
v -0.675000 -1.467425 5.691238
v -0.675000 -1.549281 5.732945
v -0.675000 -1.540053 5.714837
v -0.675000 -1.552460 5.753019
v -0.675000 -1.425717 5.732945
v -0.675000 -1.449317 5.700465
v -0.675000 -1.434945 5.714837
v -0.675000 -1.525682 5.700465
v -0.675000 -1.487499 5.817981
v -0.675000 -1.549281 5.773093
v -0.675000 -1.525681 5.805573
v -0.675000 -1.540053 5.791203
v -0.675000 -1.467426 5.814800
v -0.675000 -1.434945 5.791203
v -0.675000 -1.449317 5.805573
v -0.675000 -1.507573 5.814800
v -0.675000 -1.425718 5.773093
v -0.675000 -1.422539 5.753019
v -0.675000 -1.467425 10.415640
v -0.675000 -1.449317 10.424866
v -0.675000 -1.540053 10.439238
v -0.675000 -1.525681 10.424866
v -0.675000 -1.487498 10.412460
v -0.675000 -1.507573 10.415638
v -0.675000 -1.549281 10.457346
v -0.675000 -1.425717 10.457346
v -0.675000 -1.434945 10.439238
v -0.675000 -1.552460 10.477419
v -0.675000 -1.507573 10.539202
v -0.675000 -1.525681 10.529974
v -0.675000 -1.487498 10.542381
v -0.675000 -1.434945 10.515602
v -0.675000 -1.449317 10.529974
v -0.675000 -1.467425 10.539202
v -0.675000 -1.549281 10.497494
v -0.675000 -1.540053 10.515604
v -0.675000 -1.425717 10.497494
v -0.675000 -1.422539 10.477421
v -0.675000 -1.467426 12.777840
v -0.675000 -1.449317 12.787066
v -0.675000 -1.425718 12.819546
v -0.675000 -1.434945 12.801437
v -0.675000 -1.507573 12.777840
v -0.675000 -1.487499 12.774660
v -0.675000 -1.540054 12.801437
v -0.675000 -1.525682 12.787066
v -0.675000 -1.549281 12.819546
v -0.675000 -1.552460 12.839621
v -0.675000 -1.507573 12.901402
v -0.675000 -1.525682 12.892174
v -0.675000 -1.549281 12.859694
v -0.675000 -1.540054 12.877804
v -0.675000 -1.487499 12.904581
v -0.675000 -1.434945 12.877804
v -0.675000 -1.449317 12.892174
v -0.675000 -1.467426 12.901402
v -0.675000 -1.425718 12.859694
v -0.675000 -1.422539 12.839621
v -0.675000 2.012501 3.325860
v -0.675000 1.992427 3.329039
v -0.675000 1.950719 3.370746
v -0.675000 2.032574 3.329039
v -0.675000 1.959946 3.352637
v -0.675000 2.262502 3.390820
v -0.675000 2.074283 3.370746
v -0.675000 2.050683 3.338266
v -0.675000 2.065055 3.352637
v -0.675000 1.974318 3.338266
v -0.675000 1.947540 3.390820
v -0.675000 1.959946 3.429003
v -0.675000 1.950719 3.410894
v -0.675000 2.032574 3.452601
v -0.675000 2.012501 3.455781
v -0.675000 1.974318 3.443374
v -0.675000 2.077461 3.390820
v -0.675000 2.074283 3.410894
v -0.675000 1.992427 3.452601
v -0.675000 2.065055 3.429003
v -0.675000 2.050683 3.443374
v -0.675000 2.262502 0.898751
v -0.675000 2.012501 0.963660
v -0.675000 1.992427 0.966839
v -0.675000 1.950719 1.008546
v -0.675000 2.032574 0.966840
v -0.675000 1.959946 0.990438
v -0.675000 2.262502 1.028621
v -0.675000 2.074283 1.008546
v -0.675000 2.050683 0.976066
v -0.675000 2.065055 0.990438
v -0.675000 1.974318 0.976066
v -0.675000 1.947540 1.028620
v -0.675000 1.959946 1.066804
v -0.675000 1.950719 1.048694
v -0.675000 2.262502 1.158489
v -0.675000 2.032574 1.090402
v -0.675000 2.012501 1.093581
v -0.675000 1.974318 1.081174
v -0.675000 2.077461 1.028619
v -0.675000 2.074283 1.048694
v -0.675000 1.992427 1.090402
v -0.675000 2.065055 1.066803
v -0.675000 2.050683 1.081174
v -0.675000 -2.203415 -2.877625
v -0.675000 -2.262983 -2.782822
v -0.675000 -2.029440 -3.016366
v -0.675000 -2.124243 -2.956795
v -0.675000 -1.923759 -3.053345
v -0.675000 -2.312498 16.434118
v -0.675000 -2.187498 16.351618
v -0.675000 -2.299962 16.545382
v -0.675000 -2.062498 16.476618
v -0.675000 -2.181381 16.390245
v -0.675000 -2.163627 16.425093
v -0.675000 -2.101127 16.470503
v -0.675000 -2.135972 16.452749
v -0.675000 -1.961371 16.425093
v -0.675000 -1.989026 16.452745
v -0.675000 -2.023871 16.470503
v -0.675000 -2.262983 16.651060
v -0.675000 -2.203415 16.745863
v -0.675000 -2.124244 16.825037
v -0.675000 -2.029441 16.884604
v -0.675000 -1.812498 16.934118
v -0.675000 -1.923759 16.921583
v -0.675000 2.248761 16.921583
v -0.675000 2.354443 16.884604
v -0.675000 2.449245 16.825037
v -0.675000 2.137502 16.934118
v -0.675000 2.528417 16.745863
v -0.675000 -1.107733 0.930381
v -0.675000 -1.112950 0.913602
v -0.675000 0.262501 0.966120
v -0.675000 -1.051252 0.966120
v -0.675000 -1.098052 0.945045
v -0.675000 -1.068650 0.963651
v -0.675000 -1.084672 0.956435
v -0.675000 0.281056 -0.060408
v -0.675000 0.421050 -0.143864
v -0.675000 0.447515 -0.100999
v -0.675000 0.297939 -0.052209
v -0.675000 1.611692 0.852138
v -0.675000 0.421050 -0.161094
v -0.675000 1.789562 0.822826
v -0.675000 0.425754 -0.177668
v -0.675000 0.434805 -0.192328
v -0.675000 0.425754 -0.127291
v -0.675000 0.434805 -0.112630
v -0.675000 1.624621 0.864038
v -0.675000 1.638291 0.896034
v -0.675000 1.806988 0.831193
v -0.675000 0.447515 -0.203961
v -0.675000 1.887502 -0.221305
v -0.675000 1.887501 0.771344
v -0.675000 1.633728 0.879066
v -0.675000 1.826136 0.833835
v -0.675000 1.884511 0.790443
v -0.675000 1.875830 0.807712
v -0.675000 0.262501 -0.063227
v -0.675000 1.845176 0.830499
v -0.675000 1.862286 0.821504
v -0.675000 1.623053 0.945045
v -0.675000 1.609673 0.956435
v -0.675000 1.637951 0.913602
v -0.675000 1.576253 0.966120
v -0.675000 1.632734 0.930381
v -0.675000 1.593651 0.963650
v -0.675000 0.099247 -0.127291
v -0.675000 0.090196 -0.112630
v -0.675000 0.227062 -0.052209
v -0.675000 0.243945 -0.060408
v -0.675000 0.103951 -0.143864
v -0.675000 0.103951 -0.161094
v -0.675000 0.077486 -0.100999
v -0.675000 -1.264561 0.822826
v -0.675000 -1.086691 0.852138
v -0.675000 0.090196 -0.192328
v -0.675000 0.099247 -0.177668
v -0.675000 -1.099620 0.864038
v -0.675000 0.077486 -0.203961
v -0.675000 -1.113290 0.896034
v -0.675000 -1.108727 0.879066
v -0.675000 -1.281987 0.831192
v -0.675000 -1.362499 0.771344
v -0.675000 -1.359510 0.790443
v -0.675000 -1.320175 0.830498
v -0.675000 -1.337285 0.821504
v -0.675000 -1.350829 0.807712
v -0.675000 -1.301135 0.833835
v -0.675000 1.632733 -1.235341
v -0.675000 1.637952 -1.218564
v -0.675000 1.593652 -1.268611
v -0.675000 1.609674 -1.261395
v -0.675000 1.623054 -1.250005
v -0.675000 0.262502 -1.271081
v -0.675000 1.576253 -1.271081
v -0.675000 1.633728 -1.184026
v -0.675000 1.624621 -1.168998
v -0.675000 1.638291 -1.200995
v -0.675000 0.297939 -0.252751
v -0.675000 0.281056 -0.244551
v -0.675000 1.789562 -1.127785
v -0.675000 1.611691 -1.157098
v -0.675000 1.887502 -1.076306
v -0.675000 1.884511 -1.095402
v -0.675000 1.862287 -1.126466
v -0.675000 1.875831 -1.112672
v -0.675000 1.826137 -1.138795
v -0.675000 1.806989 -1.136153
v -0.675000 1.845176 -1.135459
v -0.675000 0.262501 -0.241732
v -0.675000 0.227062 -0.252751
v -0.675000 -1.086692 -1.157098
v -0.675000 0.243945 -0.244551
v -0.675000 -1.281987 -1.136153
v -0.675000 -1.264562 -1.127785
v -0.675000 -1.108727 -1.184026
v -0.675000 -1.113290 -1.200995
v -0.675000 -1.099620 -1.168998
v -0.675000 -1.051251 -1.271081
v -0.675000 -1.112950 -1.218564
v -0.675000 -1.107734 -1.235341
v -0.675000 -1.068650 -1.268611
v -0.675000 -1.098052 -1.250005
v -0.675000 -1.084672 -1.261395
v -0.675000 1.887501 2.047609
v -0.675000 1.887501 2.150794
v -0.675000 1.887501 2.298047
v -0.675000 0.421050 2.218335
v -0.675000 0.421050 2.201106
v -0.675000 0.425755 2.234909
v -0.675000 0.425755 2.184531
v -0.675000 0.447515 2.261202
v -0.675000 0.434805 2.249570
v -0.675000 0.434805 2.169872
v -0.675000 -1.107733 3.292581
v -0.675000 -1.112950 3.275802
v -0.675000 0.262502 3.328320
v -0.675000 -1.051251 3.328321
v -0.675000 -1.098052 3.307245
v -0.675000 -1.068649 3.325851
v -0.675000 -1.084672 3.318635
v -0.675000 0.297939 2.309991
v -0.675000 1.611692 3.214338
v -0.675000 1.789562 3.185025
v -0.675000 0.281056 2.301791
v -0.675000 1.638291 3.258233
v -0.675000 1.806988 3.193392
v -0.675000 1.624621 3.226238
v -0.675000 1.887501 3.133544
v -0.675000 1.633728 3.241265
v -0.675000 0.262501 2.298973
v -0.675000 1.826136 3.196034
v -0.675000 1.884511 3.152642
v -0.675000 1.875830 3.169912
v -0.675000 1.845176 3.192698
v -0.675000 1.862286 3.183704
v -0.675000 1.576253 3.328320
v -0.675000 1.637951 3.275802
v -0.675000 1.593651 3.325850
v -0.675000 1.623054 3.307245
v -0.675000 1.609674 3.318635
v -0.675000 1.632734 3.292581
v -0.675000 0.103951 2.218335
v -0.675000 0.099247 2.234909
v -0.675000 0.103951 2.201106
v -0.675000 0.090196 2.169872
v -0.675000 0.099247 2.184531
v -0.675000 0.077486 2.158239
v -0.675000 0.090196 2.249570
v -0.675000 0.077486 2.261202
v -0.675000 -1.264562 3.185025
v -0.675000 -1.086691 3.214338
v -0.675000 -1.099620 3.226238
v -0.675000 0.227062 2.309991
v -0.675000 -1.113290 3.258233
v -0.675000 -1.108727 3.241265
v -0.675000 0.243945 2.301791
v -0.675000 -1.281987 3.193392
v -0.675000 -1.362499 3.133544
v -0.675000 -1.359509 3.152642
v -0.675000 -1.320175 3.192698
v -0.675000 -1.337285 3.183704
v -0.675000 -1.350829 3.169912
v -0.675000 -1.301135 3.196034
v -0.675000 -1.362499 2.150794
v -0.675000 -1.362499 2.047609
v -0.675000 -1.362499 1.285896
v -0.675000 -1.337285 1.235736
v -0.675000 -1.350829 1.249528
v -0.675000 -1.359510 1.266799
v -0.675000 -1.320175 1.226742
v -0.675000 -1.301135 1.223407
v -0.675000 0.447515 2.158239
v -0.675000 0.297939 2.109449
v -0.675000 0.281056 2.117649
v -0.675000 0.243945 2.117649
v -0.675000 0.262501 2.120467
v -0.675000 0.227062 2.109449
v -0.675000 -1.086691 1.205102
v -0.675000 -1.264561 1.234414
v -0.675000 -1.108727 1.178175
v -0.675000 -1.113290 1.161206
v -0.675000 -1.281987 1.226049
v -0.675000 -1.099620 1.193203
v -0.675000 -1.051252 1.091120
v -0.675000 -1.112950 1.143638
v -0.675000 -1.068650 1.093591
v -0.675000 -1.098052 1.112195
v -0.675000 -1.084672 1.100805
v -0.675000 -1.107733 1.126859
v -0.675000 1.632734 1.126859
v -0.675000 1.637951 1.143638
v -0.675000 1.593651 1.093590
v -0.675000 1.609673 1.100805
v -0.675000 1.623053 1.112195
v -0.675000 0.262501 1.091120
v -0.675000 1.576253 1.091120
v -0.675000 1.887501 1.285896
v -0.675000 1.884511 1.266799
v -0.675000 1.862286 1.235736
v -0.675000 1.875830 1.249528
v -0.675000 1.789562 1.234414
v -0.675000 1.611692 1.205102
v -0.675000 1.638291 1.161206
v -0.675000 1.806988 1.226049
v -0.675000 1.826136 1.223407
v -0.675000 1.624621 1.193203
v -0.675000 1.845176 1.226743
v -0.675000 1.633728 1.178175
v -0.675000 1.887501 4.488394
v -0.675000 1.887501 5.209731
v -0.675000 1.887501 5.492682
v -0.675000 0.262501 5.690519
v -0.675000 -1.051251 5.690519
v -0.675000 -1.068650 5.688049
v -0.675000 -1.084672 5.680835
v -0.675000 -1.098052 5.669444
v -0.675000 -1.107733 5.654780
v -0.675000 0.281056 4.663991
v -0.675000 0.421050 4.580535
v -0.675000 0.421050 4.563306
v -0.675000 0.425755 4.546731
v -0.675000 0.425755 4.597109
v -0.675000 0.297939 4.672191
v -0.675000 0.434805 4.532070
v -0.675000 0.434805 4.611770
v -0.675000 1.611692 5.576537
v -0.675000 0.447515 4.623402
v -0.675000 0.262502 4.661172
v -0.675000 1.638291 5.620433
v -0.675000 1.806988 5.555592
v -0.675000 1.789562 5.547225
v -0.675000 1.624621 5.588437
v -0.675000 1.884511 5.514841
v -0.675000 1.637951 5.638001
v -0.675000 1.633728 5.603464
v -0.675000 1.632734 5.654780
v -0.675000 1.826136 5.558233
v -0.675000 1.875830 5.532111
v -0.675000 1.887501 5.495744
v -0.675000 1.845176 5.554897
v -0.675000 1.862286 5.545903
v -0.675000 1.576253 5.690519
v -0.675000 1.623054 5.669444
v -0.675000 1.609674 5.680835
v -0.675000 1.593651 5.688049
v -0.675000 0.099247 4.597109
v -0.675000 0.090197 4.611770
v -0.675000 0.227062 4.672191
v -0.675000 0.243945 4.663991
v -0.675000 0.103951 4.580535
v -0.675000 0.103951 4.563306
v -0.675000 0.090197 4.532070
v -0.675000 0.099247 4.546731
v -0.675000 0.077486 4.520437
v -0.675000 0.077486 4.623402
v -0.675000 -1.086691 5.576537
v -0.675000 -1.264561 5.547226
v -0.675000 -1.108727 5.603464
v -0.675000 -1.099620 5.588437
v -0.675000 -1.113290 5.620434
v -0.675000 -1.112949 5.638001
v -0.675000 -1.281987 5.555592
v -0.675000 -1.359510 5.514842
v -0.675000 -1.362498 5.495744
v -0.675000 -1.320175 5.554897
v -0.675000 -1.337285 5.545903
v -0.675000 -1.350829 5.532112
v -0.675000 -1.301135 5.558233
v -0.675000 -1.362499 5.209732
v -0.675000 -1.362498 4.488394
v -0.675000 -1.362499 3.648095
v -0.675000 -1.337285 3.597936
v -0.675000 -1.350829 3.611728
v -0.675000 -1.359509 3.628999
v -0.675000 -1.320175 3.588942
v -0.675000 -1.301135 3.585607
v -0.675000 0.227062 4.471648
v -0.675000 -1.086691 3.567302
v -0.675000 -1.264561 3.596614
v -0.675000 -1.108727 3.540375
v -0.675000 -1.113290 3.523406
v -0.675000 0.243945 4.479848
v -0.675000 -1.281987 3.588248
v -0.675000 -1.099620 3.555403
v -0.675000 0.262502 4.482667
v -0.675000 -1.051251 3.453321
v -0.675000 -1.112949 3.505838
v -0.675000 -1.068649 3.455791
v -0.675000 -1.098052 3.474395
v -0.675000 -1.084672 3.463005
v -0.675000 -1.107733 3.489059
v -0.675000 1.632734 3.489059
v -0.675000 1.637951 3.505838
v -0.675000 0.262502 3.453320
v -0.675000 1.576253 3.453320
v -0.675000 1.623054 3.474395
v -0.675000 1.593651 3.455790
v -0.675000 1.609674 3.463005
v -0.675000 0.447515 4.520437
v -0.675000 1.789562 3.596614
v -0.675000 1.611692 3.567302
v -0.675000 1.887501 3.648095
v -0.675000 1.624621 3.555403
v -0.675000 1.884511 3.628999
v -0.675000 1.862286 3.597936
v -0.675000 1.875830 3.611728
v -0.675000 0.297939 4.471648
v -0.675000 1.638291 3.523405
v -0.675000 1.806988 3.588248
v -0.675000 1.826136 3.585607
v -0.675000 1.633728 3.540375
v -0.675000 1.845176 3.588942
v -0.675000 0.281056 4.479848
v -0.675000 0.447515 6.985601
v -0.675000 0.297939 7.034390
v -0.675000 1.611692 7.938737
v -0.675000 1.789562 7.909425
v -0.675000 0.425755 6.959309
v -0.675000 0.281056 7.026191
v -0.675000 0.434805 6.973969
v -0.675000 0.421050 6.942735
v -0.675000 1.624621 7.950637
v -0.675000 1.638291 7.982633
v -0.675000 1.806988 7.917791
v -0.675000 1.887501 6.934119
v -0.675000 1.887501 7.857944
v -0.675000 1.633728 7.965665
v -0.675000 1.862286 7.908103
v -0.675000 1.845176 7.917097
v -0.675000 0.262501 7.023373
v -0.675000 1.826136 7.920433
v -0.675000 1.875830 7.894311
v -0.675000 1.884511 7.877042
v -0.675000 0.077486 6.985601
v -0.675000 -1.264561 7.909425
v -0.675000 -1.086691 7.938737
v -0.675000 0.099247 6.959309
v -0.675000 0.090197 6.973969
v -0.675000 0.227062 7.034390
v -0.675000 0.243945 7.026191
v -0.675000 0.103951 6.942735
v -0.675000 -1.099620 7.950637
v -0.675000 0.103951 6.925506
v -0.675000 -1.113290 7.982633
v -0.675000 -1.108727 7.965665
v -0.675000 -1.281987 7.917791
v -0.675000 -1.362498 7.857944
v -0.675000 -1.320175 7.917099
v -0.675000 -1.337285 7.908103
v -0.675000 -1.359509 7.877042
v -0.675000 -1.301135 7.920434
v -0.675000 -1.350829 7.894311
v -0.675000 -1.362498 6.934119
v -0.675000 -1.362498 6.010296
v -0.675000 -1.337285 5.960135
v -0.675000 -1.350829 5.973927
v -0.675000 -1.359510 5.991199
v -0.675000 -1.320175 5.951141
v -0.675000 -1.301135 5.947806
v -0.675000 0.077486 6.882638
v -0.675000 0.227062 6.833849
v -0.675000 -1.086691 5.929502
v -0.675000 0.243945 6.842049
v -0.675000 0.099247 6.908931
v -0.675000 -1.264561 5.958814
v -0.675000 0.090197 6.894271
v -0.675000 -1.108727 5.902575
v -0.675000 -1.113290 5.885606
v -0.675000 -1.099620 5.917603
v -0.675000 -1.281987 5.950448
v -0.675000 0.262501 6.844867
v -0.675000 -1.051251 5.815519
v -0.675000 -1.112950 5.868037
v -0.675000 -1.068650 5.817989
v -0.675000 -1.098052 5.836595
v -0.675000 -1.084672 5.825205
v -0.675000 -1.107733 5.851258
v -0.675000 1.632734 5.851258
v -0.675000 1.637951 5.868037
v -0.675000 0.262501 5.815519
v -0.675000 1.576253 5.815519
v -0.675000 1.623054 5.836595
v -0.675000 1.593651 5.817989
v -0.675000 1.609674 5.825205
v -0.675000 0.447515 6.882638
v -0.675000 1.789562 5.958814
v -0.675000 1.611692 5.929502
v -0.675000 0.297939 6.833849
v -0.675000 0.434805 6.894271
v -0.675000 1.624621 5.917603
v -0.675000 0.425755 6.908931
v -0.675000 0.281056 6.842049
v -0.675000 0.421050 6.925506
v -0.675000 1.887501 6.010296
v -0.675000 1.633728 5.902575
v -0.675000 1.638291 5.885606
v -0.675000 1.884511 5.991199
v -0.675000 1.862286 5.960135
v -0.675000 1.875830 5.973927
v -0.675000 1.806988 5.950448
v -0.675000 1.826136 5.947806
v -0.675000 1.845176 5.951141
v -0.675000 1.887501 8.651323
v -0.675000 1.887501 9.379847
v -0.675000 -1.107733 10.379181
v -0.675000 -1.112950 10.362402
v -0.675000 -1.084672 10.405235
v -0.675000 -1.098052 10.393845
v -0.675000 0.262502 10.414921
v -0.675000 -1.051251 10.414921
v -0.675000 -1.068650 10.412451
v -0.675000 0.447515 9.347801
v -0.675000 0.297939 9.396591
v -0.675000 1.611692 10.300938
v -0.675000 1.789562 10.271626
v -0.675000 0.281056 9.388391
v -0.675000 1.887501 10.220144
v -0.675000 1.638291 10.344833
v -0.675000 1.806988 10.279991
v -0.675000 1.624621 10.312838
v -0.675000 1.633728 10.327866
v -0.675000 0.262502 9.385572
v -0.675000 1.884511 10.239243
v -0.675000 1.826137 10.282635
v -0.675000 1.862287 10.270304
v -0.675000 1.845177 10.279299
v -0.675000 1.875831 10.256512
v -0.675000 1.637951 10.362402
v -0.675000 1.632734 10.379181
v -0.675000 1.623054 10.393845
v -0.675000 1.576253 10.414921
v -0.675000 1.593651 10.412451
v -0.675000 1.609673 10.405235
v -0.675000 0.077486 9.347801
v -0.675000 -1.264561 10.271626
v -0.675000 -1.086691 10.300938
v -0.675000 -1.099620 10.312838
v -0.675000 0.227062 9.396591
v -0.675000 -1.113290 10.344833
v -0.675000 -1.108727 10.327866
v -0.675000 0.243945 9.388391
v -0.675000 -1.281987 10.279991
v -0.675000 -1.362498 10.220144
v -0.675000 -1.320175 10.279299
v -0.675000 -1.337285 10.270304
v -0.675000 -1.359509 10.239243
v -0.675000 -1.301135 10.282635
v -0.675000 -1.350829 10.256512
v -0.675000 -1.362498 8.651323
v -0.675000 -1.337285 8.322336
v -0.675000 -1.320175 8.313343
v -0.675000 -1.362498 8.372496
v -0.675000 -1.350829 8.336128
v -0.675000 -1.359509 8.353399
v -0.675000 -1.301135 8.310007
v -0.675000 0.421050 9.304935
v -0.675000 0.421050 9.287706
v -0.675000 0.447515 9.244839
v -0.675000 1.789562 8.321014
v -0.675000 1.611692 8.291702
v -0.675000 0.281056 9.204248
v -0.675000 0.297939 9.196049
v -0.675000 0.434805 9.256472
v -0.675000 0.425755 9.271132
v -0.675000 0.425755 9.321508
v -0.675000 0.434805 9.336170
v -0.675000 0.077486 9.244839
v -0.675000 0.227062 9.196049
v -0.675000 -1.086691 8.291702
v -0.675000 0.099247 9.321508
v -0.675000 0.090197 9.336170
v -0.675000 0.099247 9.271132
v -0.675000 0.243945 9.204248
v -0.675000 -1.264561 8.321014
v -0.675000 0.103951 9.304935
v -0.675000 0.103951 9.287706
v -0.675000 0.090197 9.256472
v -0.675000 0.262502 9.207067
v -0.675000 -1.099620 8.279802
v -0.675000 -1.281987 8.312649
v -0.675000 -1.113290 8.247807
v -0.675000 -1.112950 8.230238
v -0.675000 -1.108727 8.264774
v -0.675000 -1.107733 8.016981
v -0.675000 0.262501 8.177719
v -0.675000 0.262501 8.052719
v -0.675000 -1.051251 8.052721
v -0.675000 -1.112950 8.000202
v -0.675000 -1.084672 8.043036
v -0.675000 -1.098052 8.031645
v -0.675000 -1.051251 8.177721
v -0.675000 -1.068650 8.050249
v -0.675000 -1.107733 8.213459
v -0.675000 -1.098052 8.198795
v -0.675000 -1.068650 8.180189
v -0.675000 -1.084672 8.187405
v -0.675000 1.576253 8.177719
v -0.675000 1.623054 8.031645
v -0.675000 1.609674 8.043036
v -0.675000 1.637951 8.000202
v -0.675000 1.593651 8.050249
v -0.675000 1.609674 8.187405
v -0.675000 1.623054 8.198795
v -0.675000 1.576253 8.052719
v -0.675000 1.632734 8.016981
v -0.675000 1.593651 8.180189
v -0.675000 1.632734 8.213459
v -0.675000 1.637951 8.230238
v -0.675000 1.638291 8.247807
v -0.675000 1.633728 8.264774
v -0.675000 1.887501 8.372496
v -0.675000 1.884511 8.353399
v -0.675000 1.875830 8.336128
v -0.675000 1.862286 8.322336
v -0.675000 1.826136 8.310007
v -0.675000 1.845176 8.313341
v -0.675000 1.624621 8.279802
v -0.675000 1.806988 8.312649
v -0.675000 1.887501 11.472399
v -0.675000 1.887501 11.570194
v -0.675000 1.887501 11.717447
v -0.675000 0.421050 11.667135
v -0.675000 0.421050 11.649906
v -0.675000 0.425754 11.633331
v -0.675000 0.434805 11.618671
v -0.675000 0.425754 11.683710
v -0.675000 0.447515 11.710003
v -0.675000 0.434805 11.698370
v -0.675000 -1.107733 12.741381
v -0.675000 -1.112950 12.724602
v -0.675000 -1.084672 12.767435
v -0.675000 -1.098052 12.756044
v -0.675000 0.262501 12.777121
v -0.675000 -1.051252 12.777121
v -0.675000 -1.068650 12.774651
v -0.675000 0.297939 11.758791
v -0.675000 1.611692 12.663137
v -0.675000 1.789562 12.633825
v -0.675000 0.281056 11.750591
v -0.675000 1.638291 12.707035
v -0.675000 1.806988 12.642193
v -0.675000 1.624621 12.675037
v -0.675000 1.633728 12.690065
v -0.675000 0.262501 11.747774
v -0.675000 1.826136 12.644835
v -0.675000 1.887501 12.582344
v -0.675000 1.845176 12.641499
v -0.675000 1.875830 12.618711
v -0.675000 1.862286 12.632504
v -0.675000 1.884511 12.601442
v -0.675000 1.576253 12.777121
v -0.675000 1.593651 12.774651
v -0.675000 1.623053 12.756044
v -0.675000 1.609673 12.767435
v -0.675000 1.637951 12.724602
v -0.675000 1.632734 12.741381
v -0.675000 0.103951 11.649906
v -0.675000 0.103951 11.667135
v -0.675000 0.099247 11.683710
v -0.675000 0.099247 11.633331
v -0.675000 0.077486 11.607038
v -0.675000 0.090196 11.618671
v -0.675000 0.090196 11.698370
v -0.675000 0.077486 11.710003
v -0.675000 -1.264561 12.633825
v -0.675000 -1.086691 12.663137
v -0.675000 -1.113290 12.707033
v -0.675000 0.227062 11.758791
v -0.675000 0.243945 11.750591
v -0.675000 -1.099620 12.675037
v -0.675000 -1.108727 12.690065
v -0.675000 -1.281987 12.642193
v -0.675000 -1.362499 12.582344
v -0.675000 -1.359510 12.601442
v -0.675000 -1.320175 12.641499
v -0.675000 -1.337285 12.632504
v -0.675000 -1.350829 12.618711
v -0.675000 -1.301135 12.644835
v -0.675000 -1.362499 11.570194
v -0.675000 -1.362499 11.472399
v -0.675000 -1.337285 10.684536
v -0.675000 -1.362498 10.734695
v -0.675000 -1.320175 10.675541
v -0.675000 -1.350829 10.698328
v -0.675000 -1.359509 10.715599
v -0.675000 -1.301135 10.672207
v -0.675000 0.447515 11.607038
v -0.675000 0.281056 11.566450
v -0.675000 0.297939 11.558249
v -0.675000 0.262501 11.569267
v -0.675000 0.243945 11.566450
v -0.675000 -1.264561 10.683214
v -0.675000 -1.108727 10.626976
v -0.675000 -1.113290 10.610006
v -0.675000 -1.281987 10.674849
v -0.675000 0.227062 11.558249
v -0.675000 -1.086691 10.653902
v -0.675000 -1.099620 10.642004
v -0.675000 -1.107733 10.575659
v -0.675000 -1.098052 10.560995
v -0.675000 -1.112950 10.592438
v -0.675000 -1.051251 10.539921
v -0.675000 -1.068650 10.542391
v -0.675000 -1.084672 10.549604
v -0.675000 1.632734 10.575659
v -0.675000 1.637951 10.592438
v -0.675000 1.623053 10.560995
v -0.675000 1.593651 10.542389
v -0.675000 1.609674 10.549604
v -0.675000 0.262501 10.539921
v -0.675000 1.576253 10.539921
v -0.675000 1.887501 10.734695
v -0.675000 1.789562 10.683214
v -0.675000 1.611692 10.653902
v -0.675000 1.884511 10.715599
v -0.675000 1.624621 10.642004
v -0.675000 1.875830 10.698328
v -0.675000 1.633728 10.626976
v -0.675000 1.638291 10.610006
v -0.675000 1.862286 10.684536
v -0.675000 1.826136 10.672207
v -0.675000 1.845176 10.675541
v -0.675000 1.806988 10.674849
v -0.675000 -1.051251 15.139320
v -0.675000 -1.068649 15.136850
v -0.675000 0.262502 15.139320
v -0.675000 -1.112949 15.086802
v -0.675000 -1.113290 15.069233
v -0.675000 -1.098052 15.118246
v -0.675000 -1.107733 15.103580
v -0.675000 -1.108727 15.052265
v -0.675000 -1.084672 15.129635
v -0.675000 -1.099620 15.037239
v -0.675000 0.447515 14.072203
v -0.675000 0.297939 14.120991
v -0.675000 1.611692 15.025339
v -0.675000 0.281056 14.112791
v -0.675000 1.806989 15.004393
v -0.675000 1.789562 14.996025
v -0.675000 1.845177 15.003698
v -0.675000 1.826137 15.007034
v -0.675000 1.884512 14.963642
v -0.675000 1.875831 14.980913
v -0.675000 1.887502 14.089548
v -0.675000 1.887502 14.944544
v -0.675000 0.262501 14.109974
v -0.675000 1.862287 14.994705
v -0.675000 1.638291 15.069235
v -0.675000 1.624621 15.037239
v -0.675000 1.633728 15.052265
v -0.675000 1.623054 15.118246
v -0.675000 1.609674 15.129635
v -0.675000 1.637951 15.086802
v -0.675000 1.632734 15.103582
v -0.675000 1.576254 15.139320
v -0.675000 1.593651 15.136850
v -0.675000 0.077486 14.072203
v -0.675000 0.227062 14.120991
v -0.675000 0.243945 14.112791
v -0.675000 -1.264561 14.996025
v -0.675000 -1.086691 15.025339
v -0.675000 -1.281987 15.004393
v -0.675000 -1.362498 14.944544
v -0.675000 -1.362498 14.089548
v -0.675000 -1.937499 14.351622
v -0.675000 -1.359509 14.963642
v -0.675000 -1.943616 14.312992
v -0.675000 -1.301135 15.007034
v -0.675000 -1.350829 14.980913
v -0.675000 -1.337285 14.994705
v -0.675000 -1.320175 15.003698
v -0.675000 -1.961371 14.278147
v -0.675000 -1.362499 13.096897
v -0.675000 -1.337285 13.046736
v -0.675000 -1.359510 13.077799
v -0.675000 -1.350829 13.060528
v -0.675000 -1.320175 13.037743
v -0.675000 -1.301135 13.034407
v -0.675000 0.077486 13.969238
v -0.675000 0.227062 13.920448
v -0.675000 -1.086691 13.016102
v -0.675000 0.099247 14.045910
v -0.675000 0.090197 14.060570
v -0.675000 0.099247 13.995531
v -0.675000 0.243945 13.928650
v -0.675000 -1.264561 13.045414
v -0.675000 0.103951 14.029335
v -0.675000 0.103951 14.012106
v -0.675000 0.090197 13.980871
v -0.675000 -1.099620 13.004204
v -0.675000 -1.108727 12.989176
v -0.675000 -1.113290 12.972206
v -0.675000 -1.281987 13.037048
v -0.675000 0.262501 13.931467
v -0.675000 -1.112950 12.954638
v -0.675000 -1.051252 12.902121
v -0.675000 -1.107733 12.937859
v -0.675000 -1.068650 12.904591
v -0.675000 -1.084672 12.911806
v -0.675000 -1.098052 12.923195
v -0.675000 0.262501 12.902121
v -0.675000 1.576253 12.902121
v -0.675000 1.632734 12.937859
v -0.675000 1.637951 12.954638
v -0.675000 1.593651 12.904591
v -0.675000 1.623053 12.923195
v -0.675000 1.609673 12.911806
v -0.675000 0.421050 14.029335
v -0.675000 0.421050 14.012106
v -0.675000 0.425755 14.045910
v -0.675000 0.281056 13.928650
v -0.675000 0.447515 13.969238
v -0.675000 1.789562 13.045414
v -0.675000 1.611692 13.016102
v -0.675000 0.425755 13.995531
v -0.675000 0.434805 13.980871
v -0.675000 0.297939 13.920448
v -0.675000 0.434805 14.060570
v -0.675000 1.624621 13.004204
v -0.675000 1.638291 12.972206
v -0.675000 1.633728 12.989176
v -0.675000 1.806988 13.037048
v -0.675000 1.826136 13.034407
v -0.675000 1.887502 13.096897
v -0.675000 1.884511 13.077799
v -0.675000 1.845176 13.037743
v -0.675000 1.862286 13.046736
v -0.675000 1.875830 13.060528
v -0.675000 -1.211902 15.386177
v -0.675000 -1.208097 15.367630
v -0.675000 -1.309476 15.605156
v -0.675000 -1.209979 15.405012
v -0.675000 -1.198913 15.351074
v -0.675000 -1.185193 15.338026
v -0.675000 -1.202504 15.422407
v -0.675000 -0.734821 16.526030
v -0.675000 -1.149481 15.326820
v -0.675000 -0.511516 16.529707
v -0.675000 -1.168196 15.329687
v -0.675000 0.262502 16.559118
v -0.675000 -0.458492 16.559118
v -0.675000 -0.725424 16.562262
v -0.675000 -0.501534 16.541937
v -0.675000 -0.488810 16.551275
v -0.675000 -0.474150 16.557127
v -0.675000 -0.727346 16.543425
v -0.675000 -0.729229 16.580809
v -0.675000 -0.769130 16.618753
v -0.675000 -0.787845 16.621618
v -0.675000 -1.287239 16.621618
v -0.675000 -0.752132 16.610411
v -0.675000 -0.738413 16.597364
v -0.675000 -1.399236 16.609682
v -0.675000 -1.413062 16.595858
v -0.675000 -1.362498 16.621618
v -0.675000 -1.381812 16.618563
v -0.675000 -1.424998 16.559118
v -0.675000 -1.421941 16.578432
v -0.675000 -1.388125 15.581240
v -0.675000 -1.370936 15.576315
v -0.675000 -1.937499 16.351618
v -0.675000 -1.424998 16.534121
v -0.675000 -1.424998 15.638243
v -0.675000 -1.403218 15.590828
v -0.675000 -1.422441 15.620546
v -0.675000 -1.414978 15.604298
v -0.675000 -1.353057 15.576462
v -0.675000 -1.335949 15.581663
v -0.675000 -1.321014 15.591497
v -0.675000 -1.943617 16.390245
v -0.675000 1.950001 16.534121
v -0.675000 1.950001 16.559118
v -0.675000 2.587986 16.651060
v -0.675000 2.624965 16.545382
v -0.675000 1.946942 16.578432
v -0.675000 1.938064 16.595858
v -0.675000 1.924237 16.609682
v -0.675000 1.887501 16.621618
v -0.675000 0.859638 16.621618
v -0.675000 0.811489 16.598967
v -0.675000 0.802029 16.583357
v -0.675000 0.841578 16.618952
v -0.675000 0.825059 16.611181
v -0.675000 1.906814 16.618559
v -0.675000 0.797483 16.565672
v -0.675000 0.483624 16.559118
v -0.675000 0.798241 16.547434
v -0.675000 0.528301 16.540323
v -0.675000 0.500022 16.556929
v -0.675000 0.515270 16.550516
v -0.675000 1.611473 15.433025
v -0.675000 0.814960 16.515413
v -0.675000 0.804237 16.530191
v -0.675000 1.842822 15.464655
v -0.675000 1.622196 15.418249
v -0.675000 1.628193 15.401007
v -0.675000 0.262502 15.326820
v -0.675000 1.566794 15.326820
v -0.675000 1.857509 15.453527
v -0.675000 1.584855 15.329487
v -0.675000 1.628950 15.382765
v -0.675000 1.614944 15.349470
v -0.675000 1.624404 15.365084
v -0.675000 1.601375 15.337257
v -0.675000 1.874802 15.447165
v -0.675000 1.893198 15.446121
v -0.675000 0.797483 -2.697434
v -0.675000 0.515270 -2.682275
v -0.675000 0.528301 -2.672086
v -0.675000 0.262502 -2.690881
v -0.675000 0.483624 -2.690881
v -0.675000 0.500022 -2.688691
v -0.675000 1.611473 -1.564786
v -0.675000 1.842822 -1.596417
v -0.675000 0.814960 -2.647176
v -0.675000 1.628192 -1.532769
v -0.675000 1.857509 -1.585288
v -0.675000 0.798241 -2.679194
v -0.675000 1.622196 -1.550009
v -0.675000 0.804237 -2.661950
v -0.675000 1.874801 -1.578925
v -0.675000 1.893199 -1.577882
v -0.675000 1.911099 -1.582247
v -0.675000 0.509252 -2.815881
v -0.675000 0.511858 -2.832337
v -0.675000 1.917520 -3.065881
v -0.675000 0.613145 -2.832337
v -0.675000 0.615751 -2.815881
v -0.675000 0.262502 -3.065881
v -0.675000 0.519421 -2.847180
v -0.675000 0.511858 -2.799426
v -0.675000 0.802029 -2.715115
v -0.675000 0.562502 -2.762631
v -0.675000 0.613145 -2.799426
v -0.675000 0.811489 -2.730729
v -0.675000 1.887502 -2.753381
v -0.675000 0.562502 -2.869130
v -0.675000 0.578957 -2.866524
v -0.675000 0.531201 -2.772801
v -0.675000 0.519421 -2.784581
v -0.675000 0.546045 -2.765237
v -0.675000 0.593801 -2.772801
v -0.675000 0.578957 -2.765237
v -0.675000 0.605581 -2.784581
v -0.675000 0.841578 -2.750714
v -0.675000 0.859638 -2.753381
v -0.675000 0.825059 -2.742944
v -0.675000 1.906814 -2.750321
v -0.675000 0.593801 -2.858960
v -0.675000 0.605581 -2.847180
v -0.675000 0.531201 -2.858960
v -0.675000 0.546045 -2.866524
v -0.675000 1.938064 -2.727616
v -0.675000 2.528417 -2.877625
v -0.675000 2.449245 -2.956795
v -0.675000 2.587986 -2.782822
v -0.675000 2.354443 -3.016366
v -0.675000 2.137502 -3.065881
v -0.675000 1.924237 -2.741444
v -0.675000 2.248761 -3.053345
v -0.675000 1.950002 -1.640122
v -0.675000 2.262502 -2.515881
v -0.675000 1.950002 -2.690881
v -0.675000 2.286373 -2.589352
v -0.675000 1.946942 -2.710194
v -0.675000 1.926950 -1.591645
v -0.675000 1.947284 -1.621896
v -0.675000 2.624965 -2.677140
v -0.675000 2.488628 -2.589352
v -0.675000 2.506384 -2.554509
v -0.675000 2.460975 -2.617009
v -0.675000 2.314028 -2.617009
v -0.675000 1.939372 -1.605256
v -0.675000 2.268619 -2.554509
v -0.675000 2.637502 -2.565881
v -0.675000 2.512502 -2.515881
v -0.675000 2.348873 -2.634763
v -0.675000 2.426128 -2.634763
v -0.675000 2.387502 -2.640881
v -0.675000 -1.287239 -3.065881
v -0.675000 -1.381812 -2.750321
v -0.675000 -1.362498 -2.753381
v -0.675000 -1.812498 -3.065881
v -0.675000 -1.399236 -2.741444
v -0.675000 -1.413062 -2.727616
v -0.675000 -0.738413 -2.729127
v -0.675000 -0.729228 -2.712571
v -0.675000 -0.605579 -2.784581
v -0.675000 -0.615748 -2.815881
v -0.675000 -0.787845 -2.753381
v -0.675000 -0.769130 -2.750512
v -0.675000 -0.613142 -2.799426
v -0.675000 -0.752132 -2.742173
v -0.675000 -1.287239 -2.753381
v -0.675000 -0.613142 -2.832337
v -0.675000 -0.605579 -2.847180
v -0.675000 -0.593799 -2.772801
v -0.675000 -0.511855 -2.832337
v -0.675000 -0.509249 -2.815881
v -0.675000 -0.593799 -2.858960
v -0.675000 -0.578955 -2.866524
v -0.675000 -0.546043 -2.765237
v -0.675000 -0.562498 -2.762631
v -0.675000 -0.511855 -2.799426
v -0.675000 -0.519419 -2.847180
v -0.675000 -0.562498 -2.869130
v -0.675000 -0.578955 -2.765237
v -0.675000 -0.531199 -2.772801
v -0.675000 -0.519419 -2.784581
v -0.675000 -0.531199 -2.858960
v -0.675000 -0.546043 -2.866524
v -0.675000 -0.725424 -2.694024
v -0.675000 -0.458492 -2.690881
v -0.675000 -0.474150 -2.688887
v -0.675000 -1.202504 -1.554169
v -0.675000 -0.511516 -2.661469
v -0.675000 -0.734821 -2.657792
v -0.675000 -0.488810 -2.683034
v -0.675000 -0.727346 -2.675187
v -0.675000 -1.309476 -1.736916
v -0.675000 -1.209979 -1.536774
v -0.675000 -0.501534 -2.673695
v -0.675000 -1.211902 -1.517937
v -0.675000 2.262502 12.969490
v -0.675000 2.032574 12.901402
v -0.675000 2.012502 12.904581
v -0.675000 1.959946 12.877804
v -0.675000 1.950719 12.859694
v -0.675000 2.050683 12.892174
v -0.675000 1.992427 12.901402
v -0.675000 1.974318 12.892174
v -0.675000 2.074282 12.859694
v -0.675000 2.065055 12.877804
v -0.675000 2.262501 12.839621
v -0.675000 2.077462 12.839621
v -0.675000 2.262502 12.709753
v -0.675000 2.012502 12.774660
v -0.675000 1.974318 12.787066
v -0.675000 1.992427 12.777840
v -0.675000 2.074283 12.819546
v -0.675000 1.950719 12.819546
v -0.675000 2.065055 12.801437
v -0.675000 2.032574 12.777840
v -0.675000 2.050683 12.787066
v -0.675000 1.959946 12.801437
v -0.675000 1.947540 12.839621
v -0.675000 2.637502 12.709753
v -0.675000 2.512502 12.004120
v -0.675000 2.262502 12.004120
v -0.675000 2.506383 11.965494
v -0.675000 2.488628 11.930647
v -0.675000 2.348874 11.885239
v -0.675000 2.387502 11.879120
v -0.675000 2.268619 11.965494
v -0.675000 2.460975 11.902994
v -0.675000 2.426128 11.885239
v -0.675000 2.314027 11.902994
v -0.675000 2.286373 11.930647
v -0.675000 2.512502 12.709753
v -0.675000 2.512501 12.839621
v -0.675000 2.637501 12.839621
v -0.675000 2.512502 12.969490
v -0.675000 2.637502 12.969490
v -0.675000 2.512502 14.089548
v -0.675000 2.348873 14.503002
v -0.675000 2.369579 14.703959
v -0.675000 2.387501 14.701120
v -0.675000 2.353409 14.712196
v -0.675000 2.329501 14.759121
v -0.675000 2.332339 14.741198
v -0.675000 2.426128 14.503002
v -0.675000 2.387502 14.509121
v -0.675000 2.268618 14.422747
v -0.675000 2.262502 14.384121
v -0.675000 2.340578 14.725029
v -0.675000 2.286373 14.457592
v -0.675000 2.314027 14.485247
v -0.675000 2.332340 14.777042
v -0.675000 2.405425 14.703959
v -0.675000 2.637502 14.089548
v -0.675000 2.512502 14.384121
v -0.675000 2.506383 14.422747
v -0.675000 2.637502 15.008083
v -0.675000 2.387501 14.817120
v -0.675000 2.421592 14.712196
v -0.675000 2.434424 14.725029
v -0.675000 2.488628 14.457594
v -0.675000 2.460974 14.485247
v -0.675000 2.340578 14.793213
v -0.675000 2.369578 14.814281
v -0.675000 2.421592 14.806044
v -0.675000 2.405425 14.814281
v -0.675000 2.442663 14.741198
v -0.675000 2.353409 14.806044
v -0.675000 2.434424 14.793213
v -0.675000 2.445501 14.759121
v -0.675000 2.442663 14.777042
v -0.675000 2.262502 14.089548
v -0.675000 -2.312499 -1.139844
v -0.675000 -2.187499 -0.483380
v -0.675000 -2.062499 -0.358380
v -0.675000 -2.181381 -0.444752
v -0.675000 -2.135973 -0.382252
v -0.675000 -2.163627 -0.409907
v -0.675000 -2.101127 -0.364499
v -0.675000 -1.989026 -0.382252
v -0.675000 -2.023871 -0.364497
v -0.675000 -1.961371 -0.409907
v -0.675000 -2.187499 -1.204751
v -0.675000 -2.312499 -1.204751
v -0.675000 -2.187498 -1.428561
v -0.675000 -2.312498 -1.428561
v -0.675000 -2.187498 -1.518101
v -0.675000 -2.312498 -1.518101
v -0.675000 -2.299962 -2.677140
v -0.675000 -2.101127 -2.602263
v -0.675000 -2.062498 -2.608380
v -0.675000 -2.135972 -2.584508
v -0.675000 -2.312498 -2.565881
v -0.675000 -2.181381 -2.522008
v -0.675000 -2.163627 -2.556855
v -0.675000 -2.187498 -2.483380
v -0.675000 -2.023871 -2.602263
v -0.675000 -1.989025 -2.584508
v -0.675000 -1.937499 -2.483380
v -0.675000 -1.937499 -1.518101
v -0.675000 -1.424998 -1.770005
v -0.675000 -1.422442 -1.752309
v -0.675000 -1.424998 -2.690881
v -0.675000 -1.943617 -2.522008
v -0.675000 -1.414977 -1.736058
v -0.675000 -1.370936 -1.708077
v -0.675000 -1.388125 -1.713000
v -0.675000 -1.335948 -1.713423
v -0.675000 -1.353057 -1.708222
v -0.675000 -1.403218 -1.722588
v -0.675000 -1.321015 -1.723256
v -0.675000 -1.961371 -2.556855
v -0.675000 -1.421941 -2.710194
v -0.675000 -1.937499 -1.428561
v -0.675000 -1.507573 -1.395362
v -0.675000 -1.487498 -1.398541
v -0.675000 -1.937499 -1.204751
v -0.675000 -1.549281 -1.313508
v -0.675000 -1.552461 -1.333581
v -0.675000 -1.549281 -1.353654
v -0.675000 -1.540053 -1.371764
v -0.675000 -1.467425 -1.395362
v -0.675000 -1.525681 -1.281026
v -0.675000 -1.540053 -1.295398
v -0.675000 -1.449317 -1.386136
v -0.675000 -1.434945 -1.371764
v -0.675000 -1.525681 -1.386136
v -0.675000 -1.487498 -1.268620
v -0.675000 -1.425717 -1.353654
v -0.675000 -1.467425 -1.271800
v -0.675000 -1.434945 -1.295398
v -0.675000 -1.449317 -1.281026
v -0.675000 -1.507573 -1.271800
v -0.675000 -1.425717 -1.313508
v -0.675000 -1.422538 -1.333581
v -0.675000 -1.937499 -1.139844
v -0.675000 -1.362498 -1.076306
v -0.675000 -1.937499 -0.483380
v -0.675000 -1.362498 -0.221305
v -0.675000 -1.359509 -1.095402
v -0.675000 -1.320174 -1.135459
v -0.675000 -1.301135 -1.138795
v -0.675000 -1.350829 -1.112672
v -0.675000 -1.337285 -1.126466
v -0.675000 -1.943617 -0.444752
v -0.675000 1.950719 15.221895
v -0.675000 1.947540 15.201820
v -0.675000 2.262502 15.135490
v -0.675000 2.012502 15.136860
v -0.675000 1.959947 15.240004
v -0.675000 2.032575 15.140039
v -0.675000 2.012502 15.266781
v -0.675000 1.992428 15.263601
v -0.675000 2.262502 15.296801
v -0.675000 2.032575 15.263601
v -0.675000 2.050683 15.149267
v -0.675000 2.065056 15.163637
v -0.675000 1.992427 15.140039
v -0.675000 1.950720 15.181746
v -0.675000 1.959947 15.163637
v -0.675000 1.974319 15.254374
v -0.675000 2.074283 15.221895
v -0.675000 2.065056 15.240004
v -0.675000 1.974319 15.149267
v -0.675000 2.050683 15.254374
v -0.675000 2.077461 15.201820
v -0.675000 2.074283 15.181746
v -0.675000 2.637502 15.135490
v -0.675000 2.506384 15.095493
v -0.675000 2.387502 15.009121
v -0.675000 2.137502 15.010120
v -0.675000 2.512502 15.134121
v -0.675000 2.460975 15.032993
v -0.675000 2.488628 15.060648
v -0.675000 2.156660 15.013155
v -0.675000 2.426128 15.015238
v -0.675000 2.118341 15.013155
v -0.675000 2.187660 15.035677
v -0.675000 2.196466 15.052961
v -0.675000 2.348873 15.015238
v -0.675000 2.512502 15.135490
v -0.675000 2.173944 15.021961
v -0.675000 2.101059 15.021961
v -0.675000 2.137502 15.134121
v -0.675000 2.199502 15.072121
v -0.675000 2.286373 15.060646
v -0.675000 2.078535 15.052961
v -0.675000 2.087341 15.035679
v -0.675000 2.156660 15.131086
v -0.675000 2.314028 15.032993
v -0.675000 2.075501 15.072121
v -0.675000 2.118341 15.131086
v -0.675000 2.262502 15.134121
v -0.675000 2.268619 15.095493
v -0.675000 2.196466 15.091280
v -0.675000 2.078536 15.091280
v -0.675000 2.101059 15.122280
v -0.675000 2.087341 15.108564
v -0.675000 2.173944 15.122280
v -0.675000 2.187661 15.108562
v -0.675000 2.512502 15.296801
v -0.675000 2.262502 16.384119
v -0.675000 1.950002 15.508360
v -0.675000 1.947285 15.490135
v -0.675000 2.637502 16.434118
v -0.675000 2.506384 16.422747
v -0.675000 2.268619 16.422747
v -0.675000 2.348873 16.503000
v -0.675000 2.314028 16.485247
v -0.675000 2.387502 16.509119
v -0.675000 2.488628 16.457594
v -0.675000 1.939372 15.473494
v -0.675000 2.460975 16.485247
v -0.675000 1.926950 15.459885
v -0.675000 1.911100 15.450487
v -0.675000 2.286374 16.457594
v -0.675000 2.426128 16.503000
v -0.675000 2.637502 15.296801
v -0.675000 2.512502 16.384119
v -0.675000 -2.187499 -1.139844
v -0.675000 -1.362499 11.717447
v -0.675000 -1.362498 9.379847
v -0.675000 -1.362498 5.492682
v -0.675000 -1.362499 2.298047
v -0.675000 -2.187498 15.296799
v -0.675000 2.262502 4.488394
v -0.675000 -1.953749 0.898751
v -0.675000 -1.953748 -0.221307
v -0.675000 -1.953749 1.028620
v -0.675000 -1.953749 1.158489
v -0.675000 -1.953749 2.047609
v -0.675000 1.917520 2.047609
v -0.675000 1.917520 2.150794
v -0.675000 1.917520 2.298047
v -0.675000 -1.953749 2.150794
v -0.675000 -1.953749 2.298047
v -0.675000 -1.953749 3.260951
v -0.675000 -1.953749 3.390821
v -0.675000 -1.953749 3.520688
v -0.675000 -1.953749 5.209732
v -0.675000 -1.953749 4.488394
v -0.675000 1.917520 5.209731
v -0.675000 1.917520 5.492682
v -0.675000 -1.953749 5.492682
v -0.675000 -1.953749 5.649998
v -0.675000 -1.953749 5.753019
v -0.675000 -1.953749 5.882889
v -0.675000 -1.953749 6.934120
v -0.675000 -1.953749 7.985351
v -0.675000 -1.287240 7.985351
v -0.675000 -1.953749 8.211058
v -0.675000 -1.287240 8.211058
v -0.675000 -1.953749 8.275967
v -0.675000 1.917520 8.275967
v -0.675000 1.917520 8.651323
v -0.675000 -1.953749 9.379847
v -0.675000 -1.953749 8.651323
v -0.675000 -1.953749 10.347553
v -0.675000 -1.953749 10.477421
v -0.675000 -1.953749 10.607290
v -0.675000 -1.953749 11.472397
v -0.675000 1.917520 11.472399
v -0.675000 1.917520 11.570194
v -0.675000 1.917520 11.717447
v -0.675000 -1.953749 11.570194
v -0.675000 -1.953749 12.709751
v -0.675000 -1.953749 11.717447
v -0.675000 -1.953749 12.839621
v -0.675000 -1.953748 14.089546
v -0.675000 -1.953748 12.969488
v -0.675000 1.917520 16.626245
v -0.675000 0.262502 16.626245
v -0.675000 -1.287239 16.626245
v -0.675000 -1.287240 15.008083
v -0.675000 -1.287240 15.296799
v -0.675000 -1.287240 15.135490
v -0.675000 1.917520 -1.139844
v -0.675000 1.917520 -1.428561
v -0.675000 1.917520 -1.204751
v -0.675000 1.917520 -1.518101
v -0.675000 1.917520 10.607288
v -0.675000 1.917520 9.379847
v -0.675000 1.917520 10.347551
v -0.675000 1.917520 7.985351
v -0.675000 1.917520 8.211058
v -0.675000 1.917520 6.934119
v -0.675000 1.917520 5.882889
v -0.675000 1.917520 5.649998
v -0.675000 1.917520 4.488394
v -0.675000 1.917520 3.520689
v -0.675000 1.917520 3.260952
v -0.675000 1.917520 1.158489
v -0.675000 1.917520 -0.221305
v -0.675000 1.917520 0.898751
v -0.675000 0.262502 -1.428561
v -0.675000 -1.287240 -1.518101
v -0.675000 -1.287240 -1.428561
v -0.675000 1.917520 5.753019
v -0.675000 1.917520 10.477419
v -0.675000 -1.287240 0.898751
v -0.675000 -1.287240 1.028620
v -0.675000 -1.287240 1.158489
v -0.675000 -1.287240 3.260951
v -0.675000 -1.287240 3.390820
v -0.675000 -1.287240 3.520688
v -0.675000 -1.287240 5.649998
v -0.675000 -1.287240 5.753019
v -0.675000 -1.287240 5.882889
v -0.675000 -1.287240 10.347551
v -0.675000 -1.287240 10.477421
v -0.675000 -1.287240 10.607288
v -0.675000 -1.287240 12.709753
v -0.675000 -1.287240 12.839621
v -0.675000 -1.287240 12.969490
v -0.675000 1.917520 3.390820
v -0.675000 1.917520 1.028620
v -0.675000 -1.953749 -2.722131
v -0.675000 -1.953749 16.534121
v -0.675000 -1.953749 16.590368
v -0.675000 -1.953749 16.626245
v -0.675000 0.262501 1.028620
v -0.675000 0.262501 -0.221307
v -0.675000 -1.287240 -1.139844
v -0.675000 -1.287240 -1.204751
v -0.675000 0.262501 2.150794
v -0.675000 0.262501 2.298047
v -0.675000 0.262502 3.390820
v -0.675000 0.262501 5.753019
v -0.675000 0.262502 4.488394
v -0.675000 0.262501 6.934119
v -0.675000 0.262501 10.477421
v -0.675000 0.262502 9.379847
v -0.675000 -1.287240 8.275967
v -0.675000 0.262501 11.717447
v -0.675000 0.262501 11.570194
v -0.675000 0.262501 12.839621
v -0.675000 1.917520 12.709753
v -0.675000 1.917520 12.839621
v -0.675000 0.262502 15.296801
v -0.675000 0.262501 14.089548
v -0.675000 1.917521 15.008083
v -0.675000 1.917521 14.089548
v -0.675000 1.917521 15.135490
v -0.675000 1.917521 15.296801
v -0.675000 1.917520 12.969490
v -0.675000 0.262502 16.590368
v -0.675000 0.262502 -2.722131
v -0.350000 0.586296 -2.742650
v -0.350000 0.562501 -2.738881
v -0.550000 0.562501 -2.738881
v -0.350000 0.607760 -2.753587
v -0.550000 0.586296 -2.742650
v -0.350000 0.624796 -2.770623
v -0.550000 0.607760 -2.753587
v -0.350000 0.635733 -2.792084
v -0.550000 0.624796 -2.770623
v -0.350000 0.639501 -2.815881
v -0.550000 0.635733 -2.792084
v -0.350000 0.635733 -2.839675
v -0.550000 0.639501 -2.815881
v -0.350000 0.624796 -2.861142
v -0.550000 0.635733 -2.839675
v -0.350000 0.607760 -2.878175
v -0.550000 0.624796 -2.861142
v -0.350000 0.586295 -2.889111
v -0.550000 0.607760 -2.878175
v -0.350000 0.562501 -2.892880
v -0.550000 0.586295 -2.889111
v -0.350000 0.538707 -2.889111
v -0.550000 0.562501 -2.892880
v -0.350000 0.517241 -2.878175
v -0.550000 0.538707 -2.889111
v -0.350000 0.500207 -2.861140
v -0.550000 0.517241 -2.878175
v -0.350000 0.489269 -2.839675
v -0.550000 0.500207 -2.861140
v -0.350000 0.485500 -2.815881
v -0.550000 0.489269 -2.839675
v -0.350000 0.489269 -2.792084
v -0.550000 0.485500 -2.815881
v -0.350000 0.500207 -2.770621
v -0.550000 0.489269 -2.792084
v -0.350000 0.517241 -2.753587
v -0.550000 0.500207 -2.770621
v -0.350000 0.538707 -2.742650
v -0.550000 0.517241 -2.753587
v -0.550000 0.538707 -2.742650
v -0.550000 0.750001 -2.690881
v -0.550000 0.750001 -2.940881
v -0.550000 0.250001 -2.940881
v -0.550000 0.250001 -2.690881
v -0.350000 0.750001 -2.690881
v -0.350000 0.750001 -2.940881
v -0.350000 0.375001 -2.690881
v -0.350000 0.375001 -2.940881
v -0.510630 0.250001 -2.940881
v -0.510630 0.250001 -2.690881
v -0.510630 -0.249999 -2.940881
v -0.510630 -0.249999 -2.690881
v -0.550000 -0.249999 -2.940881
v -0.550000 -0.249999 -2.690881
v 0.350000 0.375001 -2.690881
v 0.350000 0.375001 -2.940881
v 0.350000 -0.374999 -2.690881
v 0.350000 -0.374999 -2.940881
v -0.350000 -0.374999 -2.690881
v -0.350000 -0.374999 -2.940881
v -0.550000 -0.749999 -2.690881
v -0.350000 -0.749999 -2.690881
v -0.550000 -0.749999 -2.940881
v -0.350000 -0.749999 -2.940881
v -0.550000 -0.562499 -2.738881
v -0.550000 -0.586293 -2.742650
v -0.550000 -0.538704 -2.742650
v -0.550000 -0.607759 -2.753587
v -0.550000 -0.624793 -2.770619
v -0.550000 -0.635731 -2.839675
v -0.550000 -0.624793 -2.861138
v -0.550000 -0.639500 -2.815881
v -0.550000 -0.635731 -2.792084
v -0.550000 -0.517240 -2.753587
v -0.550000 -0.489267 -2.792084
v -0.550000 -0.500204 -2.770623
v -0.550000 -0.485499 -2.815881
v -0.550000 -0.538705 -2.889111
v -0.550000 -0.517240 -2.878175
v -0.550000 -0.562499 -2.892880
v -0.550000 -0.500204 -2.861142
v -0.550000 -0.489267 -2.839675
v -0.550000 -0.607759 -2.878175
v -0.550000 -0.586293 -2.889111
v -0.350000 -0.562499 -2.738881
v -0.350000 -0.538704 -2.742650
v -0.350000 -0.607759 -2.753587
v -0.350000 -0.586293 -2.742650
v -0.350000 -0.635731 -2.792084
v -0.350000 -0.624793 -2.770619
v -0.350000 -0.639500 -2.815881
v -0.350000 -0.607759 -2.878175
v -0.350000 -0.624793 -2.861138
v -0.350000 -0.538705 -2.889111
v -0.350000 -0.562499 -2.892880
v -0.350000 -0.500204 -2.861142
v -0.350000 -0.517240 -2.878175
v -0.350000 -0.489267 -2.792084
v -0.350000 -0.485499 -2.815881
v -0.350000 -0.517240 -2.753587
v -0.350000 -0.500204 -2.770623
v -0.350000 -0.635731 -2.839675
v -0.350000 -0.489267 -2.839675
v -0.350000 -0.586293 -2.889111
v -0.350000 0.586295 16.757353
v -0.350000 0.562500 16.761118
v -0.550000 0.562500 16.761118
v -0.350000 0.607760 16.746416
v -0.550000 0.586295 16.757353
v -0.350000 0.624796 16.729380
v -0.550000 0.607760 16.746416
v -0.350000 0.635733 16.707914
v -0.550000 0.624796 16.729380
v -0.350000 0.639501 16.684118
v -0.550000 0.635733 16.707914
v -0.350000 0.635733 16.660326
v -0.550000 0.639501 16.684118
v -0.350000 0.624796 16.638861
v -0.550000 0.635733 16.660326
v -0.350000 0.607760 16.621824
v -0.550000 0.624796 16.638861
v -0.350000 0.586295 16.610888
v -0.550000 0.607760 16.621824
v -0.350000 0.562501 16.607119
v -0.550000 0.586295 16.610888
v -0.350000 0.538707 16.610888
v -0.550000 0.562501 16.607119
v -0.350000 0.517241 16.621824
v -0.550000 0.538707 16.610888
v -0.350000 0.500207 16.638861
v -0.550000 0.517241 16.621824
v -0.350000 0.489269 16.660326
v -0.550000 0.500207 16.638861
v -0.350000 0.485500 16.684118
v -0.550000 0.489269 16.660326
v -0.350000 0.489269 16.707914
v -0.550000 0.485500 16.684118
v -0.350000 0.500207 16.729380
v -0.550000 0.489269 16.707914
v -0.350000 0.517241 16.746416
v -0.550000 0.500207 16.729380
v -0.350000 0.538707 16.757353
v -0.550000 0.517241 16.746416
v -0.550000 0.538707 16.757353
v -0.550000 0.750000 16.809118
v -0.550000 0.750000 16.559118
v -0.550000 0.250000 16.559118
v -0.550000 0.250001 16.809118
v -0.350000 0.750000 16.809118
v -0.350000 0.750000 16.559118
v -0.350000 0.375001 16.809118
v -0.350000 0.375000 16.559118
v -0.510630 0.250000 16.559118
v -0.510630 0.250001 16.809118
v -0.510630 -0.250000 16.559118
v -0.510630 -0.249999 16.809118
v -0.550000 -0.250000 16.559118
v -0.550000 -0.249999 16.809118
v 0.350000 0.375001 16.809118
v 0.350000 0.375000 16.559118
v 0.350000 -0.374999 16.809118
v 0.350000 -0.375000 16.559118
v -0.350000 -0.374999 16.809118
v -0.350000 -0.375000 16.559118
v -0.550000 -0.749999 16.809122
v -0.350000 -0.749999 16.809122
v -0.550000 -0.749999 16.559122
v -0.350000 -0.749999 16.559122
v -0.550000 -0.562500 16.761118
v -0.550000 -0.586293 16.757353
v -0.550000 -0.538705 16.757353
v -0.550000 -0.607759 16.746416
v -0.550000 -0.624793 16.729380
v -0.550000 -0.635731 16.660326
v -0.550000 -0.624793 16.638861
v -0.550000 -0.639500 16.684118
v -0.550000 -0.635731 16.707914
v -0.550000 -0.517240 16.746416
v -0.550000 -0.489267 16.707914
v -0.550000 -0.500204 16.729380
v -0.550000 -0.485499 16.684118
v -0.550000 -0.538705 16.610888
v -0.550000 -0.517240 16.621824
v -0.550000 -0.562499 16.607119
v -0.550000 -0.500204 16.638861
v -0.550000 -0.489267 16.660326
v -0.550000 -0.607759 16.621824
v -0.550000 -0.586293 16.610888
v -0.350000 -0.562500 16.761118
v -0.350000 -0.538705 16.757353
v -0.350000 -0.607759 16.746416
v -0.350000 -0.586293 16.757353
v -0.350000 -0.635731 16.707914
v -0.350000 -0.624793 16.729380
v -0.350000 -0.639500 16.684118
v -0.350000 -0.607759 16.621824
v -0.350000 -0.624793 16.638861
v -0.350000 -0.538705 16.610888
v -0.350000 -0.562499 16.607119
v -0.350000 -0.500204 16.638861
v -0.350000 -0.517240 16.621824
v -0.350000 -0.489267 16.707914
v -0.350000 -0.485499 16.684118
v -0.350000 -0.517240 16.746416
v -0.350000 -0.500204 16.729380
v -0.350000 -0.635731 16.660326
v -0.350000 -0.489267 16.660326
v -0.350000 -0.586293 16.610888
v 0.137849 -0.893079 5.949887
v 0.112821 -0.970109 5.949887
v 0.109448 -0.948818 5.949887
v 0.137849 -1.004558 5.949887
v 0.122607 -0.989315 5.949887
v 0.178346 -1.017716 5.949887
v 0.234085 -0.989315 5.949887
v 0.218843 -1.004558 5.949887
v 0.112821 -0.927527 5.949887
v 0.157056 -1.014344 5.949887
v 0.243872 -0.970109 5.949887
v 0.243872 -0.927527 5.949887
v 0.247244 -0.948818 5.949887
v 0.218843 -0.893079 5.949887
v 0.234085 -0.908320 5.949887
v 0.178346 -0.879921 5.949887
v 0.199637 -0.883292 5.949887
v 0.157056 -0.883292 5.949887
v 0.122607 -0.908320 5.949887
v 0.199637 -1.014344 5.949887
v 0.178346 -2.120078 5.949887
v 0.234085 -2.091678 5.949887
v 0.218843 -2.106919 5.949887
v 0.234085 -2.010684 5.949887
v 0.178346 -1.982283 5.949887
v 0.199637 -1.985655 5.949887
v 0.137849 -1.995440 5.949887
v 0.157056 -1.985655 5.949887
v 0.243872 -2.029889 5.949887
v 0.137849 -2.106919 5.949887
v 0.122607 -2.091678 5.949887
v 0.157056 -2.116706 5.949887
v 0.243872 -2.072471 5.949887
v 0.247244 -2.051181 5.949887
v 0.112821 -2.029889 5.949887
v 0.122607 -2.010684 5.949887
v 0.112821 -2.072471 5.949887
v 0.109448 -2.051181 5.949887
v 0.218843 -1.995440 5.949887
v 0.199637 -2.116706 5.949887
v 0.178346 -1.647637 5.949887
v 0.137849 -1.634479 5.949887
v 0.122607 -1.619237 5.949887
v 0.157056 -1.644265 5.949887
v 0.112821 -1.600030 5.949887
v 0.218843 -1.634479 5.949887
v 0.199637 -1.644265 5.949887
v 0.218843 -1.523000 5.949887
v 0.137849 -1.523000 5.949887
v 0.157056 -1.513214 5.949887
v 0.243872 -1.600030 5.949887
v 0.234085 -1.619237 5.949887
v 0.234085 -1.538243 5.949887
v 0.178346 -1.509842 5.949887
v 0.243872 -1.557449 5.949887
v 0.112821 -1.557449 5.949887
v 0.122607 -1.538243 5.949887
v 0.109448 -1.578740 5.949887
v 0.247244 -1.578740 5.949887
v 0.199637 -1.513214 5.949887
v -0.156300 -1.584247 -1.306241
v -0.156300 -1.588582 -1.333615
v -0.530315 -1.588582 -1.333615
v -0.156300 -1.571664 -1.281544
v -0.530315 -1.584247 -1.306241
v -0.156300 -1.552066 -1.261948
v -0.530315 -1.571664 -1.281544
v -0.156300 -1.527373 -1.249366
v -0.530315 -1.552066 -1.261948
v -0.156300 -1.499999 -1.245030
v -0.530315 -1.527373 -1.249366
v -0.156300 -1.472627 -1.249366
v -0.530315 -1.499999 -1.245030
v -0.156300 -1.447932 -1.261948
v -0.530315 -1.472627 -1.249366
v -0.156300 -1.428334 -1.281544
v -0.530315 -1.447932 -1.261948
v -0.156300 -1.415751 -1.306241
v -0.530315 -1.428334 -1.281544
v -0.156300 -1.411416 -1.333615
v -0.530315 -1.415751 -1.306241
v -0.530315 -1.411416 -1.333615
v -0.156300 -1.415751 -1.360986
v -0.156300 -1.428334 -1.385682
v -0.530315 -1.415751 -1.360986
v -0.156300 -1.447932 -1.405278
v -0.530315 -1.428334 -1.385682
v -0.156300 -1.472627 -1.417861
v -0.530315 -1.447932 -1.405278
v -0.156300 -1.499999 -1.422196
v -0.530315 -1.472627 -1.417861
v -0.156300 -1.527373 -1.417861
v -0.530315 -1.499999 -1.422196
v -0.156300 -1.552066 -1.405278
v -0.530315 -1.527373 -1.417861
v -0.156300 -1.571664 -1.385682
v -0.530315 -1.552066 -1.405278
v -0.156300 -1.584247 -1.360986
v -0.530315 -1.571664 -1.385682
v -0.530315 -1.584247 -1.360986
v -0.156300 -1.372596 -1.426179
v -0.156300 -1.350226 -1.382279
v -0.156300 -1.342519 -1.333615
v -0.156300 -1.350226 -1.284949
v -0.156300 -1.451335 -1.183841
v -0.156300 -1.499999 -1.176133
v -0.156300 -1.592565 -1.461018
v -0.156300 -1.548663 -1.483386
v -0.156300 -1.499999 -1.491093
v -0.156300 -1.451335 -1.483386
v -0.156300 -1.407435 -1.461018
v -0.156300 -1.372596 -1.241048
v -0.156300 -1.407435 -1.206208
v -0.156300 -1.649772 -1.382279
v -0.156300 -1.627404 -1.426179
v -0.156300 -1.548663 -1.183841
v -0.156300 -1.592565 -1.206208
v -0.156300 -1.627404 -1.241048
v -0.156300 -1.649772 -1.284949
v -0.156300 -1.657479 -1.333615
v 0.001181 -1.649772 -1.284949
v 0.001181 -1.657479 -1.333615
v 0.001181 -1.548663 -1.183841
v 0.001181 -1.592565 -1.206208
v 0.001181 -1.499999 -1.176133
v 0.001181 -1.451335 -1.183841
v 0.001181 -1.407435 -1.206208
v 0.001181 -1.372596 -1.241048
v 0.001181 -1.350226 -1.284949
v 0.001181 -1.342519 -1.333615
v 0.001181 -1.598424 -1.210681
v -0.018504 -1.618110 -1.229451
v -0.009399 -1.627215 -1.240790
v 0.001181 -1.637795 -1.257375
v -0.018504 -1.618110 0.924428
v -0.009399 -1.627215 0.935769
v 0.001181 -1.637794 0.934104
v 0.001181 -1.637794 0.952352
v 0.001181 -1.598425 0.905660
v 0.001181 -1.350227 0.979928
v 0.001181 -1.342519 1.028592
v -0.156300 -1.342519 1.028592
v 0.001181 -1.372595 0.936029
v -0.156300 -1.350227 0.979928
v 0.001181 -1.407435 0.901188
v -0.156300 -1.372595 0.936029
v 0.001181 -1.451335 0.878820
v -0.156300 -1.407435 0.901188
v 0.001181 -1.499999 0.871112
v -0.156300 -1.451335 0.878820
v 0.001181 -1.548664 0.878820
v -0.156300 -1.499999 0.871112
v 0.001181 -1.592564 0.901188
v -0.156300 -1.548664 0.878820
v 0.001181 -1.657480 1.028592
v 0.001181 -1.649772 0.979928
v -0.156300 -1.649772 0.979928
v -0.156300 -1.592564 0.901188
v -0.156300 -1.627404 0.936029
v -0.156300 -1.657480 1.028592
v 0.001181 -1.649772 1.077256
v 0.001181 -1.548664 1.178365
v 0.001181 -1.592564 1.155996
v -0.156300 -1.592564 1.155996
v 0.001181 -1.499999 1.186073
v -0.156300 -1.548664 1.178365
v 0.001181 -1.451335 1.178365
v -0.156300 -1.499999 1.186073
v 0.001181 -1.407435 1.155996
v -0.156300 -1.451335 1.178365
v 0.001181 -1.372595 1.121158
v -0.156300 -1.407435 1.155996
v 0.001181 -1.350227 1.077256
v -0.156300 -1.372595 1.121158
v -0.156300 -1.350227 1.077256
v 0.001181 -1.598425 1.151525
v -0.018504 -1.618110 1.132756
v -0.156300 -1.627404 1.121158
v -0.156300 -1.649772 1.077256
v -0.009399 -1.627215 1.121417
v 0.001181 -1.637794 1.104833
v -0.009399 -1.627215 3.297974
v -0.018504 -1.618110 3.286634
v 0.001181 -1.637794 3.314557
v 0.001181 -1.598425 3.267864
v 0.001181 -1.350226 3.342134
v 0.001181 -1.342519 3.390797
v -0.156300 -1.342519 3.390797
v 0.001181 -1.372595 3.298232
v -0.156300 -1.350226 3.342134
v 0.001181 -1.407434 3.263393
v -0.156300 -1.372595 3.298232
v 0.001181 -1.451335 3.241024
v -0.156300 -1.407434 3.263393
v 0.001181 -1.499999 3.233317
v -0.156300 -1.451335 3.241024
v 0.001181 -1.548664 3.241024
v -0.156300 -1.499999 3.233317
v 0.001181 -1.592564 3.263393
v -0.156300 -1.548664 3.241024
v 0.001181 -1.657479 3.390797
v 0.001181 -1.649772 3.342134
v -0.156300 -1.649772 3.342134
v -0.156300 -1.592564 3.263393
v -0.156300 -1.627404 3.298232
v -0.156300 -1.657479 3.390797
v 0.001181 -1.649772 3.439461
v 0.001181 -1.548663 3.540570
v 0.001181 -1.592564 3.518201
v -0.156300 -1.592564 3.518201
v 0.001181 -1.499999 3.548276
v -0.156300 -1.548663 3.540570
v 0.001181 -1.451335 3.540570
v -0.156300 -1.499999 3.548276
v 0.001181 -1.407435 3.518201
v -0.156300 -1.451335 3.540570
v 0.001181 -1.372595 3.483361
v -0.156300 -1.407435 3.518201
v 0.001181 -1.350226 3.439461
v -0.156300 -1.372595 3.483361
v -0.156300 -1.350226 3.439461
v 0.001181 -1.598425 3.513730
v -0.018504 -1.618110 3.494960
v -0.156300 -1.627404 3.483361
v -0.156300 -1.649772 3.439461
v -0.009399 -1.627215 3.483620
v 0.001181 -1.637795 3.467036
v -0.018504 -1.618110 5.648838
v 0.001181 -1.637794 4.934104
v -0.009399 -1.627215 5.660177
v 0.001181 -1.637794 5.676762
v 0.001181 -1.598425 5.630069
v 0.001181 -1.350226 5.704338
v 0.001181 -1.342519 5.753001
v -0.156300 -1.342519 5.753001
v 0.001181 -1.372595 5.660437
v -0.156300 -1.350226 5.704338
v 0.001181 -1.407434 5.625597
v -0.156300 -1.372595 5.660437
v 0.001181 -1.451335 5.603229
v -0.156300 -1.407434 5.625597
v 0.001181 -1.499999 5.595521
v -0.156300 -1.451335 5.603229
v 0.001181 -1.548664 5.603229
v -0.156300 -1.499999 5.595521
v 0.001181 -1.592564 5.625597
v -0.156300 -1.548664 5.603229
v 0.001181 -1.657480 5.753001
v 0.001181 -1.649772 5.704338
v -0.156300 -1.649772 5.704338
v -0.156300 -1.592564 5.625597
v -0.156300 -1.627404 5.660437
v -0.156300 -1.657480 5.753001
v 0.001181 -1.649772 5.801665
v 0.001181 -1.548664 5.902774
v 0.001181 -1.592564 5.880405
v -0.156300 -1.592564 5.880405
v 0.001181 -1.499999 5.910481
v -0.156300 -1.548664 5.902774
v 0.001181 -1.451335 5.902774
v -0.156300 -1.499999 5.910481
v 0.001181 -1.407435 5.880405
v -0.156300 -1.451335 5.902774
v 0.001181 -1.372595 5.845566
v -0.156300 -1.407435 5.880405
v 0.001181 -1.350227 5.801665
v -0.156300 -1.372595 5.845566
v -0.156300 -1.350227 5.801665
v 0.001181 -1.598425 5.875935
v -0.018504 -1.618110 5.857164
v -0.156300 -1.627404 5.845566
v -0.156300 -1.649772 5.801665
v -0.009399 -1.627215 5.845824
v 0.001181 -1.637794 5.829241
v -0.009399 -1.627215 8.022383
v -0.018504 -1.618110 8.011044
v 0.001181 -1.637794 8.038967
v 0.001181 -1.598425 7.992273
v 0.001181 -1.350226 8.066542
v 0.001181 -1.342519 8.115206
v -0.156300 -1.342519 8.115206
v 0.001181 -1.372595 8.022642
v -0.156300 -1.350226 8.066542
v 0.001181 -1.407435 7.987802
v -0.156300 -1.372595 8.022642
v 0.001181 -1.451335 7.965435
v -0.156300 -1.407435 7.987802
v 0.001181 -1.499999 7.957725
v -0.156300 -1.451335 7.965435
v 0.001181 -1.548664 7.965435
v -0.156300 -1.499999 7.957725
v 0.001181 -1.592564 7.987802
v -0.156300 -1.548664 7.965435
v 0.001181 -1.657479 8.115206
v 0.001181 -1.649772 8.066542
v -0.156300 -1.649772 8.066542
v -0.156300 -1.592564 7.987802
v -0.156300 -1.627404 8.022642
v -0.156300 -1.657479 8.115206
v 0.001181 -1.649772 8.163870
v 0.001181 -1.548664 8.264978
v 0.001181 -1.592564 8.242611
v -0.156300 -1.592564 8.242611
v 0.001181 -1.499999 8.272688
v -0.156300 -1.548664 8.264978
v 0.001181 -1.451335 8.264978
v -0.156300 -1.499999 8.272688
v 0.001181 -1.407435 8.242611
v -0.156300 -1.451335 8.264978
v 0.001181 -1.372595 8.207771
v -0.156300 -1.407435 8.242611
v 0.001181 -1.350226 8.163870
v -0.156300 -1.372595 8.207771
v -0.156300 -1.350226 8.163870
v 0.001181 -1.598425 8.238138
v -0.018504 -1.618110 8.219370
v -0.156300 -1.627404 8.207771
v -0.156300 -1.649772 8.163870
v -0.009399 -1.627215 8.208031
v 0.001181 -1.637794 8.191446
v -0.018504 -1.618110 10.373249
v -0.009399 -1.627215 10.384588
v 0.001181 -1.637794 8.934103
v 0.001181 -1.637794 10.401171
v 0.001181 -1.598425 10.354479
v 0.001181 -1.350226 10.428747
v 0.001181 -1.342519 10.477411
v -0.156300 -1.342519 10.477411
v 0.001181 -1.372595 10.384846
v -0.156300 -1.350226 10.428747
v 0.001181 -1.407435 10.350008
v -0.156300 -1.372595 10.384846
v 0.001181 -1.451335 10.327639
v -0.156300 -1.407435 10.350008
v 0.001181 -1.499999 10.319931
v -0.156300 -1.451335 10.327639
v 0.001181 -1.548664 10.327639
v -0.156300 -1.499999 10.319931
v 0.001181 -1.592564 10.350006
v -0.156300 -1.548664 10.327639
v 0.001181 -1.657479 10.477411
v 0.001181 -1.649772 10.428747
v -0.156300 -1.649772 10.428747
v -0.156300 -1.592564 10.350006
v -0.156300 -1.627404 10.384846
v -0.156300 -1.657479 10.477411
v 0.001181 -1.649772 10.526075
v 0.001181 -1.548664 10.627184
v 0.001181 -1.592564 10.604815
v -0.156300 -1.592564 10.604815
v 0.001181 -1.499999 10.634892
v -0.156300 -1.548664 10.627184
v 0.001181 -1.451335 10.627184
v -0.156300 -1.499999 10.634892
v 0.001181 -1.407435 10.604815
v -0.156300 -1.451335 10.627184
v 0.001181 -1.372595 10.569977
v -0.156300 -1.407435 10.604815
v 0.001181 -1.350226 10.526075
v -0.156300 -1.372595 10.569977
v -0.156300 -1.350226 10.526075
v 0.001181 -1.598425 10.600344
v -0.018504 -1.618110 10.581575
v -0.156300 -1.627404 10.569977
v -0.156300 -1.649772 10.526075
v -0.009399 -1.627215 10.570234
v 0.001181 -1.637794 10.553650
v -0.018504 -1.618110 12.735453
v -0.009399 -1.627215 12.746792
v 0.001181 -1.637794 12.763376
v 0.001181 -1.598425 12.716682
v 0.001181 -1.350227 12.790953
v 0.001181 -1.342519 12.839615
v -0.156300 -1.342519 12.839615
v 0.001181 -1.372595 12.747051
v -0.156300 -1.350227 12.790953
v 0.001181 -1.407435 12.712212
v -0.156300 -1.372595 12.747051
v 0.001181 -1.451335 12.689844
v -0.156300 -1.407435 12.712212
v 0.001181 -1.499999 12.682135
v -0.156300 -1.451335 12.689844
v 0.001181 -1.548664 12.689844
v -0.156300 -1.499999 12.682135
v 0.001181 -1.592564 12.712212
v -0.156300 -1.548664 12.689844
v 0.001181 -1.657480 12.839617
v 0.001181 -1.649772 12.790951
v -0.156300 -1.649772 12.790951
v -0.156300 -1.592564 12.712212
v -0.156300 -1.627404 12.747051
v -0.156300 -1.657480 12.839617
v 0.001181 -1.649772 12.888279
v 0.001181 -1.548664 12.989388
v 0.001181 -1.592564 12.967020
v -0.156300 -1.592564 12.967020
v 0.001181 -1.499999 12.997097
v -0.156300 -1.548664 12.989388
v 0.001181 -1.451335 12.989388
v -0.156300 -1.499999 12.997097
v 0.001181 -1.407435 12.967020
v -0.156300 -1.451335 12.989388
v 0.001181 -1.372595 12.932180
v -0.156300 -1.407435 12.967020
v 0.001181 -1.350227 12.888281
v -0.156300 -1.372595 12.932180
v -0.156300 -1.350227 12.888281
v 0.001181 -1.598425 12.962549
v -0.018504 -1.618110 12.943779
v -0.156300 -1.627404 12.932180
v -0.156300 -1.649772 12.888279
v -0.009399 -1.627215 12.932440
v 0.001181 -1.637794 12.915855
v -0.009399 -1.627214 15.108997
v 0.001181 -1.637794 12.934105
v -0.018504 -1.618110 15.097656
v 0.001181 -1.637794 15.125582
v 0.001181 -1.598425 15.078888
v 0.001181 -1.350226 15.153156
v 0.001181 -1.342519 15.201820
v -0.156300 -1.342519 15.201820
v 0.001181 -1.372595 15.109255
v -0.156300 -1.350226 15.153156
v 0.001181 -1.407434 15.074417
v -0.156300 -1.372595 15.109255
v 0.001181 -1.451335 15.052048
v -0.156300 -1.407434 15.074417
v 0.001181 -1.499999 15.044340
v -0.156300 -1.451335 15.052048
v 0.001181 -1.548664 15.052048
v -0.156300 -1.499999 15.044340
v 0.001181 -1.592564 15.074417
v -0.156300 -1.548664 15.052048
v 0.001181 -1.657479 15.201822
v 0.001181 -1.649772 15.153156
v -0.156300 -1.649772 15.153156
v -0.156300 -1.592564 15.074417
v -0.156300 -1.627403 15.109257
v -0.156300 -1.657479 15.201822
v 0.001181 -1.649772 15.250484
v 0.001181 -1.548664 15.351593
v 0.001181 -1.592564 15.329224
v -0.156300 -1.592564 15.329224
v 0.001181 -1.499999 15.359299
v -0.156300 -1.548664 15.351593
v 0.001181 -1.451335 15.351593
v -0.156300 -1.499999 15.359299
v 0.001181 -1.407434 15.329224
v -0.156300 -1.451335 15.351593
v 0.001181 -1.372595 15.294384
v -0.156300 -1.407434 15.329224
v 0.001181 -1.350226 15.250484
v -0.156300 -1.372595 15.294384
v -0.156300 -1.350226 15.250484
v 0.001181 -1.598425 15.324753
v -0.018504 -1.618110 15.305983
v -0.156300 -1.627403 15.294384
v -0.156300 -1.649772 15.250484
v -0.009399 -1.627214 15.294643
v 0.001181 -1.637794 15.278059
v -0.018504 -1.618110 16.934103
v 0.001181 -1.598425 16.934103
v 0.001181 -1.637794 16.934103
v 0.001181 -1.350226 -1.382279
v 0.001181 -1.372596 -1.426179
v 0.001181 -1.407435 -1.461018
v 0.001181 -1.451335 -1.483386
v 0.001181 -1.499999 -1.491093
v 0.001181 -1.548663 -1.483386
v 0.001181 -1.592565 -1.461018
v 0.001181 -1.649772 -1.382279
v 0.001181 -1.637795 -1.409852
v -0.009399 -1.627215 -1.426438
v -0.018504 -1.618110 -1.437775
v 0.001181 -1.598426 -1.456547
v 0.001181 -1.637794 -3.065896
v -0.018504 -1.618110 -3.065896
v 0.001181 -1.598425 -3.065896
v 0.001181 -1.678501 16.934103
v 0.001181 -1.678502 12.934105
v 0.001181 -1.678502 0.934104
v 0.001181 -1.678501 -3.065896
v 0.001181 -1.678502 4.934104
v 0.001181 -1.678502 8.934103
v 0.001181 -1.321497 -3.065896
v 0.001181 -1.321497 16.934103
v 0.060236 -1.712598 16.934103
v 0.060236 -1.712598 -3.065896
v 0.060236 -1.917321 16.934103
v 0.060236 -1.917321 -3.065896
v 0.044488 -1.933069 16.934103
v 0.044488 -1.933069 -3.065896
v -0.175985 -1.933069 16.934103
v -0.175985 -1.933069 -3.065896
v -0.191733 -1.917321 16.934103
v -0.191733 -1.917321 -3.065896
v -0.191733 -1.657479 16.934103
v -0.191733 -1.657479 -3.065896
v -0.218937 -1.620036 16.934103
v -0.231103 -1.618110 16.934103
v -0.231103 -1.618110 -3.065896
v -0.207962 -1.625628 16.934103
v -0.218937 -1.620036 -3.065896
v -0.199252 -1.634338 16.934103
v -0.207962 -1.625628 -3.065896
v -0.193660 -1.645313 16.934103
v -0.199252 -1.634338 -3.065896
v -0.193660 -1.645313 -3.065896
v -0.346168 -1.618110 16.934103
v -0.346168 -1.618110 -3.065896
v -0.374007 -1.629641 16.934103
v -0.380263 -1.637794 16.934103
v -0.380263 -1.637794 -3.065896
v -0.365853 -1.623384 16.934103
v -0.374007 -1.629641 -3.065896
v -0.356358 -1.619451 16.934103
v -0.365853 -1.623384 -3.065896
v -0.356358 -1.619451 -3.065896
v -0.471185 -1.795275 16.934103
v -0.471185 -1.795275 -3.065896
v -0.534252 -1.795275 16.934103
v -0.534252 -1.795275 -3.065896
v -0.550000 -1.779527 16.934103
v -0.550000 -1.779527 -3.065896
v -0.550000 -1.637794 16.934103
v -0.550000 -1.637794 -3.065896
v -0.530315 -1.618110 6.934104
v -0.530315 -1.618110 2.209695
v -0.530315 -1.618110 -0.152510
v -0.530315 -1.618110 4.571898
v -0.530315 -1.618110 -2.244046
v -0.530315 -1.618110 -3.065896
v -0.530315 -1.618110 9.296309
v -0.530315 -1.618110 14.020718
v -0.530315 -1.618110 11.658512
v -0.530315 -1.618110 16.934103
v 0.060236 -1.287400 -3.065896
v 0.060236 -1.287400 16.934103
v 0.060236 -1.082677 -3.065896
v 0.060236 -1.082677 16.934103
v 0.044488 -1.066929 -3.065896
v 0.044488 -1.066929 16.934103
v -0.175985 -1.066929 -3.065896
v -0.175985 -1.066929 16.934103
v -0.191733 -1.082677 -3.065896
v -0.191733 -1.082677 16.934103
v -0.191733 -1.342519 -3.065896
v -0.191733 -1.342519 16.934103
v -0.193660 -1.354685 16.934103
v -0.199252 -1.365660 16.934103
v -0.193660 -1.354685 -3.065896
v -0.207962 -1.374370 16.934103
v -0.199252 -1.365660 -3.065896
v -0.218937 -1.379962 16.934103
v -0.207962 -1.374370 -3.065896
v -0.231103 -1.381888 16.934103
v -0.218937 -1.379962 -3.065896
v -0.231103 -1.381888 -3.065896
v -0.346168 -1.381888 -3.065896
v -0.346168 -1.381888 16.934103
v -0.356358 -1.380548 16.934103
v -0.365853 -1.376615 16.934103
v -0.356358 -1.380548 -3.065896
v -0.374007 -1.370358 16.934103
v -0.365853 -1.376615 -3.065896
v -0.380263 -1.362204 16.934103
v -0.374007 -1.370358 -3.065896
v -0.380263 -1.362204 -3.065896
v -0.471185 -1.204723 -3.065896
v -0.471185 -1.204723 16.934103
v -0.534252 -1.204723 -3.065896
v -0.534252 -1.204723 16.934103
v -0.550000 -1.220471 -3.065896
v -0.550000 -1.220471 16.934103
v -0.530315 -1.396652 16.934103
v -0.530315 -1.381888 16.934103
v -0.550000 -1.362204 16.934103
v -0.530315 -1.396652 -3.065896
v -0.530315 -1.381888 -3.065896
v -0.550000 -1.362204 -3.065896
v -0.530315 -1.381888 6.934104
v -0.530315 -1.381888 9.296309
v -0.530315 -1.381889 11.658514
v -0.530315 -1.381888 14.020718
v -0.530315 -1.381888 4.571898
v -0.530315 -1.381888 -0.152510
v -0.530315 -1.381889 2.209695
v -0.530315 -1.381888 -2.244046
v -0.156300 -1.415752 1.001219
v -0.156300 -1.411417 1.028592
v -0.156300 -1.415752 1.055967
v -0.156300 -1.472626 1.112839
v -0.156300 -1.447932 1.100257
v -0.156300 -1.499999 1.117175
v -0.156300 -1.527373 0.944345
v -0.156300 -1.499999 0.940010
v -0.156300 -1.472626 0.944345
v -0.156300 -1.447932 0.956928
v -0.156300 -1.428335 1.080660
v -0.156300 -1.584247 1.001219
v -0.156300 -1.588582 1.028592
v -0.156300 -1.571664 0.976526
v -0.156300 -1.552067 0.956928
v -0.156300 -1.428335 0.976526
v -0.156300 -1.527373 1.112840
v -0.156300 -1.552067 1.100257
v -0.156300 -1.571664 1.080659
v -0.156300 -1.584247 1.055967
v -0.530315 -1.588582 1.028592
v -0.530315 -1.584247 1.055967
v -0.530315 -1.571664 1.080659
v -0.530315 -1.552067 1.100257
v -0.530315 -1.527373 1.112840
v -0.530315 -1.499999 1.117175
v -0.530315 -1.472626 1.112839
v -0.530315 -1.447932 1.100257
v -0.530315 -1.428335 1.080660
v -0.530315 -1.415752 1.055967
v -0.530315 -1.411417 1.028592
v -0.530315 -1.415752 1.001219
v -0.530315 -1.428335 0.976526
v -0.530315 -1.447932 0.956928
v -0.530315 -1.472626 0.944345
v -0.530315 -1.499999 0.940010
v -0.530315 -1.527373 0.944345
v -0.530315 -1.552067 0.956928
v -0.530315 -1.571664 0.976526
v -0.530315 -1.584247 1.001219
v -0.156300 -1.571664 3.338729
v -0.156300 -1.584247 3.363424
v -0.156300 -1.552067 3.319131
v -0.156300 -1.527373 3.306550
v -0.156300 -1.499999 3.302214
v -0.156300 -1.472626 3.306550
v -0.156300 -1.447932 3.319131
v -0.156300 -1.428335 3.338728
v -0.156300 -1.415751 3.363424
v -0.156300 -1.411417 3.390797
v -0.156300 -1.415752 3.418170
v -0.156300 -1.588582 3.390797
v -0.156300 -1.428335 3.442865
v -0.156300 -1.447931 3.462463
v -0.156300 -1.472627 3.475044
v -0.156300 -1.499999 3.479380
v -0.156300 -1.527373 3.475044
v -0.156300 -1.552067 3.462463
v -0.156300 -1.571664 3.442865
v -0.156300 -1.584247 3.418170
v -0.530315 -1.588582 3.390797
v -0.530315 -1.584247 3.418170
v -0.530315 -1.571664 3.442865
v -0.530315 -1.552067 3.462463
v -0.530315 -1.527373 3.475044
v -0.530315 -1.499999 3.479380
v -0.530315 -1.472627 3.475044
v -0.530315 -1.447931 3.462463
v -0.530315 -1.428335 3.442865
v -0.530315 -1.415752 3.418170
v -0.530315 -1.411417 3.390797
v -0.530315 -1.415751 3.363424
v -0.530315 -1.428335 3.338728
v -0.530315 -1.447932 3.319131
v -0.530315 -1.472626 3.306550
v -0.530315 -1.499999 3.302214
v -0.530315 -1.527373 3.306550
v -0.530315 -1.552067 3.319131
v -0.530315 -1.571664 3.338729
v -0.530315 -1.584247 3.363424
v -0.156300 -1.571664 5.700933
v -0.156300 -1.552067 5.681336
v -0.156300 -1.527373 5.668755
v -0.156300 -1.499999 5.664418
v -0.156300 -1.472626 5.668755
v -0.156300 -1.447932 5.681336
v -0.156300 -1.428335 5.700933
v -0.156300 -1.415751 5.725628
v -0.156300 -1.411417 5.753001
v -0.156300 -1.415751 5.780375
v -0.156300 -1.447931 5.824667
v -0.156300 -1.428335 5.805069
v -0.156300 -1.472626 5.837249
v -0.156300 -1.584247 5.725628
v -0.156300 -1.588582 5.753001
v -0.156300 -1.552067 5.824667
v -0.156300 -1.527373 5.837249
v -0.156300 -1.571664 5.805069
v -0.156300 -1.499999 5.841583
v -0.156300 -1.584247 5.780375
v -0.530315 -1.588582 5.753001
v -0.530315 -1.584247 5.780375
v -0.530315 -1.571664 5.805069
v -0.530315 -1.552067 5.824667
v -0.530315 -1.527373 5.837249
v -0.530315 -1.499999 5.841583
v -0.530315 -1.472626 5.837249
v -0.530315 -1.447931 5.824667
v -0.530315 -1.428335 5.805069
v -0.530315 -1.415751 5.780375
v -0.530315 -1.411417 5.753001
v -0.530315 -1.415751 5.725628
v -0.530315 -1.428335 5.700933
v -0.530315 -1.447932 5.681336
v -0.530315 -1.472626 5.668755
v -0.530315 -1.499999 5.664418
v -0.530315 -1.527373 5.668755
v -0.530315 -1.552067 5.681336
v -0.530315 -1.571664 5.700933
v -0.530315 -1.584247 5.725628
v -0.156300 -1.411417 8.115206
v -0.156300 -1.415751 8.142580
v -0.156300 -1.499999 8.026625
v -0.156300 -1.472626 8.030960
v -0.156300 -1.447932 8.043541
v -0.156300 -1.428335 8.063139
v -0.156300 -1.415751 8.087833
v -0.156300 -1.472626 8.199453
v -0.156300 -1.447932 8.186871
v -0.156300 -1.499999 8.203789
v -0.156300 -1.527373 8.199453
v -0.156300 -1.552067 8.186871
v -0.156300 -1.571664 8.167274
v -0.156300 -1.584247 8.142580
v -0.156300 -1.527373 8.030960
v -0.156300 -1.552067 8.043541
v -0.156300 -1.428335 8.167274
v -0.156300 -1.588582 8.115206
v -0.156300 -1.584247 8.087833
v -0.156300 -1.571664 8.063139
v -0.530315 -1.588582 8.115206
v -0.530315 -1.584247 8.142580
v -0.530315 -1.571664 8.167274
v -0.530315 -1.552067 8.186871
v -0.530315 -1.527373 8.199453
v -0.530315 -1.499999 8.203789
v -0.530315 -1.472626 8.199453
v -0.530315 -1.447932 8.186871
v -0.530315 -1.428335 8.167274
v -0.530315 -1.415751 8.142580
v -0.530315 -1.411417 8.115206
v -0.530315 -1.415751 8.087833
v -0.530315 -1.428335 8.063139
v -0.530315 -1.447932 8.043541
v -0.530315 -1.472626 8.030960
v -0.530315 -1.499999 8.026625
v -0.530315 -1.527373 8.030960
v -0.530315 -1.552067 8.043541
v -0.530315 -1.571664 8.063139
v -0.530315 -1.584247 8.087833
v -0.156300 -1.571664 10.425343
v -0.156300 -1.584247 10.450037
v -0.156300 -1.552067 10.405746
v -0.156300 -1.527373 10.393164
v -0.156300 -1.499999 10.388828
v -0.156300 -1.472626 10.393164
v -0.156300 -1.447932 10.405746
v -0.156300 -1.428335 10.425343
v -0.156300 -1.415751 10.450039
v -0.156300 -1.411417 10.477411
v -0.156300 -1.415751 10.504786
v -0.156300 -1.588582 10.477411
v -0.156300 -1.428335 10.529478
v -0.156300 -1.447932 10.549076
v -0.156300 -1.472626 10.561657
v -0.156300 -1.499999 10.565994
v -0.156300 -1.527373 10.561659
v -0.156300 -1.552067 10.549076
v -0.156300 -1.571664 10.529480
v -0.156300 -1.584247 10.504786
v -0.530315 -1.588582 10.477411
v -0.530315 -1.584247 10.504786
v -0.530315 -1.571664 10.529480
v -0.530315 -1.552067 10.549076
v -0.530315 -1.527373 10.561659
v -0.530315 -1.499999 10.565994
v -0.530315 -1.472626 10.561657
v -0.530315 -1.447932 10.549076
v -0.530315 -1.428335 10.529478
v -0.530315 -1.415751 10.504786
v -0.530315 -1.411417 10.477411
v -0.530315 -1.415751 10.450039
v -0.530315 -1.428335 10.425343
v -0.530315 -1.447932 10.405746
v -0.530315 -1.472626 10.393164
v -0.530315 -1.499999 10.388828
v -0.530315 -1.527373 10.393164
v -0.530315 -1.552067 10.405746
v -0.530315 -1.571664 10.425343
v -0.530315 -1.584247 10.450037
v -0.156300 -1.415752 12.812243
v -0.156300 -1.411417 12.839617
v -0.156300 -1.415752 12.866989
v -0.156300 -1.472626 12.923862
v -0.156300 -1.447932 12.911282
v -0.156300 -1.499999 12.928198
v -0.156300 -1.527373 12.755369
v -0.156300 -1.499999 12.751034
v -0.156300 -1.472626 12.755369
v -0.156300 -1.447932 12.767952
v -0.156300 -1.428335 12.891684
v -0.156300 -1.584247 12.812243
v -0.156300 -1.588582 12.839617
v -0.156300 -1.571664 12.787548
v -0.156300 -1.552067 12.767950
v -0.156300 -1.428335 12.787548
v -0.156300 -1.527373 12.923862
v -0.156300 -1.552067 12.911282
v -0.156300 -1.571664 12.891684
v -0.156300 -1.584247 12.866989
v -0.530315 -1.588582 12.839617
v -0.530315 -1.584247 12.866989
v -0.530315 -1.571664 12.891684
v -0.530315 -1.552067 12.911282
v -0.530315 -1.527373 12.923862
v -0.530315 -1.499999 12.928198
v -0.530315 -1.472626 12.923862
v -0.530315 -1.447932 12.911282
v -0.530315 -1.428335 12.891684
v -0.530315 -1.415752 12.866989
v -0.530315 -1.411417 12.839617
v -0.530315 -1.415752 12.812243
v -0.530315 -1.428335 12.787548
v -0.530315 -1.447932 12.767952
v -0.530315 -1.472626 12.755369
v -0.530315 -1.499999 12.751034
v -0.530315 -1.527373 12.755369
v -0.530315 -1.552067 12.767950
v -0.530315 -1.571664 12.787548
v -0.530315 -1.584247 12.812243
v -0.530315 -1.584247 15.229193
v -0.530315 -1.588582 15.201822
v -0.530315 -1.584247 15.174446
v -0.530315 -1.571664 15.253887
v -0.530315 -1.571664 15.149752
v -0.530315 -1.552067 15.130156
v -0.530315 -1.428335 15.149754
v -0.530315 -1.415751 15.174448
v -0.530315 -1.472626 15.117573
v -0.530315 -1.447931 15.130156
v -0.530315 -1.527372 15.117573
v -0.530315 -1.499999 15.113239
v -0.530315 -1.499999 15.290401
v -0.530315 -1.411417 15.201822
v -0.530315 -1.552067 15.273485
v -0.530315 -1.527372 15.286068
v -0.530315 -1.415751 15.229195
v -0.530315 -1.447931 15.273485
v -0.530315 -1.472626 15.286068
v -0.530315 -1.428335 15.253887
v -0.530315 -1.396653 -2.244046
v -0.530315 -1.396653 -0.152510
v -0.530315 -1.396653 2.209695
v -0.530315 -1.396653 4.571898
v -0.530315 -1.396653 6.934104
v -0.530315 -1.396653 9.296309
v -0.530315 -1.396653 11.658514
v -0.530315 -1.396653 14.020718
v -0.156300 -1.415751 15.174448
v -0.156300 -1.411417 15.201822
v -0.156300 -1.415751 15.229195
v -0.156300 -1.472626 15.286068
v -0.156300 -1.447931 15.273485
v -0.156300 -1.499999 15.290401
v -0.156300 -1.527372 15.117573
v -0.156300 -1.499999 15.113239
v -0.156300 -1.472626 15.117573
v -0.156300 -1.447931 15.130156
v -0.156300 -1.428335 15.253887
v -0.156300 -1.584247 15.174446
v -0.156300 -1.588582 15.201822
v -0.156300 -1.571664 15.149752
v -0.156300 -1.552067 15.130156
v -0.156300 -1.428335 15.149754
v -0.156300 -1.527372 15.286068
v -0.156300 -1.552067 15.273485
v -0.156300 -1.571664 15.253887
v -0.156300 -1.584247 15.229193
v -0.156300 1.928253 -1.306241
v -0.156300 1.923919 -1.333615
v -0.530315 1.923919 -1.333615
v -0.156300 1.940837 -1.281544
v -0.530315 1.928253 -1.306241
v -0.156300 1.960433 -1.261948
v -0.530315 1.940837 -1.281544
v -0.156300 1.985127 -1.249366
v -0.530315 1.960433 -1.261948
v -0.156300 2.012500 -1.245030
v -0.530315 1.985127 -1.249366
v -0.156300 2.039874 -1.249366
v -0.530315 2.012500 -1.245030
v -0.156300 2.064569 -1.261948
v -0.530315 2.039874 -1.249366
v -0.156300 2.084165 -1.281544
v -0.530315 2.064569 -1.261948
v -0.156300 2.096748 -1.306241
v -0.530315 2.084165 -1.281544
v -0.156300 2.101084 -1.333615
v -0.530315 2.096748 -1.306241
v -0.530315 2.101084 -1.333615
v -0.156300 2.096748 -1.360986
v -0.156300 2.084166 -1.385682
v -0.530315 2.096748 -1.360986
v -0.156300 2.064569 -1.405278
v -0.530315 2.084166 -1.385682
v -0.156300 2.039874 -1.417861
v -0.530315 2.064569 -1.405278
v -0.156300 2.012500 -1.422196
v -0.530315 2.039874 -1.417861
v -0.156300 1.985127 -1.417861
v -0.530315 2.012500 -1.422196
v -0.156300 1.960433 -1.405278
v -0.530315 1.985127 -1.417861
v -0.156300 1.940837 -1.385682
v -0.530315 1.960433 -1.405278
v -0.156300 1.928253 -1.360986
v -0.530315 1.940837 -1.385682
v -0.530315 1.928253 -1.360986
v -0.156300 2.139906 -1.426179
v -0.156300 2.162273 -1.382279
v -0.156300 2.169982 -1.333615
v -0.156300 2.162273 -1.284949
v -0.156300 2.061166 -1.183841
v -0.156300 2.012500 -1.176133
v -0.156300 1.919936 -1.461018
v -0.156300 1.963836 -1.483386
v -0.156300 2.012500 -1.491093
v -0.156300 2.061166 -1.483386
v -0.156300 2.105065 -1.461018
v -0.156300 2.139905 -1.241048
v -0.156300 2.105065 -1.206208
v -0.156300 1.862728 -1.382279
v -0.156300 1.885097 -1.426179
v -0.156300 1.963836 -1.183841
v -0.156300 1.919936 -1.206208
v -0.156300 1.885097 -1.241048
v -0.156300 1.862728 -1.284949
v -0.156300 1.855020 -1.333615
v 0.001181 1.862728 -1.284949
v 0.001181 1.855020 -1.333615
v 0.001181 1.963836 -1.183841
v 0.001181 1.919936 -1.206208
v 0.001181 2.012500 -1.176133
v 0.001181 2.061166 -1.183841
v 0.001181 2.105065 -1.206208
v 0.001181 2.139905 -1.241048
v 0.001181 2.162273 -1.284949
v 0.001181 2.169982 -1.333615
v 0.001181 1.914075 -1.210683
v -0.018504 1.894390 -1.229451
v -0.009399 1.885285 -1.240790
v 0.001181 1.874705 -1.257375
v -0.018504 1.894390 0.924429
v -0.009399 1.885285 0.935769
v 0.001181 1.874705 0.934104
v 0.001181 1.874705 0.952352
v 0.001181 1.914075 0.905660
v 0.001181 2.162273 0.979928
v 0.001181 2.169981 1.028592
v -0.156300 2.169981 1.028592
v 0.001181 2.139905 0.936029
v -0.156300 2.162273 0.979928
v 0.001181 2.105065 0.901187
v -0.156300 2.139905 0.936029
v 0.001181 2.061166 0.878820
v -0.156300 2.105065 0.901187
v 0.001181 2.012500 0.871112
v -0.156300 2.061166 0.878820
v 0.001181 1.963836 0.878820
v -0.156300 2.012500 0.871112
v 0.001181 1.919936 0.901187
v -0.156300 1.963836 0.878820
v 0.001181 1.855020 1.028592
v 0.001181 1.862728 0.979928
v -0.156300 1.862728 0.979928
v -0.156300 1.919936 0.901187
v -0.156300 1.885096 0.936029
v -0.156300 1.855020 1.028592
v 0.001181 1.862728 1.077256
v 0.001181 1.963836 1.178365
v 0.001181 1.919936 1.155996
v -0.156300 1.919936 1.155996
v 0.001181 2.012500 1.186073
v -0.156300 1.963836 1.178365
v 0.001181 2.061165 1.178365
v -0.156300 2.012500 1.186073
v 0.001181 2.105065 1.155996
v -0.156300 2.061165 1.178365
v 0.001181 2.139905 1.121158
v -0.156300 2.105065 1.155996
v 0.001181 2.162273 1.077256
v -0.156300 2.139905 1.121158
v -0.156300 2.162273 1.077256
v 0.001181 1.914075 1.151525
v -0.018504 1.894390 1.132756
v -0.156300 1.885096 1.121158
v -0.156300 1.862728 1.077256
v -0.009399 1.885285 1.121416
v 0.001181 1.874705 1.104833
v -0.009399 1.885285 3.297974
v -0.018504 1.894390 3.286633
v 0.001181 1.874705 3.314556
v 0.001181 1.914075 3.267864
v 0.001181 2.162273 3.342133
v 0.001181 2.169981 3.390797
v -0.156300 2.169981 3.390797
v 0.001181 2.139905 3.298232
v -0.156300 2.162273 3.342133
v 0.001181 2.105065 3.263393
v -0.156300 2.139905 3.298232
v 0.001181 2.061165 3.241024
v -0.156300 2.105065 3.263393
v 0.001181 2.012500 3.233317
v -0.156300 2.061165 3.241024
v 0.001181 1.963836 3.241024
v -0.156300 2.012500 3.233317
v 0.001181 1.919936 3.263393
v -0.156300 1.963836 3.241024
v 0.001181 1.855020 3.390797
v 0.001181 1.862728 3.342133
v -0.156300 1.862728 3.342133
v -0.156300 1.919936 3.263393
v -0.156300 1.885096 3.298232
v -0.156300 1.855020 3.390797
v 0.001181 1.862728 3.439461
v 0.001181 1.963836 3.540570
v 0.001181 1.919936 3.518201
v -0.156300 1.919936 3.518201
v 0.001181 2.012500 3.548276
v -0.156300 1.963836 3.540570
v 0.001181 2.061165 3.540570
v -0.156300 2.012500 3.548276
v 0.001181 2.105065 3.518200
v -0.156300 2.061165 3.540570
v 0.001181 2.139905 3.483361
v -0.156300 2.105065 3.518200
v 0.001181 2.162273 3.439461
v -0.156300 2.139905 3.483361
v -0.156300 2.162273 3.439461
v 0.001181 1.914075 3.513730
v -0.018504 1.894390 3.494960
v -0.156300 1.885096 3.483361
v -0.156300 1.862728 3.439461
v -0.009399 1.885285 3.483620
v 0.001181 1.874705 3.467036
v -0.018504 1.894390 5.648837
v 0.001181 1.874705 4.934103
v -0.009399 1.885285 5.660177
v 0.001181 1.874705 5.676762
v 0.001181 1.914075 5.630069
v 0.001181 2.162273 5.704337
v 0.001181 2.169981 5.753001
v -0.156300 2.169981 5.753001
v 0.001181 2.139905 5.660437
v -0.156300 2.162273 5.704337
v 0.001181 2.105065 5.625596
v -0.156300 2.139905 5.660437
v 0.001181 2.061165 5.603229
v -0.156300 2.105065 5.625596
v 0.001181 2.012500 5.595521
v -0.156300 2.061165 5.603229
v 0.001181 1.963836 5.603229
v -0.156300 2.012500 5.595521
v 0.001181 1.919936 5.625596
v -0.156300 1.963836 5.603229
v 0.001181 1.855020 5.753001
v 0.001181 1.862728 5.704337
v -0.156300 1.862728 5.704337
v -0.156300 1.919936 5.625596
v -0.156300 1.885096 5.660437
v -0.156300 1.855020 5.753001
v 0.001181 1.862728 5.801665
v 0.001181 1.963836 5.902774
v 0.001181 1.919936 5.880405
v -0.156300 1.919936 5.880405
v 0.001181 2.012500 5.910481
v -0.156300 1.963836 5.902774
v 0.001181 2.061165 5.902774
v -0.156300 2.012500 5.910481
v 0.001181 2.105065 5.880405
v -0.156300 2.061165 5.902774
v 0.001181 2.139905 5.845566
v -0.156300 2.105065 5.880405
v 0.001181 2.162273 5.801665
v -0.156300 2.139905 5.845566
v -0.156300 2.162273 5.801665
v 0.001181 1.914075 5.875935
v -0.018504 1.894390 5.857164
v -0.156300 1.885096 5.845566
v -0.156300 1.862728 5.801665
v -0.009399 1.885285 5.845824
v 0.001181 1.874705 5.829240
v -0.009399 1.885285 8.022383
v -0.018504 1.894390 8.011044
v 0.001181 1.874705 8.038967
v 0.001181 1.914075 7.992273
v 0.001181 2.162273 8.066542
v 0.001181 2.169981 8.115206
v -0.156300 2.169981 8.115206
v 0.001181 2.139905 8.022642
v -0.156300 2.162273 8.066542
v 0.001181 2.105065 7.987802
v -0.156300 2.139905 8.022642
v 0.001181 2.061165 7.965433
v -0.156300 2.105065 7.987802
v 0.001181 2.012500 7.957725
v -0.156300 2.061165 7.965433
v 0.001181 1.963836 7.965433
v -0.156300 2.012500 7.957725
v 0.001181 1.919936 7.987802
v -0.156300 1.963836 7.965433
v 0.001181 1.855020 8.115206
v 0.001181 1.862728 8.066542
v -0.156300 1.862728 8.066542
v -0.156300 1.919936 7.987802
v -0.156300 1.885096 8.022642
v -0.156300 1.855020 8.115206
v 0.001181 1.862728 8.163870
v 0.001181 1.963836 8.264978
v 0.001181 1.919936 8.242611
v -0.156300 1.919936 8.242611
v 0.001181 2.012500 8.272686
v -0.156300 1.963836 8.264978
v 0.001181 2.061166 8.264978
v -0.156300 2.012500 8.272686
v 0.001181 2.105065 8.242611
v -0.156300 2.061166 8.264978
v 0.001181 2.139906 8.207771
v -0.156300 2.105065 8.242611
v 0.001181 2.162273 8.163870
v -0.156300 2.139906 8.207771
v -0.156300 2.162273 8.163870
v 0.001181 1.914075 8.238138
v -0.018504 1.894390 8.219370
v -0.156300 1.885096 8.207771
v -0.156300 1.862728 8.163870
v -0.009399 1.885285 8.208031
v 0.001181 1.874705 8.191446
v -0.018504 1.894390 10.373247
v -0.009399 1.885285 10.384588
v 0.001181 1.874705 8.934105
v 0.001181 1.874705 10.401171
v 0.001181 1.914075 10.354479
v 0.001181 2.162273 10.428747
v 0.001181 2.169981 10.477411
v -0.156300 2.169981 10.477411
v 0.001181 2.139906 10.384846
v -0.156300 2.162273 10.428747
v 0.001181 2.105065 10.350008
v -0.156300 2.139906 10.384846
v 0.001181 2.061166 10.327639
v -0.156300 2.105065 10.350008
v 0.001181 2.012500 10.319931
v -0.156300 2.061166 10.327639
v 0.001181 1.963837 10.327639
v -0.156300 2.012500 10.319931
v 0.001181 1.919936 10.350008
v -0.156300 1.963837 10.327639
v 0.001181 1.855020 10.477411
v 0.001181 1.862728 10.428747
v -0.156300 1.862728 10.428747
v -0.156300 1.919936 10.350008
v -0.156300 1.885097 10.384846
v -0.156300 1.855020 10.477411
v 0.001181 1.862728 10.526075
v 0.001181 1.963836 10.627184
v 0.001181 1.919936 10.604815
v -0.156300 1.919936 10.604815
v 0.001181 2.012500 10.634892
v -0.156300 1.963836 10.627184
v 0.001181 2.061165 10.627184
v -0.156300 2.012500 10.634892
v 0.001181 2.105065 10.604815
v -0.156300 2.061165 10.627184
v 0.001181 2.139905 10.569975
v -0.156300 2.105065 10.604815
v 0.001181 2.162273 10.526075
v -0.156300 2.139905 10.569975
v -0.156300 2.162273 10.526075
v 0.001181 1.914075 10.600344
v -0.018504 1.894390 10.581575
v -0.156300 1.885096 10.569975
v -0.156300 1.862728 10.526075
v -0.009399 1.885285 10.570234
v 0.001181 1.874705 10.553652
v -0.018504 1.894390 12.735453
v -0.009399 1.885285 12.746792
v 0.001181 1.874705 12.763376
v 0.001181 1.914075 12.716682
v 0.001181 2.162273 12.790953
v 0.001181 2.169982 12.839617
v -0.156300 2.169982 12.839617
v 0.001181 2.139905 12.747051
v -0.156300 2.162273 12.790953
v 0.001181 2.105065 12.712212
v -0.156300 2.139905 12.747051
v 0.001181 2.061165 12.689844
v -0.156300 2.105065 12.712212
v 0.001181 2.012500 12.682135
v -0.156300 2.061165 12.689844
v 0.001181 1.963836 12.689844
v -0.156300 2.012500 12.682135
v 0.001181 1.919936 12.712212
v -0.156300 1.963836 12.689844
v 0.001181 1.855020 12.839617
v 0.001181 1.862728 12.790953
v -0.156300 1.862728 12.790953
v -0.156300 1.919936 12.712212
v -0.156300 1.885096 12.747051
v -0.156300 1.855020 12.839617
v 0.001181 1.862728 12.888281
v 0.001181 1.963836 12.989388
v 0.001181 1.919936 12.967020
v -0.156300 1.919936 12.967020
v 0.001181 2.012500 12.997097
v -0.156300 1.963836 12.989388
v 0.001181 2.061165 12.989388
v -0.156300 2.012500 12.997097
v 0.001181 2.105065 12.967020
v -0.156300 2.061165 12.989388
v 0.001181 2.139905 12.932180
v -0.156300 2.105065 12.967020
v 0.001181 2.162273 12.888281
v -0.156300 2.139905 12.932180
v -0.156300 2.162273 12.888281
v 0.001181 1.914075 12.962549
v -0.018504 1.894390 12.943779
v -0.156300 1.885096 12.932180
v -0.156300 1.862728 12.888281
v -0.009399 1.885285 12.932440
v 0.001181 1.874705 12.915855
v -0.009399 1.885285 15.108997
v 0.001181 1.874705 12.934105
v -0.018504 1.894390 15.097658
v 0.001181 1.874705 15.125582
v 0.001181 1.914076 15.078888
v 0.001181 2.162273 15.153156
v 0.001181 2.169982 15.201822
v -0.156300 2.169982 15.201822
v 0.001181 2.139906 15.109257
v -0.156300 2.162273 15.153156
v 0.001181 2.105065 15.074417
v -0.156300 2.139906 15.109257
v 0.001181 2.061165 15.052048
v -0.156300 2.105065 15.074417
v 0.001181 2.012501 15.044340
v -0.156300 2.061165 15.052048
v 0.001181 1.963837 15.052048
v -0.156300 2.012501 15.044340
v 0.001181 1.919936 15.074415
v -0.156300 1.963837 15.052048
v 0.001181 1.855021 15.201822
v 0.001181 1.862728 15.153156
v -0.156300 1.862728 15.153156
v -0.156300 1.919936 15.074415
v -0.156300 1.885097 15.109257
v -0.156300 1.855021 15.201822
v 0.001181 1.862728 15.250484
v 0.001181 1.963837 15.351593
v 0.001181 1.919936 15.329224
v -0.156300 1.919936 15.329224
v 0.001181 2.012501 15.359301
v -0.156300 1.963837 15.351593
v 0.001181 2.061166 15.351593
v -0.156300 2.012501 15.359301
v 0.001181 2.105065 15.329224
v -0.156300 2.061166 15.351593
v 0.001181 2.139906 15.294384
v -0.156300 2.105065 15.329224
v 0.001181 2.162273 15.250484
v -0.156300 2.139906 15.294384
v -0.156300 2.162273 15.250484
v 0.001181 1.914075 15.324753
v -0.018504 1.894390 15.305983
v -0.156300 1.885097 15.294384
v -0.156300 1.862728 15.250484
v -0.009399 1.885285 15.294643
v 0.001181 1.874705 15.278059
v -0.018504 1.894390 16.934103
v 0.001181 1.914076 16.934103
v 0.001181 1.874704 16.934103
v 0.001181 2.162273 -1.382279
v 0.001181 2.139906 -1.426179
v 0.001181 2.105065 -1.461018
v 0.001181 2.061166 -1.483386
v 0.001181 2.012500 -1.491093
v 0.001181 1.963836 -1.483386
v 0.001181 1.919936 -1.461018
v 0.001181 1.862728 -1.382279
v 0.001181 1.874705 -1.409852
v -0.009399 1.885285 -1.426438
v -0.018504 1.894390 -1.437775
v 0.001181 1.914075 -1.456547
v 0.001181 1.874705 -3.065896
v -0.018504 1.894389 -3.065896
v 0.001181 1.914075 -3.065896
v 0.001181 1.833998 16.934103
v 0.001181 1.833998 12.934105
v 0.001181 1.833998 0.934104
v 0.001181 1.833999 -3.065896
v 0.001181 1.833998 4.934103
v 0.001181 1.833998 8.934103
v 0.001181 2.191004 -3.065896
v 0.001181 2.191004 16.934103
v 0.060236 1.799902 16.934103
v 0.060236 1.799903 -3.065896
v 0.060236 1.595179 16.934103
v 0.060236 1.595179 -3.065896
v 0.044488 1.579431 16.934103
v 0.044488 1.579431 -3.065896
v -0.175985 1.579431 16.934103
v -0.175985 1.579431 -3.065896
v -0.191733 1.595179 16.934103
v -0.191733 1.595179 -3.065896
v -0.191733 1.855021 16.934103
v -0.191733 1.855020 -3.065896
v -0.218937 1.892464 16.934103
v -0.231103 1.894390 16.934103
v -0.231103 1.894389 -3.065896
v -0.207962 1.886871 16.934103
v -0.218937 1.892463 -3.065896
v -0.199252 1.878160 16.934103
v -0.207962 1.886870 -3.065896
v -0.193660 1.867186 16.934103
v -0.199252 1.878161 -3.065896
v -0.193660 1.867187 -3.065896
v -0.346168 1.894390 16.934103
v -0.346168 1.894389 -3.065896
v -0.374007 1.882858 16.934103
v -0.380263 1.874704 16.934103
v -0.380263 1.874705 -3.065896
v -0.365853 1.889116 16.934103
v -0.374007 1.882859 -3.065896
v -0.356358 1.893049 16.934103
v -0.365853 1.889115 -3.065896
v -0.356358 1.893048 -3.065896
v -0.471185 1.717225 16.934103
v -0.471185 1.717225 -3.065896
v -0.534252 1.717225 16.934103
v -0.534252 1.717225 -3.065896
v -0.550000 1.732973 16.934103
v -0.550000 1.732972 -3.065896
v -0.550000 1.874704 16.934103
v -0.550000 1.874705 -3.065896
v -0.530315 1.894390 6.934103
v -0.530315 1.894390 2.209695
v -0.530315 1.894390 -0.152509
v -0.530315 1.894390 4.571898
v -0.530315 1.894390 -2.244046
v -0.530315 1.894389 -3.065896
v -0.530315 1.894390 9.296309
v -0.530315 1.894390 14.020718
v -0.530315 1.894390 11.658514
v -0.530315 1.894390 16.934103
v 0.060236 2.225100 -3.065896
v 0.060236 2.225100 16.934103
v 0.060236 2.429824 -3.065896
v 0.060236 2.429824 16.934103
v 0.044488 2.445572 -3.065896
v 0.044488 2.445572 16.934103
v -0.175985 2.445572 -3.065896
v -0.175985 2.445572 16.934103
v -0.191733 2.429824 -3.065896
v -0.191733 2.429824 16.934103
v -0.191733 2.169982 -3.065896
v -0.191733 2.169982 16.934103
v -0.193660 2.157816 16.934103
v -0.199252 2.146840 16.934103
v -0.193660 2.157816 -3.065896
v -0.207962 2.138131 16.934103
v -0.199252 2.146840 -3.065896
v -0.218937 2.132539 16.934103
v -0.207962 2.138130 -3.065896
v -0.231103 2.130611 16.934103
v -0.218937 2.132539 -3.065896
v -0.231103 2.130611 -3.065896
v -0.346168 2.130611 -3.065896
v -0.346168 2.130611 16.934103
v -0.356358 2.131952 16.934103
v -0.365853 2.135886 16.934103
v -0.356358 2.131952 -3.065896
v -0.374007 2.142142 16.934103
v -0.365853 2.135885 -3.065896
v -0.380263 2.150296 16.934103
v -0.374007 2.142142 -3.065896
v -0.380263 2.150296 -3.065896
v -0.471185 2.307776 -3.065896
v -0.471185 2.307776 16.934103
v -0.534252 2.307776 -3.065896
v -0.534252 2.307776 16.934103
v -0.550000 2.292028 -3.065896
v -0.550000 2.292028 16.934103
v -0.530315 2.115848 16.934103
v -0.530315 2.130611 16.934103
v -0.550000 2.150296 16.934103
v -0.530315 2.115848 -3.065896
v -0.530315 2.130611 -3.065896
v -0.550000 2.150296 -3.065896
v -0.530315 2.130611 6.934104
v -0.530315 2.130611 9.296309
v -0.530315 2.130611 11.658514
v -0.530315 2.130611 14.020718
v -0.530315 2.130611 4.571898
v -0.530315 2.130611 -0.152510
v -0.530315 2.130611 2.209695
v -0.530315 2.130611 -2.244046
v -0.156300 2.096748 1.001219
v -0.156300 2.101083 1.028592
v -0.156300 2.096748 1.055967
v -0.156300 2.039874 1.112839
v -0.156300 2.064569 1.100257
v -0.156300 2.012500 1.117175
v -0.156300 1.985127 0.944345
v -0.156300 2.012500 0.940010
v -0.156300 2.039874 0.944345
v -0.156300 2.064569 0.956928
v -0.156300 2.084166 1.080660
v -0.156300 1.928253 1.001218
v -0.156300 1.923918 1.028592
v -0.156300 1.940836 0.976526
v -0.156300 1.960433 0.956928
v -0.156300 2.084166 0.976526
v -0.156300 1.985127 1.112839
v -0.156300 1.960433 1.100257
v -0.156300 1.940836 1.080660
v -0.156300 1.928253 1.055967
v -0.530315 1.923918 1.028592
v -0.530315 1.928253 1.055967
v -0.530315 1.940836 1.080660
v -0.530315 1.960433 1.100257
v -0.530315 1.985127 1.112839
v -0.530315 2.012500 1.117175
v -0.530315 2.039874 1.112839
v -0.530315 2.064569 1.100257
v -0.530315 2.084166 1.080660
v -0.530315 2.096748 1.055967
v -0.530315 2.101083 1.028592
v -0.530315 2.096748 1.001219
v -0.530315 2.084166 0.976526
v -0.530315 2.064569 0.956928
v -0.530315 2.039874 0.944345
v -0.530315 2.012500 0.940010
v -0.530315 1.985127 0.944345
v -0.530315 1.960433 0.956928
v -0.530315 1.940836 0.976526
v -0.530315 1.928253 1.001218
v -0.156300 1.940836 3.338729
v -0.156300 1.928253 3.363423
v -0.156300 1.960433 3.319132
v -0.156300 1.985127 3.306549
v -0.156300 2.012500 3.302214
v -0.156300 2.039874 3.306550
v -0.156300 2.064569 3.319132
v -0.156300 2.084166 3.338729
v -0.156300 2.096748 3.363423
v -0.156300 2.101083 3.390797
v -0.156300 2.096748 3.418169
v -0.156300 1.923918 3.390797
v -0.156300 2.084166 3.442865
v -0.156300 2.064569 3.462462
v -0.156300 2.039874 3.475044
v -0.156300 2.012500 3.479380
v -0.156300 1.985127 3.475044
v -0.156300 1.960433 3.462462
v -0.156300 1.940836 3.442865
v -0.156300 1.928253 3.418170
v -0.530315 1.923918 3.390797
v -0.530315 1.928253 3.418170
v -0.530315 1.940836 3.442865
v -0.530315 1.960433 3.462462
v -0.530315 1.985127 3.475044
v -0.530315 2.012500 3.479380
v -0.530315 2.039874 3.475044
v -0.530315 2.064569 3.462462
v -0.530315 2.084166 3.442865
v -0.530315 2.096748 3.418169
v -0.530315 2.101083 3.390797
v -0.530315 2.096748 3.363423
v -0.530315 2.084166 3.338729
v -0.530315 2.064569 3.319132
v -0.530315 2.039874 3.306550
v -0.530315 2.012500 3.302214
v -0.530315 1.985127 3.306549
v -0.530315 1.960433 3.319132
v -0.530315 1.940836 3.338729
v -0.530315 1.928253 3.363423
v -0.156300 1.940836 5.700933
v -0.156300 1.960433 5.681336
v -0.156300 1.985127 5.668755
v -0.156300 2.012500 5.664418
v -0.156300 2.039874 5.668755
v -0.156300 2.064569 5.681336
v -0.156300 2.084166 5.700933
v -0.156300 2.096748 5.725627
v -0.156300 2.101083 5.753001
v -0.156300 2.096748 5.780375
v -0.156300 2.064569 5.824666
v -0.156300 2.084166 5.805068
v -0.156300 2.039874 5.837249
v -0.156300 1.928253 5.725628
v -0.156300 1.923918 5.753001
v -0.156300 1.960433 5.824666
v -0.156300 1.985127 5.837249
v -0.156300 1.940836 5.805068
v -0.156300 2.012500 5.841583
v -0.156300 1.928253 5.780375
v -0.530315 1.923918 5.753001
v -0.530315 1.928253 5.780375
v -0.530315 1.940836 5.805068
v -0.530315 1.960433 5.824666
v -0.530315 1.985127 5.837249
v -0.530315 2.012500 5.841583
v -0.530315 2.039874 5.837249
v -0.530315 2.064569 5.824666
v -0.530315 2.084166 5.805068
v -0.530315 2.096748 5.780375
v -0.530315 2.101083 5.753001
v -0.530315 2.096748 5.725627
v -0.530315 2.084166 5.700933
v -0.530315 2.064569 5.681336
v -0.530315 2.039874 5.668755
v -0.530315 2.012500 5.664418
v -0.530315 1.985127 5.668755
v -0.530315 1.960433 5.681336
v -0.530315 1.940836 5.700933
v -0.530315 1.928253 5.725628
v -0.156300 2.101083 8.115206
v -0.156300 2.096748 8.142580
v -0.156300 2.012500 8.026625
v -0.156300 2.039874 8.030958
v -0.156300 2.064569 8.043541
v -0.156300 2.084166 8.063139
v -0.156300 2.096748 8.087833
v -0.156300 2.039874 8.199453
v -0.156300 2.064569 8.186871
v -0.156300 2.012500 8.203789
v -0.156300 1.985127 8.199453
v -0.156300 1.960433 8.186871
v -0.156300 1.940836 8.167274
v -0.156300 1.928253 8.142580
v -0.156300 1.985127 8.030958
v -0.156300 1.960433 8.043541
v -0.156300 2.084166 8.167274
v -0.156300 1.923918 8.115206
v -0.156300 1.928253 8.087833
v -0.156300 1.940836 8.063139
v -0.530315 1.923918 8.115206
v -0.530315 1.928253 8.142580
v -0.530315 1.940836 8.167274
v -0.530315 1.960433 8.186871
v -0.530315 1.985127 8.199453
v -0.530315 2.012500 8.203789
v -0.530315 2.039874 8.199453
v -0.530315 2.064569 8.186871
v -0.530315 2.084166 8.167274
v -0.530315 2.096748 8.142580
v -0.530315 2.101083 8.115206
v -0.530315 2.096748 8.087833
v -0.530315 2.084166 8.063139
v -0.530315 2.064569 8.043541
v -0.530315 2.039874 8.030958
v -0.530315 2.012500 8.026625
v -0.530315 1.985127 8.030958
v -0.530315 1.960433 8.043541
v -0.530315 1.940836 8.063139
v -0.530315 1.928253 8.087833
v -0.156300 1.940836 10.425343
v -0.156300 1.928253 10.450039
v -0.156300 1.960433 10.405746
v -0.156300 1.985127 10.393164
v -0.156300 2.012500 10.388828
v -0.156300 2.039874 10.393164
v -0.156300 2.064568 10.405746
v -0.156300 2.084165 10.425343
v -0.156300 2.096748 10.450039
v -0.156300 2.101083 10.477411
v -0.156300 2.096748 10.504786
v -0.156300 1.923918 10.477411
v -0.156300 2.084166 10.529480
v -0.156300 2.064569 10.549076
v -0.156300 2.039874 10.561659
v -0.156300 2.012500 10.565994
v -0.156300 1.985127 10.561659
v -0.156300 1.960433 10.549076
v -0.156300 1.940836 10.529480
v -0.156300 1.928253 10.504786
v -0.530315 1.923918 10.477411
v -0.530315 1.928253 10.504786
v -0.530315 1.940836 10.529480
v -0.530315 1.960433 10.549076
v -0.530315 1.985127 10.561659
v -0.530315 2.012500 10.565994
v -0.530315 2.039874 10.561659
v -0.530315 2.064569 10.549076
v -0.530315 2.084166 10.529480
v -0.530315 2.096748 10.504786
v -0.530315 2.101083 10.477411
v -0.530315 2.096748 10.450039
v -0.530315 2.084165 10.425343
v -0.530315 2.064568 10.405746
v -0.530315 2.039874 10.393164
v -0.530315 2.012500 10.388828
v -0.530315 1.985127 10.393164
v -0.530315 1.960433 10.405746
v -0.530315 1.940836 10.425343
v -0.530315 1.928253 10.450039
v -0.156300 2.096748 12.812243
v -0.156300 2.101083 12.839617
v -0.156300 2.096748 12.866989
v -0.156300 2.039875 12.923862
v -0.156300 2.064568 12.911282
v -0.156300 2.012501 12.928198
v -0.156300 1.985127 12.755369
v -0.156300 2.012500 12.751034
v -0.156300 2.039874 12.755369
v -0.156300 2.064569 12.767952
v -0.156300 2.084165 12.891684
v -0.156300 1.928253 12.812243
v -0.156300 1.923918 12.839617
v -0.156300 1.940836 12.787548
v -0.156300 1.960433 12.767952
v -0.156300 2.084166 12.787548
v -0.156300 1.985127 12.923862
v -0.156300 1.960433 12.911282
v -0.156300 1.940836 12.891684
v -0.156300 1.928253 12.866989
v -0.530315 1.923918 12.839617
v -0.530315 1.928253 12.866989
v -0.530315 1.940836 12.891684
v -0.530315 1.960433 12.911282
v -0.530315 1.985127 12.923862
v -0.530315 2.012501 12.928198
v -0.530315 2.039875 12.923862
v -0.530315 2.064568 12.911282
v -0.530315 2.084165 12.891684
v -0.530315 2.096748 12.866989
v -0.530315 2.101083 12.839617
v -0.530315 2.096748 12.812243
v -0.530315 2.084166 12.787548
v -0.530315 2.064569 12.767952
v -0.530315 2.039874 12.755369
v -0.530315 2.012500 12.751034
v -0.530315 1.985127 12.755369
v -0.530315 1.960433 12.767952
v -0.530315 1.940836 12.787548
v -0.530315 1.928253 12.812243
v -0.530315 1.928253 15.229193
v -0.530315 1.923919 15.201822
v -0.530315 1.928253 15.174446
v -0.530315 1.940837 15.253887
v -0.530315 1.940837 15.149754
v -0.530315 1.960434 15.130156
v -0.530315 2.084166 15.149754
v -0.530315 2.096748 15.174448
v -0.530315 2.039874 15.117573
v -0.530315 2.064569 15.130156
v -0.530315 1.985127 15.117573
v -0.530315 2.012500 15.113239
v -0.530315 2.012501 15.290403
v -0.530315 2.101084 15.201822
v -0.530315 1.960434 15.273485
v -0.530315 1.985127 15.286068
v -0.530315 2.096748 15.229195
v -0.530315 2.064569 15.273485
v -0.530315 2.039874 15.286068
v -0.530315 2.084166 15.253887
v -0.530315 2.115848 -2.244046
v -0.530315 2.115848 -0.152510
v -0.530315 2.115848 2.209695
v -0.530315 2.115848 4.571898
v -0.530315 2.115848 6.934103
v -0.530315 2.115848 9.296309
v -0.530315 2.115848 11.658514
v -0.530315 2.115847 14.020718
v -0.156300 2.096748 15.174448
v -0.156300 2.101084 15.201822
v -0.156300 2.096748 15.229195
v -0.156300 2.039874 15.286068
v -0.156300 2.064569 15.273485
v -0.156300 2.012501 15.290403
v -0.156300 1.985127 15.117573
v -0.156300 2.012500 15.113239
v -0.156300 2.039874 15.117573
v -0.156300 2.064569 15.130156
v -0.156300 2.084166 15.253887
v -0.156300 1.928253 15.174446
v -0.156300 1.923919 15.201822
v -0.156300 1.940837 15.149754
v -0.156300 1.960434 15.130156
v -0.156300 2.084166 15.149754
v -0.156300 1.985127 15.286068
v -0.156300 1.960434 15.273485
v -0.156300 1.940837 15.253887
v -0.156300 1.928253 15.229193
vn -0.0000 -0.1565 -0.9877
vn -0.0000 -0.4540 -0.8910
vn -0.0000 -0.7071 -0.7072
vn -0.0000 -0.8910 -0.4539
vn -0.0000 -0.9877 -0.1564
vn -0.0000 -0.9877 0.1564
vn -0.0000 -0.8910 0.4540
vn -0.0000 -0.7071 0.7072
vn -0.0000 -0.4540 0.8910
vn -0.0000 -0.1565 0.9877
vn -0.0000 0.1564 0.9877
vn -0.0000 0.4540 0.8910
vn -0.0000 0.7071 0.7071
vn -0.0000 0.8910 0.4540
vn -0.0000 0.9877 0.1564
vn -0.0000 0.9877 -0.1564
vn -0.0000 0.8910 -0.4540
vn -0.0000 0.7071 -0.7072
vn -0.0000 0.4540 -0.8910
vn -0.0000 0.1564 -0.9877
vn -0.0000 0.1565 -0.9877
vn -0.0000 0.8910 -0.4539
vn -0.0000 0.7071 0.7072
vn -0.0000 0.1565 0.9877
vn -0.0000 -0.1564 0.9877
vn -0.0000 -0.7071 0.7071
vn -0.0000 -0.8910 -0.4540
vn -0.0000 -0.1564 -0.9877
vn -1.0000 -0.0000 -0.0000
vn -0.0000 1.0000 -0.0000
vn -0.0000 -1.0000 -0.0000
vn -0.0000 0.8910 0.4539
vn -0.0000 -0.1563 0.9877
vn -0.0000 -0.4541 0.8910
vn -0.0000 0.1563 0.9877
vn -0.0000 -0.7071 -0.7071
vn -0.0000 0.4539 -0.8910
vn -0.0000 0.7071 -0.7071
vn 1.0000 -0.0000 -0.0000
vn -0.0000 -0.0000 -1.0000
vn -0.0000 -0.0000 1.0000
vn 0.8660 -0.5000 -0.0000
vn -0.0000 -0.4539 0.8910
vn -0.0000 -0.1566 0.9877
vn -0.0000 0.4539 0.8911
vn -0.0000 0.1563 -0.9877
vn -0.0000 0.4539 0.8910
vn -0.0000 -0.4539 0.8911
vn -0.0000 -0.1563 -0.9877
vn -0.0000 0.9877 0.1565
vn -0.0000 -0.9877 -0.1565
vn -0.0000 -0.9877 0.1565
vn 1.0000 -0.0000 -0.0001
vn 1.0000 -0.0000 0.0001
vn 1.0000 -0.0000 -0.0004
vn -1.0000 -0.0000 0.0002
vn -0.0000 0.5670 -0.8237
vn -0.0000 -0.5670 0.8237
vn -0.0000 -0.5670 -0.8237
vn -0.0000 0.5670 0.8237
vn -0.0000 0.8484 -0.5294
vn -0.0000 -0.7149 -0.6993
vn -0.0000 0.8484 0.5294
vn -0.0000 -0.7149 0.6993
vn -0.0000 -0.8484 0.5294
vn -0.0000 0.7149 0.6993
vn -0.0000 0.7149 -0.6993
vn -0.0000 -0.8484 -0.5294
vn -0.0000 0.8094 0.5873
vn -0.0000 0.9445 0.3285
vn -0.0000 0.9991 0.0415
vn -0.0000 0.9685 -0.2489
vn -0.0000 0.8552 -0.5183
vn -0.0000 0.6690 -0.7432
vn -0.0000 0.4256 -0.9049
vn -0.0000 0.1461 -0.9893
vn -0.0000 -0.7070 -0.7072
vn -0.0000 -0.9891 0.1475
vn -0.0000 -0.9031 0.4294
vn -0.0000 -0.7386 0.6742
vn -0.0000 -0.5100 0.8602
vn -0.0000 -0.2369 0.9715
vn -0.0000 0.0566 0.9984
vn -0.0000 0.3453 0.9385
vn -0.0000 0.6039 0.7971
vn -0.0000 -0.7639 0.6453
vn -0.0000 -0.5500 0.8352
vn -0.0000 -0.2909 0.9568
vn -0.0000 -0.0082 1.0000
vn -0.0000 0.2754 0.9613
vn -0.0000 0.5362 0.8441
vn -0.0000 0.7533 0.6577
vn -0.0000 0.9087 0.4174
vn -0.0000 0.9897 0.1430
vn -0.0000 -0.1513 -0.9885
vn -0.0000 -0.4406 -0.8977
vn -0.0000 -0.6891 -0.7247
vn -0.0000 -0.8745 -0.4851
vn -0.0000 -0.9796 -0.2010
vn -0.0000 -0.9948 0.1015
vn -0.0000 -0.9188 0.3948
vn -0.0000 0.4541 -0.8909
vn -0.0000 0.9897 -0.1429
vn -0.0000 0.9087 -0.4174
vn -0.0000 0.7533 -0.6576
vn -0.0000 0.5362 -0.8441
vn -0.0000 0.2753 -0.9614
vn -0.0000 -0.0081 -1.0000
vn -0.0000 -0.2909 -0.9568
vn -0.0000 -0.5499 -0.8352
vn -0.0000 -0.7639 -0.6453
vn -0.0000 -0.9188 -0.3948
vn -0.0000 -0.9948 -0.1015
vn -0.0000 -0.9796 0.2009
vn -0.0000 -0.8744 0.4851
vn -0.0000 -0.6891 0.7247
vn -0.0000 -0.4405 0.8978
vn -0.0000 -0.1515 0.9885
vn -0.0000 0.7072 0.7071
vn -0.0000 0.8910 0.4541
vn -0.0000 0.1461 0.9893
vn -0.0000 0.4256 0.9049
vn -0.0000 0.6690 0.7432
vn -0.0000 0.8553 0.5182
vn -0.0000 0.9685 0.2490
vn -0.0000 0.9991 -0.0415
vn -0.0000 0.9445 -0.3285
vn -0.0000 0.8093 -0.5874
vn -0.0000 -0.8910 0.4541
vn -0.0000 -0.7072 0.7071
vn -0.0000 0.6040 -0.7970
vn -0.0000 0.3453 -0.9385
vn -0.0000 0.0566 -0.9984
vn -0.0000 -0.2370 -0.9715
vn -0.0000 -0.5100 -0.8602
vn -0.0000 -0.7386 -0.6741
vn -0.0000 -0.9031 -0.4294
vn -0.0000 -0.9891 -0.1475
vn -0.0000 0.9188 -0.3948
vn -0.0000 0.9948 -0.1015
vn -0.0000 0.9796 0.2010
vn -0.0000 0.8745 0.4851
vn -0.0000 0.6892 0.7246
vn -0.0000 0.4405 0.8978
vn -0.0000 0.1514 0.9885
vn -0.0000 0.1262 -0.9920
vn -0.0000 0.3707 -0.9287
vn -0.0000 0.5916 -0.8062
vn -0.0000 0.7747 -0.6323
vn -0.0000 -0.6161 -0.7877
vn -0.0000 -0.3877 -0.9218
vn -0.0000 -0.1324 -0.9912
vn -0.0000 -0.1461 0.9893
vn -0.0000 -0.4256 0.9049
vn -0.0000 -0.6690 0.7433
vn -0.0000 -0.8553 0.5182
vn -0.0000 -0.9685 0.2490
vn -0.0000 -0.9991 -0.0415
vn -0.0000 -0.9445 -0.3285
vn -0.0000 -0.8093 -0.5873
vn -0.0000 0.1514 -0.9885
vn -0.0000 0.4406 -0.8977
vn -0.0000 0.6891 -0.7247
vn -0.0000 0.8745 -0.4851
vn -0.0000 0.9796 -0.2010
vn -0.0000 0.9948 0.1015
vn -0.0000 0.9188 0.3948
vn -0.0000 0.7746 0.6324
vn -0.0000 0.5916 0.8062
vn -0.0000 0.3708 0.9287
vn -0.0000 0.1263 0.9920
vn -0.0000 -0.8093 0.5873
vn -0.0000 -0.9445 0.3285
vn -0.0000 -0.9991 0.0415
vn -0.0000 -0.9685 -0.2490
vn -0.0000 -0.8553 -0.5182
vn -0.0000 -0.6690 -0.7432
vn -0.0000 -0.4256 -0.9049
vn -0.0000 -0.1461 -0.9893
vn -0.0000 -0.1324 0.9912
vn -0.0000 -0.3879 0.9217
vn -0.0000 -0.6160 0.7878
vn -0.0000 -0.1406 0.9901
vn -0.0000 -0.4106 0.9118
vn -0.0000 -0.6482 0.7614
vn -0.0000 -0.8345 0.5510
vn -0.0000 -0.9549 0.2969
vn -0.0000 -0.9998 0.0194
vn -0.0000 -0.9657 -0.2597
vn -0.0000 -0.8552 -0.5183
vn -0.0000 -0.6772 -0.7358
vn -0.0000 0.9880 -0.1547
vn -0.0000 0.8935 -0.4491
vn -0.0000 0.7135 -0.7007
vn -0.0000 0.4653 -0.8852
vn -0.0000 0.1726 -0.9850
vn -0.0000 -0.1367 -0.9906
vn -0.0000 -0.4328 -0.9015
vn -0.0000 0.4369 -0.8995
vn -0.0000 0.1502 -0.9887
vn -0.0000 -0.1502 -0.9887
vn -0.0000 -0.4369 -0.8995
vn -0.0000 -0.9880 0.1547
vn -0.0000 -0.8935 0.4491
vn -0.0000 -0.7135 0.7007
vn -0.0000 -0.4653 0.8852
vn -0.0000 -0.1726 0.9850
vn -0.0000 0.1367 0.9906
vn -0.0000 0.4328 0.9015
vn -0.0000 0.1406 -0.9901
vn -0.0000 0.4106 -0.9118
vn -0.0000 0.6482 -0.7614
vn -0.0000 0.8345 -0.5509
vn -0.0000 0.9549 -0.2969
vn -0.0000 0.9998 -0.0193
vn -0.0000 0.9657 0.2596
vn -0.0000 0.8552 0.5183
vn -0.0000 0.6772 0.7358
vn -0.0000 0.6751 -0.7377
vn -0.0000 0.8509 -0.5253
vn -0.0000 0.9620 -0.2731
vn -0.0000 0.9620 0.2730
vn -0.0000 0.8509 0.5253
vn -0.0000 0.6751 0.7377
vn -0.0000 -0.6752 0.7377
vn -0.0000 -0.8509 0.5254
vn -0.0000 -0.9620 0.2730
vn -0.0000 -0.9620 -0.2731
vn -0.0000 -0.8509 -0.5253
vn -0.0000 -0.6751 -0.7377
vn -0.0000 -0.4369 0.8995
vn -0.0000 -0.1502 0.9887
vn -0.0000 0.1502 0.9887
vn -0.0000 0.4369 0.8995
vn -0.0000 -0.6482 0.7615
vn -0.0000 -0.8345 0.5509
vn -0.0000 0.9880 -0.1546
vn -0.0000 -0.1725 0.9850
vn -0.0000 0.1366 0.9906
vn -0.0000 0.9998 -0.0194
vn -0.0000 -0.6751 0.7377
vn -0.0000 -0.8509 0.5253
vn -0.0000 0.4653 -0.8851
vn -0.0000 -0.1368 -0.9906
vn -0.0000 0.1407 -0.9901
vn -0.0000 0.4105 -0.9118
vn -0.0000 0.9657 0.2597
vn -0.0000 -0.4653 0.8851
vn -0.0000 -0.1405 0.9901
vn -0.0000 -0.6483 0.7614
vn -0.0000 0.4370 -0.8995
vn -0.0000 0.1501 -0.9887
vn -0.0000 -0.1501 -0.9887
vn -0.0000 -0.4370 -0.8995
vn -0.0000 0.8509 -0.5254
vn -0.0000 0.9620 -0.2730
vn -0.0000 0.8509 0.5254
vn -0.0000 -0.9620 -0.2730
vn -0.0000 -0.8509 -0.5254
vn -0.0000 -0.6752 -0.7377
vn -0.0000 -0.1501 0.9887
vn -0.0000 0.1501 0.9887
vn -0.0000 0.6482 -0.7615
vn -0.0000 0.8346 -0.5509
vn -0.0000 -0.7135 0.7006
vn -0.0000 -0.4652 0.8852
vn -0.0000 0.1405 -0.9901
vn -0.0000 -0.8346 0.5509
vn -0.0000 -0.9549 0.2970
vn -0.0000 -0.9998 0.0193
vn -0.0000 -0.9880 -0.1547
vn -0.0000 -0.8935 -0.4491
vn -0.0000 -0.7135 -0.7007
vn -0.0000 -0.4653 -0.8851
vn -0.0000 -0.1726 -0.9850
vn -0.0000 0.1367 -0.9906
vn -0.0000 0.4329 -0.9015
vn -0.0000 0.1406 0.9901
vn -0.0000 0.4106 0.9118
vn -0.0000 0.6482 0.7614
vn -0.0000 0.8345 0.5510
vn -0.0000 0.9549 0.2969
vn -0.0000 0.9998 0.0193
vn -0.0000 0.9657 -0.2596
vn -0.0000 0.6772 -0.7358
vn -0.0000 0.9880 0.1546
vn -0.0000 0.8935 0.4491
vn -0.0000 0.7135 0.7006
vn -0.0000 0.4652 0.8852
vn -0.0000 0.1726 0.9850
vn -0.0000 -0.1367 0.9906
vn -0.0000 -0.4329 0.9015
vn -0.0000 -0.1406 -0.9901
vn -0.0000 -0.4106 -0.9118
vn -0.0000 -0.6482 -0.7614
vn -0.0000 -0.8345 -0.5510
vn -0.0000 -0.9549 -0.2969
vn -0.0000 -0.9998 -0.0194
vn -0.0000 -0.9657 0.2597
vn -0.0000 -0.8552 0.5182
vn -0.0000 -0.6772 0.7358
vn -0.0000 -0.4653 -0.8852
vn -0.0000 0.4328 -0.9015
vn -0.0000 0.6482 0.7615
vn -0.0000 0.8345 0.5509
vn -0.0000 0.7135 0.7007
vn -0.0000 0.4653 0.8852
vn -0.0000 -0.4328 0.9015
vn -0.0000 -0.6482 -0.7615
vn -0.0000 -0.8345 -0.5509
vn -0.0000 -0.8552 0.5183
vn -0.0000 0.4105 0.9118
vn -0.0000 0.4653 0.8851
vn -0.0000 0.1725 0.9850
vn -0.0000 -0.9880 -0.1546
vn -0.0000 0.1368 -0.9906
vn -0.0000 0.1404 0.9901
vn -0.0000 0.9657 -0.2597
vn -0.0000 -0.4105 -0.9118
vn -0.0000 0.9998 0.0194
vn -0.0000 0.9880 0.1547
vn -0.0000 -0.1366 0.9906
vn -0.0000 0.9937 -0.1120
vn -0.0000 0.9439 -0.3303
vn -0.0000 0.8467 -0.5320
vn -0.0000 0.5320 -0.8467
vn -0.0000 0.3303 -0.9439
vn -0.0000 0.1120 -0.9937
vn -0.0000 -0.1120 -0.9937
vn -0.0000 -0.3303 -0.9439
vn -0.0000 -0.5320 -0.8467
vn -0.0000 -0.8467 -0.5320
vn -0.0000 -0.9439 -0.3303
vn -0.0000 -0.9937 -0.1120
vn -0.0000 -0.9937 0.1120
vn -0.0000 -0.9439 0.3303
vn -0.0000 -0.8467 0.5320
vn -0.0000 -0.5320 0.8467
vn -0.0000 -0.3303 0.9439
vn -0.0000 -0.1120 0.9937
vn -0.0000 0.1120 0.9937
vn -0.0000 0.3303 0.9439
vn -0.0000 0.5320 0.8467
vn -0.0000 0.8467 0.5320
vn -0.0000 0.9270 0.3750
vn -0.0246 0.9436 0.3302
vn -0.0000 0.9937 0.1120
vn -0.0000 0.9632 0.2688
vn -0.0000 -0.4539 -0.8910
vn -0.0000 -0.7070 0.7072
vn -0.0000 -0.8910 0.4539
vn -0.0000 0.7072 0.7070
vn -0.0000 0.7072 -0.7070
vn 0.0050 0.6875 -0.7262
vn -0.0000 0.6068 -0.7949
vn 0.0118 0.7071 -0.7071
vn -0.0003 0.8910 -0.4540
vn 0.0273 0.8505 -0.5252
vn -0.0000 0.9172 -0.3984
vn 0.0001 0.7798 -0.6261
vn 0.7071 0.7071 -0.0000
vn 0.7071 -0.7071 -0.0000
vn 0.0273 0.8505 0.5252
vn -0.0000 0.9172 0.3984
vn 0.0118 0.7071 0.7071
vn 0.0050 0.6874 0.7262
vn 0.0001 0.7798 0.6260
vn -0.0000 0.6066 0.7950
vn -0.0003 0.8910 0.4540
vn -0.0000 0.9877 -0.1565
vn 0.0050 0.6874 -0.7262
vn -0.0000 0.6065 -0.7951
vn 0.0118 0.7070 -0.7071
vn 0.0273 0.8506 -0.5252
vn 0.0118 0.7070 0.7071
vn 0.0050 0.6875 0.7262
vn -0.0000 0.6065 0.7951
vn 0.0273 0.8506 0.5252
vn 0.0001 0.7798 0.6261
vn -0.0000 0.6066 -0.7950
vn 0.0001 0.7797 0.6261
vn 0.0001 0.7798 -0.6260
vn 0.0001 0.7797 -0.6261
vn 0.0001 0.7799 0.6260
vn 0.0001 0.7799 -0.6260
vn 0.0050 0.6875 0.7261
vn 0.5000 0.8660 -0.0000
vn -0.7071 -0.7071 -0.0000
vn -0.1564 -0.9877 -0.0000
vn -0.4540 -0.8910 -0.0000
vn -0.8910 -0.4540 -0.0000
vn -0.9877 -0.1565 -0.0000
vn 0.7934 -0.6087 -0.0000
vn 0.6088 -0.7934 -0.0000
vn 0.3827 -0.9239 -0.0000
vn 0.1305 -0.9915 -0.0000
vn 0.6088 -0.7933 -0.0000
vn -0.7071 0.7071 -0.0000
vn 0.5000 -0.8660 -0.0000
vn -0.9877 0.1565 -0.0000
vn -0.8910 0.4540 -0.0000
vn -0.4540 0.8910 -0.0000
vn -0.1564 0.9877 -0.0000
vn 0.1305 0.9915 -0.0000
vn 0.3827 0.9239 -0.0000
vn 0.6088 0.7933 -0.0000
vn 0.7934 0.6087 -0.0000
vn 0.8660 0.5000 -0.0000
vn -0.0000 -0.0001 1.0000
vn -0.0000 -0.0002 1.0000
vn -0.0000 0.0001 1.0000
vn -0.0000 0.0005 1.0000
vn -0.0000 0.0001 -1.0000
vn -0.0000 -0.0001 -1.0000
vn -0.7072 -0.7071 -0.0000
vn -0.0000 -0.8910 -0.4541
vn -0.0000 0.6068 -0.7948
vn 0.0118 0.7071 0.7070
vn -0.0000 0.6067 0.7949
vn 0.0273 0.8505 -0.5253
vn 0.7072 0.7071 -0.0000
vn -0.0000 0.6067 0.7950
vn -0.9877 -0.1564 -0.0000
vn -0.7071 -0.7072 -0.0000
vn 0.6087 -0.7934 -0.0000
vn -0.8910 0.4539 -0.0000
vn -0.7071 0.7072 -0.0000
vn -0.1565 0.9877 -0.0000
vn -0.4539 0.8910 -0.0000
vn 0.6087 0.7934 -0.0000
s 0
f 1//1 2//1 3//1
f 4//2 1//2 5//2
f 6//3 4//3 7//3
f 8//4 6//4 9//4
f 10//5 8//5 11//5
f 12//6 10//6 13//6
f 14//7 12//7 15//7
f 16//8 14//8 17//8
f 18//9 16//9 19//9
f 20//10 18//10 21//10
f 22//11 20//11 23//11
f 24//12 22//12 25//12
f 26//13 24//13 27//13
f 28//14 26//14 29//14
f 30//15 28//15 31//15
f 32//16 30//16 33//16
f 34//17 32//17 35//17
f 36//18 34//18 37//18
f 38//19 36//19 39//19
f 2//20 38//20 40//20
f 40//21 3//21 2//21
f 39//19 40//19 38//19
f 37//18 39//18 36//18
f 35//22 37//22 34//22
f 33//16 35//16 32//16
f 31//15 33//15 30//15
f 29//14 31//14 28//14
f 27//23 29//23 26//23
f 25//12 27//12 24//12
f 23//24 25//24 22//24
f 21//25 23//25 20//25
f 19//9 21//9 18//9
f 17//26 19//26 16//26
f 15//7 17//7 14//7
f 13//6 15//6 12//6
f 11//5 13//5 10//5
f 9//27 11//27 8//27
f 7//3 9//3 6//3
f 5//2 7//2 4//2
f 3//28 5//28 1//28
f 41//29 42//29 27//29
f 43//29 21//29 19//29
f 25//29 44//29 41//29
f 27//29 42//29 45//29
f 46//29 40//29 39//29
f 47//29 48//29 7//29
f 19//29 17//29 49//29
f 19//29 50//29 43//29
f 45//29 29//29 27//29
f 29//29 45//29 51//29
f 52//29 35//29 33//29
f 37//29 35//29 52//29
f 39//29 37//29 53//29
f 39//29 54//29 46//29
f 55//29 56//29 3//29
f 57//29 5//29 3//29
f 5//29 57//29 47//29
f 7//29 48//29 58//29
f 9//29 58//29 59//29
f 59//29 60//29 13//29
f 17//29 15//29 60//29
f 43//29 61//29 21//29
f 51//29 31//29 29//29
f 33//29 51//29 52//29
f 53//29 54//29 39//29
f 3//29 40//29 55//29
f 7//29 5//29 47//29
f 59//29 11//29 9//29
f 60//29 15//29 13//29
f 49//29 50//29 19//29
f 33//29 31//29 51//29
f 46//29 55//29 40//29
f 58//29 9//29 7//29
f 60//29 49//29 17//29
f 52//29 53//29 37//29
f 13//29 11//29 59//29
f 44//29 25//29 23//29
f 3//29 56//29 57//29
f 27//29 25//29 41//29
f 61//29 62//29 23//29
f 23//29 21//29 61//29
f 23//29 62//29 44//29
f 52//30 51//30 63//30
f 63//30 64//30 52//30
f 59//31 65//31 66//31
f 66//31 60//31 59//31
f 67//15 63//15 51//15
f 68//32 67//32 45//32
f 69//13 68//13 42//13
f 70//12 69//12 41//12
f 71//11 70//11 44//11
f 72//33 71//33 62//33
f 73//34 72//34 61//34
f 74//26 73//26 43//26
f 75//7 74//7 50//7
f 66//6 75//6 49//6
f 49//6 60//6 66//6
f 50//7 49//7 75//7
f 43//26 50//26 74//26
f 61//9 43//9 73//9
f 62//25 61//25 72//25
f 44//35 62//35 71//35
f 41//12 44//12 70//12
f 42//13 41//13 69//13
f 45//14 42//14 68//14
f 51//15 45//15 67//15
f 76//5 65//5 59//5
f 77//27 76//27 58//27
f 78//36 77//36 48//36
f 79//2 78//2 47//2
f 80//1 79//1 57//1
f 81//21 80//21 56//21
f 82//37 81//37 55//37
f 83//38 82//38 46//38
f 84//17 83//17 54//17
f 64//16 84//16 53//16
f 53//16 52//16 64//16
f 54//17 53//17 84//17
f 46//38 54//38 83//38
f 55//19 46//19 82//19
f 56//21 55//21 81//21
f 57//28 56//28 80//28
f 47//2 57//2 79//2
f 48//36 47//36 78//36
f 58//27 48//27 77//27
f 59//5 58//5 76//5
f 85//39 86//39 203//39
f 204//39 14//39 16//39
f 204//39 203//39 10//39
f 86//39 38//39 2//39
f 86//39 87//39 28//39
f 87//39 22//39 24//39
f 204//39 12//39 14//39
f 203//39 8//39 10//39
f 203//39 4//39 6//39
f 203//39 2//39 1//39
f 86//39 36//39 38//39
f 86//39 32//39 34//39
f 28//39 30//39 86//39
f 24//39 26//39 87//39
f 87//39 204//39 20//39
f 10//39 12//39 204//39
f 1//39 4//39 203//39
f 34//39 36//39 86//39
f 26//39 28//39 87//39
f 204//39 18//39 20//39
f 6//39 8//39 203//39
f 30//39 32//39 86//39
f 16//39 18//39 204//39
f 20//39 22//39 87//39
f 87//39 88//39 89//39
f 87//39 90//39 91//39
f 204//39 92//39 93//39
f 87//39 94//39 88//39
f 91//39 95//39 87//39
f 90//39 96//39 97//39
f 90//39 205//39 98//39
f 205//39 99//39 100//39
f 205//39 93//39 101//39
f 204//39 102//39 92//39
f 87//39 103//39 94//39
f 97//39 91//39 90//39
f 98//39 104//39 90//39
f 205//39 105//39 99//39
f 93//39 205//39 204//39
f 204//39 89//39 106//39
f 95//39 103//39 87//39
f 104//39 107//39 90//39
f 101//39 105//39 205//39
f 106//39 108//39 204//39
f 107//39 96//39 90//39
f 108//39 102//39 204//39
f 100//39 98//39 205//39
f 206//39 109//39 110//39
f 110//39 111//39 206//39
f 111//39 112//39 206//39
f 205//39 113//39 109//39
f 114//39 115//39 116//39
f 109//39 206//39 205//39
f 205//39 117//39 118//39
f 90//39 119//39 120//39
f 116//39 90//39 114//39
f 118//39 113//39 205//39
f 116//39 119//39 90//39
f 114//39 121//39 122//39
f 114//39 206//39 123//39
f 122//39 115//39 114//39
f 206//39 124//39 123//39
f 205//39 125//39 117//39
f 120//39 126//39 90//39
f 112//39 124//39 206//39
f 114//39 127//39 121//39
f 205//39 128//39 125//39
f 90//39 129//39 128//39
f 123//39 127//39 114//39
f 126//39 129//39 90//39
f 207//39 130//39 131//39
f 131//39 132//39 207//39
f 132//39 133//39 207//39
f 206//39 134//39 130//39
f 135//39 136//39 137//39
f 130//39 207//39 206//39
f 206//39 138//39 139//39
f 114//39 140//39 141//39
f 137//39 114//39 135//39
f 137//39 140//39 114//39
f 139//39 134//39 206//39
f 135//39 142//39 143//39
f 135//39 207//39 144//39
f 143//39 136//39 135//39
f 207//39 145//39 144//39
f 206//39 146//39 138//39
f 141//39 147//39 114//39
f 133//39 145//39 207//39
f 135//39 148//39 142//39
f 206//39 149//39 146//39
f 114//39 150//39 149//39
f 144//39 148//39 135//39
f 147//39 150//39 114//39
f 207//39 151//39 152//39
f 207//39 153//39 151//39
f 135//39 154//39 155//39
f 135//39 156//39 157//39
f 135//39 158//39 159//39
f 158//39 160//39 161//39
f 158//39 208//39 162//39
f 208//39 163//39 164//39
f 152//39 208//39 207//39
f 135//39 165//39 154//39
f 159//39 156//39 135//39
f 161//39 166//39 158//39
f 162//39 167//39 158//39
f 208//39 168//39 169//39
f 152//39 163//39 208//39
f 207//39 155//39 170//39
f 157//39 165//39 135//39
f 167//39 160//39 158//39
f 164//39 168//39 208//39
f 170//39 171//39 207//39
f 166//39 159//39 158//39
f 171//39 153//39 207//39
f 169//39 162//39 208//39
f 208//39 172//39 173//39
f 208//39 174//39 172//39
f 158//39 175//39 176//39
f 158//39 177//39 178//39
f 179//39 180//39 177//39
f 179//39 181//39 182//39
f 179//39 183//39 184//39
f 183//39 185//39 186//39
f 173//39 183//39 208//39
f 158//39 187//39 175//39
f 177//39 158//39 179//39
f 182//39 188//39 179//39
f 184//39 189//39 179//39
f 183//39 190//39 191//39
f 173//39 185//39 183//39
f 208//39 176//39 192//39
f 178//39 187//39 158//39
f 189//39 181//39 179//39
f 186//39 190//39 183//39
f 192//39 193//39 208//39
f 188//39 180//39 179//39
f 193//39 174//39 208//39
f 191//39 184//39 183//39
f 194//39 203//39 195//39
f 203//39 204//39 196//39
f 204//39 205//39 197//39
f 205//39 206//39 198//39
f 206//39 207//39 199//39
f 207//39 208//39 200//39
f 208//39 183//39 201//39
f 201//39 200//39 208//39
f 200//39 199//39 207//39
f 199//39 198//39 206//39
f 198//39 197//39 205//39
f 197//39 196//39 204//39
f 196//39 195//39 203//39
f 195//39 202//39 194//39
f 176//39 208//39 158//39
f 155//39 207//39 135//39
f 149//39 206//39 114//39
f 128//39 205//39 90//39
f 89//39 204//39 87//39
f 2//39 203//39 86//39
f 203//39 194//39 85//39
f 199//30 200//30 209//30
f 209//30 210//30 199//30
f 201//30 211//30 212//30
f 200//30 212//30 209//30
f 199//30 213//30 214//30
f 210//30 213//30 199//30
f 214//30 198//30 199//30
f 214//30 215//30 198//30
f 197//30 198//30 215//30
f 196//30 197//30 216//30
f 215//30 216//30 197//30
f 216//30 217//30 196//30
f 217//30 218//30 196//30
f 195//30 196//30 218//30
f 218//30 219//30 195//30
f 202//30 195//30 219//30
f 219//30 220//30 202//30
f 212//30 200//30 201//30
f 221//31 87//31 86//31
f 221//31 90//31 87//31
f 221//31 114//31 90//31
f 222//31 135//31 114//31
f 114//31 221//31 222//31
f 222//31 158//31 135//31
f 222//31 179//31 158//31
f 86//31 85//31 221//31
f 183//40 179//40 222//40
f 201//40 183//40 223//40
f 224//40 223//40 222//40
f 223//40 211//40 201//40
f 222//40 223//40 183//40
f 222//40 225//40 224//40
f 202//41 220//41 226//41
f 194//41 226//41 221//41
f 221//41 85//41 194//41
f 227//41 228//41 221//41
f 221//41 226//41 227//41
f 226//41 194//41 202//41
f 222//42 221//42 228//42
f 228//42 225//42 222//42
f 225//31 229//31 230//31
f 230//31 231//31 225//31
f 231//31 224//31 225//31
f 225//31 232//31 233//31
f 233//31 229//31 225//31
f 225//31 234//31 235//31
f 235//31 232//31 225//31
f 228//31 236//31 234//31
f 234//31 225//31 228//31
f 228//31 237//31 236//31
f 228//31 238//31 237//31
f 228//31 227//31 238//31
f 192//28 176//28 239//28
f 193//2 192//2 240//2
f 174//36 193//36 241//36
f 172//27 174//27 242//27
f 173//5 172//5 243//5
f 185//6 173//6 244//6
f 186//7 185//7 245//7
f 190//26 186//26 246//26
f 191//43 190//43 247//43
f 184//44 191//44 248//44
f 189//24 184//24 249//24
f 181//12 189//12 250//12
f 182//13 181//13 251//13
f 188//14 182//14 252//14
f 180//15 188//15 253//15
f 177//16 180//16 254//16
f 178//17 177//17 255//17
f 187//38 178//38 256//38
f 175//19 187//19 257//19
f 176//21 175//21 258//21
f 258//21 239//21 176//21
f 257//19 258//19 175//19
f 256//38 257//38 187//38
f 255//17 256//17 178//17
f 254//16 255//16 177//16
f 253//15 254//15 180//15
f 252//14 253//14 188//14
f 251//13 252//13 182//13
f 250//12 251//12 181//12
f 249//24 250//24 189//24
f 248//44 249//44 184//44
f 247//43 248//43 191//43
f 246//26 247//26 190//26
f 245//7 246//7 186//7
f 244//6 245//6 185//6
f 243//5 244//5 173//5
f 242//27 243//27 172//27
f 241//36 242//36 174//36
f 240//2 241//2 193//2
f 239//28 240//28 192//28
f 170//1 155//1 259//1
f 171//2 170//2 260//2
f 153//36 171//36 261//36
f 151//27 153//27 262//27
f 152//5 151//5 263//5
f 163//6 152//6 264//6
f 164//7 163//7 265//7
f 168//26 164//26 266//26
f 169//9 168//9 267//9
f 162//25 169//25 268//25
f 167//11 162//11 269//11
f 160//12 167//12 270//12
f 161//23 160//23 271//23
f 166//14 161//14 272//14
f 159//15 166//15 273//15
f 156//16 159//16 274//16
f 157//17 156//17 275//17
f 165//38 157//38 276//38
f 154//19 165//19 277//19
f 155//21 154//21 278//21
f 278//21 259//21 155//21
f 277//19 278//19 154//19
f 276//38 277//38 165//38
f 275//17 276//17 157//17
f 274//16 275//16 156//16
f 273//15 274//15 159//15
f 272//14 273//14 166//14
f 271//13 272//13 161//13
f 270//12 271//12 160//12
f 269//11 270//11 167//11
f 268//25 269//25 162//25
f 267//9 268//9 169//9
f 266//26 267//26 168//26
f 265//7 266//7 164//7
f 264//6 265//6 163//6
f 263//5 264//5 152//5
f 262//27 263//27 151//27
f 261//36 262//36 153//36
f 260//2 261//2 171//2
f 259//1 260//1 170//1
f 146//28 149//28 279//28
f 138//2 146//2 280//2
f 139//36 138//36 281//36
f 134//27 139//27 282//27
f 130//5 134//5 283//5
f 131//6 130//6 284//6
f 132//7 131//7 285//7
f 133//26 132//26 286//26
f 145//9 133//9 287//9
f 144//10 145//10 288//10
f 148//24 144//24 289//24
f 142//12 148//12 290//12
f 143//13 142//13 291//13
f 136//14 143//14 292//14
f 137//15 136//15 293//15
f 140//16 137//16 294//16
f 141//17 140//17 295//17
f 147//38 141//38 296//38
f 150//19 147//19 297//19
f 149//20 150//20 298//20
f 298//20 279//20 149//20
f 297//19 298//19 150//19
f 296//38 297//38 147//38
f 295//17 296//17 141//17
f 294//16 295//16 140//16
f 293//15 294//15 137//15
f 292//14 293//14 136//14
f 291//13 292//13 143//13
f 290//12 291//12 142//12
f 289//24 290//24 148//24
f 288//10 289//10 144//10
f 287//9 288//9 145//9
f 286//26 287//26 133//26
f 285//7 286//7 132//7
f 284//6 285//6 131//6
f 283//5 284//5 130//5
f 282//27 283//27 134//27
f 281//36 282//36 139//36
f 280//2 281//2 138//2
f 279//28 280//28 146//28
f 125//28 128//28 299//28
f 117//2 125//2 300//2
f 118//36 117//36 301//36
f 113//27 118//27 302//27
f 109//5 113//5 303//5
f 110//6 109//6 304//6
f 111//7 110//7 305//7
f 112//26 111//26 306//26
f 124//9 112//9 307//9
f 123//10 124//10 308//10
f 127//24 123//24 309//24
f 121//12 127//12 310//12
f 122//13 121//13 311//13
f 115//14 122//14 312//14
f 116//15 115//15 313//15
f 119//16 116//16 314//16
f 120//17 119//17 315//17
f 126//38 120//38 316//38
f 129//19 126//19 317//19
f 128//21 129//21 318//21
f 318//20 299//20 128//20
f 317//19 318//19 129//19
f 316//38 317//38 126//38
f 315//17 316//17 120//17
f 314//16 315//16 119//16
f 313//15 314//15 116//15
f 312//14 313//14 115//14
f 311//13 312//13 122//13
f 310//12 311//12 121//12
f 309//24 310//24 127//24
f 308//10 309//10 123//10
f 307//9 308//9 124//9
f 306//26 307//26 112//26
f 305//7 306//7 111//7
f 304//6 305//6 110//6
f 303//5 304//5 109//5
f 302//27 303//27 113//27
f 301//36 302//36 118//36
f 300//2 301//2 117//2
f 299//1 300//1 125//1
f 106//28 89//28 319//28
f 108//2 106//2 320//2
f 102//3 108//3 321//3
f 92//27 102//27 322//27
f 93//5 92//5 323//5
f 101//6 93//6 324//6
f 105//7 101//7 325//7
f 99//26 105//26 326//26
f 100//9 99//9 327//9
f 98//10 100//10 328//10
f 104//11 98//11 329//11
f 107//45 104//45 330//45
f 96//13 107//13 331//13
f 97//14 96//14 332//14
f 91//15 97//15 333//15
f 95//16 91//16 334//16
f 103//17 95//17 335//17
f 94//38 103//38 336//38
f 88//19 94//19 337//19
f 89//46 88//46 338//46
f 338//20 319//20 89//20
f 337//19 338//19 88//19
f 336//18 337//18 94//18
f 335//17 336//17 103//17
f 334//16 335//16 95//16
f 333//15 334//15 91//15
f 332//14 333//14 97//14
f 331//13 332//13 96//13
f 330//47 331//47 107//47
f 329//24 330//24 104//24
f 328//25 329//25 98//25
f 327//48 328//48 100//48
f 326//26 327//26 99//26
f 325//7 326//7 105//7
f 324//6 325//6 101//6
f 323//5 324//5 93//5
f 322//27 323//27 92//27
f 321//36 322//36 102//36
f 320//2 321//2 108//2
f 319//49 320//49 106//49
f 339//29 340//29 331//29
f 341//29 328//29 327//29
f 342//29 330//29 329//29
f 330//29 342//29 339//29
f 332//29 343//29 344//29
f 345//29 335//29 334//29
f 336//29 335//29 345//29
f 346//29 338//29 337//29
f 347//29 348//29 321//29
f 322//29 349//29 350//29
f 350//29 351//29 324//29
f 326//29 325//29 351//29
f 327//29 352//29 341//29
f 353//29 354//29 329//29
f 331//29 330//29 339//29
f 331//29 340//29 343//29
f 344//29 334//29 333//29
f 345//29 355//29 336//29
f 337//29 356//29 346//29
f 357//29 358//29 319//29
f 359//29 320//29 319//29
f 320//29 359//29 347//29
f 324//29 323//29 350//29
f 351//29 360//29 326//29
f 327//29 326//29 360//29
f 329//29 328//29 353//29
f 343//29 332//29 331//29
f 334//29 344//29 345//29
f 337//29 336//29 355//29
f 319//29 338//29 357//29
f 321//29 320//29 347//29
f 321//29 348//29 349//29
f 325//29 324//29 351//29
f 341//29 353//29 328//29
f 344//29 333//29 332//29
f 346//29 357//29 338//29
f 349//29 322//29 321//29
f 360//29 352//29 327//29
f 355//29 356//29 337//29
f 350//29 323//29 322//29
f 319//29 358//29 359//29
f 329//29 354//29 342//29
f 351//31 350//31 361//31
f 361//31 362//31 351//31
f 363//30 345//30 344//30
f 344//30 364//30 363//30
f 365//15 364//15 344//15
f 366//14 365//14 343//14
f 367//13 366//13 340//13
f 368//12 367//12 339//12
f 369//24 368//24 342//24
f 342//24 354//24 369//24
f 339//12 342//12 368//12
f 340//13 339//13 367//13
f 343//14 340//14 366//14
f 344//50 343//50 365//50
f 370//10 369//10 354//10
f 371//9 370//9 353//9
f 372//26 371//26 341//26
f 373//7 372//7 352//7
f 362//6 373//6 360//6
f 360//6 351//6 362//6
f 352//7 360//7 373//7
f 341//26 352//26 372//26
f 353//9 341//9 371//9
f 354//10 353//10 370//10
f 374//5 361//5 350//5
f 375//27 374//27 349//27
f 376//36 375//36 348//36
f 377//2 376//2 347//2
f 378//28 377//28 359//28
f 359//28 358//28 378//28
f 347//2 359//2 377//2
f 348//36 347//36 376//36
f 349//27 348//27 375//27
f 350//5 349//5 374//5
f 379//20 378//20 358//20
f 380//19 379//19 357//19
f 381//38 380//38 346//38
f 382//17 381//17 356//17
f 363//16 382//16 355//16
f 355//16 345//16 363//16
f 356//17 355//17 382//17
f 346//38 356//38 381//38
f 357//19 346//19 380//19
f 358//20 357//20 379//20
f 301//29 383//29 384//29
f 302//29 384//29 385//29
f 385//29 386//29 304//29
f 385//29 303//29 302//29
f 386//29 305//29 304//29
f 311//29 387//29 388//29
f 312//29 388//29 389//29
f 389//29 390//29 314//29
f 304//29 303//29 385//29
f 306//29 305//29 386//29
f 389//29 313//29 312//29
f 390//29 315//29 314//29
f 316//29 315//29 390//29
f 317//29 316//29 391//29
f 386//29 392//29 306//29
f 307//29 306//29 392//29
f 393//29 308//29 307//29
f 314//29 313//29 389//29
f 391//29 394//29 317//29
f 395//29 318//29 317//29
f 396//29 383//29 301//29
f 392//29 397//29 307//29
f 307//29 397//29 393//29
f 398//29 387//29 311//29
f 390//29 391//29 316//29
f 317//29 394//29 395//29
f 399//29 400//29 299//29
f 401//29 300//29 299//29
f 300//29 401//29 396//29
f 393//29 402//29 308//29
f 310//29 403//29 398//29
f 395//29 399//29 318//29
f 299//29 400//29 401//29
f 384//29 302//29 301//29
f 403//29 310//29 309//29
f 388//29 312//29 311//29
f 301//29 300//29 396//29
f 402//29 404//29 309//29
f 311//29 310//29 398//29
f 309//29 308//29 402//29
f 299//29 318//29 399//29
f 309//29 404//29 403//29
f 386//31 385//31 405//31
f 405//31 406//31 386//31
f 407//30 390//30 389//30
f 389//30 408//30 407//30
f 409//15 408//15 389//15
f 410//14 409//14 388//14
f 411//13 410//13 387//13
f 412//12 411//12 398//12
f 413//11 412//11 403//11
f 403//11 404//11 413//11
f 398//12 403//12 412//12
f 387//13 398//13 411//13
f 388//14 387//14 410//14
f 389//15 388//15 409//15
f 414//25 413//25 404//25
f 415//9 414//9 402//9
f 416//26 415//26 393//26
f 417//7 416//7 397//7
f 406//6 417//6 392//6
f 392//6 386//6 406//6
f 397//7 392//7 417//7
f 393//26 397//26 416//26
f 402//9 393//9 415//9
f 404//25 402//25 414//25
f 418//51 405//51 385//51
f 419//27 418//27 384//27
f 420//36 419//36 383//36
f 421//2 420//2 396//2
f 422//1 421//1 401//1
f 401//28 400//28 422//28
f 396//2 401//2 421//2
f 383//36 396//36 420//36
f 384//27 383//27 419//27
f 385//51 384//51 418//51
f 423//20 422//20 400//20
f 424//19 423//19 399//19
f 425//38 424//38 395//38
f 426//17 425//17 394//17
f 407//16 426//16 391//16
f 391//16 390//16 407//16
f 394//17 391//17 426//17
f 395//38 394//38 425//38
f 399//19 395//19 424//19
f 400//21 399//21 423//21
f 281//29 427//29 428//29
f 282//29 428//29 429//29
f 429//29 430//29 284//29
f 429//29 283//29 282//29
f 430//29 285//29 284//29
f 291//29 431//29 432//29
f 292//29 432//29 433//29
f 433//29 434//29 294//29
f 284//29 283//29 429//29
f 286//29 285//29 430//29
f 433//29 293//29 292//29
f 434//29 295//29 294//29
f 296//29 295//29 434//29
f 297//29 296//29 435//29
f 430//29 436//29 286//29
f 287//29 286//29 436//29
f 437//29 288//29 287//29
f 294//29 293//29 433//29
f 435//29 438//29 297//29
f 439//29 298//29 297//29
f 440//29 427//29 281//29
f 436//29 441//29 287//29
f 287//29 441//29 437//29
f 442//29 431//29 291//29
f 434//29 435//29 296//29
f 297//29 438//29 439//29
f 443//29 444//29 279//29
f 445//29 280//29 279//29
f 280//29 445//29 440//29
f 437//29 446//29 288//29
f 290//29 447//29 442//29
f 439//29 443//29 298//29
f 279//29 444//29 445//29
f 428//29 282//29 281//29
f 447//29 290//29 289//29
f 432//29 292//29 291//29
f 281//29 280//29 440//29
f 446//29 448//29 289//29
f 291//29 290//29 442//29
f 289//29 288//29 446//29
f 279//29 298//29 443//29
f 289//29 448//29 447//29
f 430//31 429//31 449//31
f 449//31 450//31 430//31
f 451//30 434//30 433//30
f 433//30 452//30 451//30
f 453//15 452//15 433//15
f 454//14 453//14 432//14
f 455//13 454//13 431//13
f 456//12 455//12 442//12
f 457//11 456//11 447//11
f 447//11 448//11 457//11
f 442//12 447//12 456//12
f 431//13 442//13 455//13
f 432//14 431//14 454//14
f 433//15 432//15 453//15
f 458//25 457//25 448//25
f 459//9 458//9 446//9
f 460//26 459//26 437//26
f 461//7 460//7 441//7
f 450//6 461//6 436//6
f 436//6 430//6 450//6
f 441//7 436//7 461//7
f 437//26 441//26 460//26
f 446//9 437//9 459//9
f 448//25 446//25 458//25
f 462//5 449//5 429//5
f 463//27 462//27 428//27
f 464//36 463//36 427//36
f 465//2 464//2 440//2
f 466//28 465//28 445//28
f 445//1 444//1 466//1
f 440//2 445//2 465//2
f 427//36 440//36 464//36
f 428//27 427//27 463//27
f 429//5 428//5 462//5
f 467//21 466//21 444//21
f 468//19 467//19 443//19
f 469//38 468//38 439//38
f 470//17 469//17 438//17
f 451//16 470//16 435//16
f 435//16 434//16 451//16
f 438//17 435//17 470//17
f 439//38 438//38 469//38
f 443//19 439//19 468//19
f 444//20 443//20 467//20
f 471//29 268//29 267//29
f 472//29 278//29 277//29
f 473//29 474//29 264//29
f 266//29 265//29 474//29
f 267//29 266//29 475//29
f 267//29 476//29 471//29
f 477//29 478//29 269//29
f 479//29 480//29 271//29
f 271//29 480//29 481//29
f 272//29 481//29 482//29
f 276//29 275//29 483//29
f 277//29 276//29 484//29
f 277//29 485//29 472//29
f 486//29 487//29 259//29
f 262//29 488//29 473//29
f 474//29 265//29 264//29
f 475//29 476//29 267//29
f 269//29 268//29 477//29
f 489//29 270//29 269//29
f 270//29 489//29 479//29
f 482//29 273//29 272//29
f 484//29 485//29 277//29
f 259//29 278//29 486//29
f 490//29 491//29 261//29
f 264//29 263//29 473//29
f 471//29 477//29 268//29
f 271//29 270//29 479//29
f 482//29 274//29 273//29
f 483//29 275//29 274//29
f 472//29 486//29 278//29
f 492//29 260//29 259//29
f 260//29 492//29 490//29
f 261//29 491//29 488//29
f 474//29 475//29 266//29
f 481//29 272//29 271//29
f 483//29 484//29 276//29
f 261//29 260//29 490//29
f 473//29 263//29 262//29
f 274//29 482//29 483//29
f 488//29 262//29 261//29
f 259//29 487//29 492//29
f 269//29 478//29 489//29
f 474//31 473//31 493//31
f 493//31 494//31 474//31
f 495//30 483//30 482//30
f 482//30 496//30 495//30
f 497//15 496//15 482//15
f 498//32 497//32 481//32
f 499//13 498//13 480//13
f 500//12 499//12 479//12
f 501//11 500//11 489//11
f 489//11 478//11 501//11
f 479//12 489//12 500//12
f 480//13 479//13 499//13
f 481//14 480//14 498//14
f 482//15 481//15 497//15
f 502//10 501//10 478//10
f 503//9 502//9 477//9
f 504//26 503//26 471//26
f 505//7 504//7 476//7
f 494//52 505//52 475//52
f 475//6 474//6 494//6
f 476//7 475//7 505//7
f 471//26 476//26 504//26
f 477//9 471//9 503//9
f 478//10 477//10 502//10
f 506//5 493//5 473//5
f 507//27 506//27 488//27
f 508//36 507//36 491//36
f 509//2 508//2 490//2
f 510//28 509//28 492//28
f 492//28 487//28 510//28
f 490//2 492//2 509//2
f 491//36 490//36 508//36
f 488//27 491//27 507//27
f 473//5 488//5 506//5
f 511//20 510//20 487//20
f 512//19 511//19 486//19
f 513//38 512//38 472//38
f 514//17 513//17 485//17
f 495//16 514//16 484//16
f 484//16 483//16 495//16
f 485//17 484//17 514//17
f 472//38 485//38 513//38
f 486//19 472//19 512//19
f 487//21 486//21 511//21
f 515//29 248//29 247//29
f 516//29 258//29 257//29
f 517//29 518//29 244//29
f 246//29 245//29 518//29
f 247//29 246//29 519//29
f 247//29 520//29 515//29
f 521//29 522//29 249//29
f 523//29 524//29 251//29
f 251//29 524//29 525//29
f 252//29 525//29 526//29
f 256//29 255//29 527//29
f 257//29 256//29 528//29
f 257//29 529//29 516//29
f 530//29 531//29 239//29
f 242//29 532//29 517//29
f 518//29 245//29 244//29
f 519//29 520//29 247//29
f 249//29 248//29 521//29
f 533//29 250//29 249//29
f 250//29 533//29 523//29
f 526//29 253//29 252//29
f 528//29 529//29 257//29
f 239//29 258//29 530//29
f 534//29 535//29 241//29
f 244//29 243//29 517//29
f 515//29 521//29 248//29
f 251//29 250//29 523//29
f 526//29 254//29 253//29
f 527//29 255//29 254//29
f 516//29 530//29 258//29
f 536//29 240//29 239//29
f 240//29 536//29 534//29
f 241//29 535//29 532//29
f 518//29 519//29 246//29
f 525//29 252//29 251//29
f 527//29 528//29 256//29
f 241//29 240//29 534//29
f 517//29 243//29 242//29
f 254//29 526//29 527//29
f 532//29 242//29 241//29
f 239//29 531//29 536//29
f 249//29 522//29 533//29
f 518//31 517//31 537//31
f 537//31 538//31 518//31
f 539//30 527//30 526//30
f 526//30 540//30 539//30
f 541//15 540//15 526//15
f 542//14 541//14 525//14
f 543//13 542//13 524//13
f 544//12 543//12 523//12
f 545//24 544//24 533//24
f 533//24 522//24 545//24
f 523//12 533//12 544//12
f 524//13 523//13 543//13
f 525//14 524//14 542//14
f 526//15 525//15 541//15
f 546//10 545//10 522//10
f 547//9 546//9 521//9
f 548//26 547//26 515//26
f 549//7 548//7 520//7
f 538//52 549//52 519//52
f 519//52 518//52 538//52
f 520//7 519//7 549//7
f 515//26 520//26 548//26
f 521//9 515//9 547//9
f 522//10 521//10 546//10
f 550//51 537//51 517//51
f 551//27 550//27 532//27
f 552//36 551//36 535//36
f 553//2 552//2 534//2
f 554//1 553//1 536//1
f 536//1 531//1 554//1
f 534//2 536//2 553//2
f 535//36 534//36 552//36
f 532//27 535//27 551//27
f 517//51 532//51 550//51
f 555//21 554//21 531//21
f 556//19 555//19 530//19
f 557//38 556//38 516//38
f 558//17 557//17 529//17
f 539//16 558//16 528//16
f 528//16 527//16 539//16
f 529//17 528//17 558//17
f 516//38 529//38 557//38
f 530//19 516//19 556//19
f 531//21 530//21 555//21
f 211//29 223//29 669//29
f 231//29 539//29 540//29
f 231//29 558//29 539//29
f 540//29 224//29 231//29
f 223//29 548//29 549//29
f 223//29 546//29 547//29
f 224//29 544//29 545//29
f 540//29 541//29 224//29
f 231//29 669//29 554//29
f 547//29 548//29 223//29
f 545//29 223//29 224//29
f 224//29 542//29 543//29
f 231//29 557//29 558//29
f 231//29 555//29 556//29
f 669//29 553//29 554//29
f 545//29 546//29 223//29
f 541//29 542//29 224//29
f 554//29 555//29 231//29
f 669//29 551//29 552//29
f 669//29 223//29 538//29
f 543//29 544//29 224//29
f 552//29 553//29 669//29
f 538//29 537//29 669//29
f 556//29 557//29 231//29
f 537//29 550//29 669//29
f 550//29 551//29 669//29
f 212//29 669//29 670//29
f 231//29 230//29 559//29
f 230//29 560//29 559//29
f 559//29 561//29 231//29
f 561//29 562//29 231//29
f 231//29 563//29 564//29
f 230//29 565//29 560//29
f 231//29 566//29 567//29
f 562//29 563//29 231//29
f 230//29 568//29 569//29
f 670//29 669//29 570//29
f 567//29 669//29 231//29
f 569//29 565//29 230//29
f 230//29 670//29 571//29
f 570//29 572//29 670//29
f 564//29 566//29 231//29
f 670//29 573//29 571//29
f 670//29 574//29 575//29
f 572//29 576//29 670//29
f 669//29 577//29 578//29
f 669//29 579//29 580//29
f 571//29 568//29 230//29
f 576//29 574//29 670//29
f 580//29 577//29 669//29
f 575//29 573//29 670//29
f 567//29 579//29 669//29
f 209//29 670//29 671//29
f 229//29 495//29 496//29
f 229//29 514//29 495//29
f 496//29 230//29 229//29
f 670//29 504//29 505//29
f 670//29 502//29 503//29
f 230//29 500//29 501//29
f 496//29 497//29 230//29
f 229//29 671//29 510//29
f 503//29 504//29 670//29
f 501//29 670//29 230//29
f 230//29 498//29 499//29
f 229//29 513//29 514//29
f 229//29 511//29 512//29
f 671//29 509//29 510//29
f 501//29 502//29 670//29
f 497//29 498//29 230//29
f 510//29 511//29 229//29
f 671//29 507//29 508//29
f 671//29 670//29 494//29
f 499//29 500//29 230//29
f 508//29 509//29 671//29
f 494//29 493//29 671//29
f 512//29 513//29 229//29
f 493//29 506//29 671//29
f 506//29 507//29 671//29
f 210//29 671//29 672//29
f 233//29 581//29 582//29
f 233//29 583//29 581//29
f 582//29 229//29 233//29
f 582//29 584//29 229//29
f 229//29 585//29 586//29
f 233//29 587//29 583//29
f 229//29 588//29 589//29
f 584//29 585//29 229//29
f 233//29 590//29 591//29
f 672//29 671//29 592//29
f 589//29 671//29 229//29
f 591//29 587//29 233//29
f 233//29 672//29 593//29
f 592//29 594//29 672//29
f 586//29 588//29 229//29
f 672//29 595//29 593//29
f 672//29 596//29 597//29
f 594//29 598//29 672//29
f 671//29 599//29 600//29
f 671//29 601//29 602//29
f 593//29 590//29 233//29
f 598//29 596//29 672//29
f 602//29 599//29 671//29
f 597//29 595//29 672//29
f 589//29 601//29 671//29
f 213//29 672//29 673//29
f 232//29 451//29 452//29
f 452//29 233//29 232//29
f 232//29 470//29 451//29
f 232//29 469//29 470//29
f 452//29 453//29 233//29
f 673//29 672//29 450//29
f 453//29 454//29 233//29
f 232//29 673//29 466//29
f 450//29 449//29 673//29
f 233//29 456//29 457//29
f 232//29 468//29 469//29
f 466//29 467//29 232//29
f 449//29 462//29 673//29
f 672//29 460//29 461//29
f 233//29 455//29 456//29
f 467//29 468//29 232//29
f 673//29 464//29 465//29
f 462//29 463//29 673//29
f 672//29 459//29 460//29
f 672//29 457//29 458//29
f 454//29 455//29 233//29
f 463//29 464//29 673//29
f 458//29 459//29 672//29
f 465//29 466//29 673//29
f 457//29 672//29 233//29
f 214//29 673//29 674//29
f 232//29 235//29 603//29
f 603//29 604//29 232//29
f 235//29 605//29 603//29
f 235//29 606//29 605//29
f 604//29 607//29 232//29
f 674//29 673//29 608//29
f 607//29 609//29 232//29
f 235//29 674//29 610//29
f 608//29 611//29 674//29
f 232//29 612//29 613//29
f 235//29 614//29 606//29
f 610//29 615//29 235//29
f 611//29 616//29 674//29
f 673//29 617//29 618//29
f 232//29 619//29 612//29
f 615//29 614//29 235//29
f 674//29 620//29 621//29
f 616//29 622//29 674//29
f 618//29 623//29 673//29
f 673//29 613//29 624//29
f 609//29 619//29 232//29
f 622//29 620//29 674//29
f 624//29 617//29 673//29
f 621//29 610//29 674//29
f 613//29 673//29 232//29
f 215//29 674//29 675//29
f 235//29 407//29 408//29
f 235//29 426//29 407//29
f 625//29 425//29 426//29
f 234//29 626//29 627//29
f 426//29 235//29 625//29
f 423//29 628//29 629//29
f 234//29 630//29 626//29
f 234//29 675//29 631//29
f 408//29 409//29 235//29
f 423//29 632//29 628//29
f 627//29 235//29 234//29
f 675//29 633//29 631//29
f 675//29 634//29 635//29
f 409//29 410//29 235//29
f 629//29 422//29 423//29
f 627//29 636//29 235//29
f 234//29 637//29 638//29
f 635//29 633//29 675//29
f 675//29 674//29 639//29
f 640//29 674//29 405//29
f 421//29 422//29 629//29
f 235//29 412//29 413//29
f 625//29 424//29 425//29
f 424//29 625//29 632//29
f 234//29 641//29 630//29
f 631//29 637//29 234//29
f 639//29 642//29 675//29
f 405//29 418//29 640//29
f 629//29 643//29 421//29
f 674//29 416//29 417//29
f 235//29 411//29 412//29
f 423//29 424//29 632//29
f 638//29 641//29 234//29
f 642//29 644//29 675//29
f 674//29 640//29 645//29
f 674//29 406//29 405//29
f 646//29 420//29 421//29
f 646//29 418//29 419//29
f 674//29 415//29 416//29
f 674//29 413//29 414//29
f 410//29 411//29 235//29
f 644//29 634//29 675//29
f 418//29 646//29 640//29
f 419//29 420//29 646//29
f 414//29 415//29 674//29
f 636//29 625//29 235//29
f 643//29 646//29 421//29
f 413//29 674//29 235//29
f 417//29 406//29 674//29
f 216//29 675//29 676//29
f 236//29 363//29 364//29
f 364//29 234//29 236//29
f 236//29 676//29 378//29
f 236//29 382//29 363//29
f 676//29 377//29 378//29
f 676//29 675//29 362//29
f 234//29 368//29 369//29
f 236//29 381//29 382//29
f 236//29 379//29 380//29
f 676//29 376//29 377//29
f 676//29 374//29 375//29
f 362//29 361//29 676//29
f 675//29 370//29 371//29
f 369//29 675//29 234//29
f 234//29 366//29 367//29
f 364//29 365//29 234//29
f 378//29 379//29 236//29
f 361//29 374//29 676//29
f 675//29 372//29 373//29
f 369//29 370//29 675//29
f 365//29 366//29 234//29
f 375//29 376//29 676//29
f 371//29 372//29 675//29
f 380//29 381//29 236//29
f 367//29 368//29 234//29
f 217//29 676//29 677//29
f 237//29 647//29 648//29
f 237//29 649//29 647//29
f 237//29 677//29 650//29
f 236//29 651//29 652//29
f 648//29 236//29 237//29
f 237//29 653//29 654//29
f 677//29 655//29 650//29
f 676//29 656//29 657//29
f 652//29 676//29 236//29
f 648//29 658//29 236//29
f 650//29 653//29 237//29
f 677//29 659//29 660//29
f 652//29 656//29 676//29
f 236//29 661//29 662//29
f 237//29 663//29 649//29
f 660//29 655//29 677//29
f 662//29 651//29 236//29
f 654//29 663//29 237//29
f 677//29 676//29 664//29
f 676//29 665//29 666//29
f 658//29 661//29 236//29
f 664//29 667//29 677//29
f 657//29 665//29 676//29
f 667//29 668//29 677//29
f 668//29 659//29 677//29
f 218//29 677//29 678//29
f 238//29 64//29 63//29
f 237//29 70//29 71//29
f 238//29 84//29 64//29
f 238//29 678//29 80//29
f 71//29 677//29 237//29
f 237//29 67//29 68//29
f 63//29 237//29 238//29
f 238//29 81//29 82//29
f 678//29 79//29 80//29
f 677//29 72//29 73//29
f 237//29 69//29 70//29
f 63//29 67//29 237//29
f 80//29 81//29 238//29
f 678//29 77//29 78//29
f 677//29 74//29 75//29
f 71//29 72//29 677//29
f 238//29 83//29 84//29
f 78//29 79//29 678//29
f 678//29 677//29 66//29
f 73//29 74//29 677//29
f 82//29 83//29 238//29
f 66//29 65//29 678//29
f 68//29 69//29 237//29
f 65//29 76//29 678//29
f 76//29 77//29 678//29
f 219//29 678//29 226//29
f 678//29 238//29 227//29
f 227//29 226//29 678//29
f 226//29 220//29 219//29
f 75//29 66//29 677//29
f 678//29 219//29 218//29
f 666//29 664//29 676//29
f 677//29 218//29 217//29
f 373//29 362//29 675//29
f 676//29 217//29 216//29
f 645//29 639//29 674//29
f 675//29 216//29 215//29
f 623//29 608//29 673//29
f 674//29 215//29 214//29
f 461//29 450//29 672//29
f 673//29 214//29 213//29
f 600//29 592//29 671//29
f 672//29 213//29 210//29
f 505//29 494//29 670//29
f 671//29 210//29 209//29
f 578//29 570//29 669//29
f 670//29 209//29 212//29
f 549//29 538//29 223//29
f 669//29 212//29 211//29
f 679//31 642//31 639//31
f 639//31 680//31 679//31
f 681//29 682//29 683//29
f 684//29 685//29 686//29
f 687//29 688//29 689//29
f 687//29 690//29 691//29
f 683//29 692//29 681//29
f 684//29 693//29 694//29
f 684//29 695//29 685//29
f 689//29 696//29 687//29
f 687//29 697//29 690//29
f 679//29 698//29 699//29
f 694//29 682//29 684//29
f 684//29 680//29 695//29
f 691//29 688//29 687//29
f 679//29 700//29 698//29
f 679//29 680//29 684//29
f 686//29 693//29 684//29
f 699//29 687//29 679//29
f 681//29 684//29 682//29
f 684//29 700//29 679//29
f 696//29 679//29 687//29
f 626//30 700//30 684//30
f 684//30 627//30 626//30
f 636//15 627//15 684//15
f 625//14 636//14 681//14
f 632//13 625//13 692//13
f 628//12 632//12 683//12
f 629//11 628//11 682//11
f 643//10 629//10 694//10
f 646//9 643//9 693//9
f 640//26 646//26 686//26
f 645//7 640//7 685//7
f 639//52 645//52 695//52
f 695//52 680//52 639//52
f 685//7 695//7 645//7
f 686//26 685//26 640//26
f 693//9 686//9 646//9
f 694//25 693//25 643//25
f 682//24 694//24 629//24
f 683//12 682//12 628//12
f 692//13 683//13 632//13
f 681//14 692//14 625//14
f 684//15 681//15 636//15
f 644//51 642//51 679//51
f 634//27 644//27 696//27
f 635//36 634//36 689//36
f 633//2 635//2 688//2
f 631//1 633//1 691//1
f 637//21 631//21 690//21
f 638//19 637//19 697//19
f 641//38 638//38 687//38
f 630//17 641//17 699//17
f 626//16 630//16 698//16
f 698//16 700//16 626//16
f 699//17 698//17 630//17
f 687//38 699//38 641//38
f 697//19 687//19 638//19
f 690//21 697//21 637//21
f 691//1 690//1 631//1
f 688//2 691//2 633//2
f 689//36 688//36 635//36
f 696//27 689//27 634//27
f 679//5 696//5 644//5
f 701//31 702//31 611//31
f 611//31 608//31 701//31
f 703//29 704//29 705//29
f 706//29 707//29 708//29
f 701//29 709//29 710//29
f 711//29 701//29 712//29
f 705//29 713//29 703//29
f 703//29 706//29 714//29
f 706//29 703//29 707//29
f 710//29 715//29 701//29
f 701//29 711//29 716//29
f 712//29 717//29 711//29
f 713//29 718//29 703//29
f 708//29 719//29 706//29
f 715//29 720//29 701//29
f 717//29 721//29 711//29
f 714//29 704//29 703//29
f 722//29 703//29 702//29
f 716//29 709//29 701//29
f 702//29 701//29 722//29
f 718//29 702//29 703//29
f 720//29 722//29 701//29
f 603//30 703//30 722//30
f 722//30 604//30 603//30
f 616//5 611//5 702//5
f 622//27 616//27 718//27
f 620//36 622//36 713//36
f 621//2 620//2 705//2
f 610//28 621//28 704//28
f 615//20 610//20 714//20
f 614//19 615//19 706//19
f 606//38 614//38 719//38
f 605//17 606//17 708//17
f 603//16 605//16 707//16
f 707//16 703//16 603//16
f 708//17 707//17 605//17
f 719//38 708//38 606//38
f 706//19 719//19 614//19
f 714//20 706//20 615//20
f 704//28 714//28 610//28
f 705//2 704//2 621//2
f 713//36 705//36 620//36
f 718//27 713//27 622//27
f 702//5 718//5 616//5
f 607//15 604//15 722//15
f 609//14 607//14 720//14
f 619//13 609//13 715//13
f 612//12 619//12 710//12
f 613//11 612//11 709//11
f 624//25 613//25 716//25
f 617//9 624//9 711//9
f 618//26 617//26 721//26
f 623//7 618//7 717//7
f 608//6 623//6 712//6
f 712//6 701//6 608//6
f 717//7 712//7 623//7
f 721//26 717//26 618//26
f 711//9 721//9 617//9
f 716//25 711//25 624//25
f 709//11 716//11 613//11
f 710//12 709//12 612//12
f 715//13 710//13 619//13
f 720//14 715//14 609//14
f 722//15 720//15 607//15
f 723//31 594//31 592//31
f 592//31 724//31 723//31
f 725//29 726//29 727//29
f 728//29 729//29 730//29
f 731//29 732//29 733//29
f 731//29 734//29 735//29
f 736//29 728//29 737//29
f 725//29 738//29 726//29
f 728//29 736//29 729//29
f 733//29 739//29 731//29
f 731//29 740//29 734//29
f 741//29 742//29 743//29
f 737//29 744//29 736//29
f 730//29 725//29 728//29
f 735//29 732//29 731//29
f 741//29 724//29 742//29
f 727//29 728//29 725//29
f 741//29 736//29 723//29
f 743//29 731//29 741//29
f 723//29 724//29 741//29
f 744//29 723//29 736//29
f 739//29 741//29 731//29
f 581//30 736//30 741//30
f 741//30 582//30 581//30
f 584//15 582//15 741//15
f 585//14 584//14 739//14
f 586//13 585//13 733//13
f 588//12 586//12 732//12
f 589//11 588//11 735//11
f 601//25 589//25 734//25
f 602//9 601//9 740//9
f 599//26 602//26 731//26
f 600//7 599//7 743//7
f 592//6 600//6 742//6
f 742//6 724//6 592//6
f 743//7 742//7 600//7
f 731//26 743//26 599//26
f 740//9 731//9 602//9
f 734//25 740//25 601//25
f 735//11 734//11 589//11
f 732//12 735//12 588//12
f 733//13 732//13 586//13
f 739//14 733//14 585//14
f 741//15 739//15 584//15
f 598//5 594//5 723//5
f 596//27 598//27 744//27
f 597//36 596//36 737//36
f 595//2 597//2 728//2
f 593//28 595//28 727//28
f 590//20 593//20 726//20
f 591//19 590//19 738//19
f 587//38 591//38 725//38
f 583//17 587//17 730//17
f 581//16 583//16 729//16
f 729//16 736//16 581//16
f 730//17 729//17 583//17
f 725//38 730//38 587//38
f 738//19 725//19 591//19
f 726//20 738//20 590//20
f 727//1 726//1 593//1
f 728//2 727//2 595//2
f 737//36 728//36 597//36
f 744//27 737//27 596//27
f 723//5 744//5 598//5
f 745//31 572//31 570//31
f 570//31 746//31 745//31
f 747//29 748//29 749//29
f 750//29 751//29 752//29
f 753//29 754//29 755//29
f 753//29 756//29 757//29
f 758//29 750//29 759//29
f 747//29 760//29 748//29
f 750//29 758//29 751//29
f 755//29 761//29 753//29
f 753//29 762//29 756//29
f 763//29 764//29 765//29
f 759//29 766//29 758//29
f 752//29 747//29 750//29
f 757//29 754//29 753//29
f 763//29 746//29 764//29
f 749//29 750//29 747//29
f 763//29 758//29 745//29
f 765//29 753//29 763//29
f 745//29 746//29 763//29
f 766//29 745//29 758//29
f 761//29 763//29 753//29
f 559//30 758//30 763//30
f 763//30 561//30 559//30
f 562//15 561//15 763//15
f 563//14 562//14 761//14
f 564//13 563//13 755//13
f 566//12 564//12 754//12
f 567//24 566//24 757//24
f 579//10 567//10 756//10
f 580//9 579//9 762//9
f 577//26 580//26 753//26
f 578//7 577//7 765//7
f 570//52 578//52 764//52
f 764//52 746//52 570//52
f 765//7 764//7 578//7
f 753//26 765//26 577//26
f 762//9 753//9 580//9
f 756//10 762//10 579//10
f 757//24 756//24 567//24
f 754//12 757//12 566//12
f 755//13 754//13 564//13
f 761//14 755//14 563//14
f 763//15 761//15 562//15
f 576//5 572//5 745//5
f 574//27 576//27 766//27
f 575//36 574//36 759//36
f 573//2 575//2 750//2
f 571//1 573//1 749//1
f 568//20 571//20 748//20
f 569//19 568//19 760//19
f 565//38 569//38 747//38
f 560//17 565//17 752//17
f 559//16 560//16 751//16
f 751//16 758//16 559//16
f 752//17 751//17 560//17
f 747//38 752//38 565//38
f 760//19 747//19 569//19
f 748//20 760//20 568//20
f 749//1 748//1 571//1
f 750//2 749//2 573//2
f 759//36 750//36 575//36
f 766//27 759//27 574//27
f 745//5 766//5 576//5
f 767//31 667//31 664//31
f 664//31 768//31 767//31
f 769//29 770//29 771//29
f 772//29 773//29 774//29
f 772//29 775//29 776//29
f 770//29 769//29 777//29
f 771//29 778//29 769//29
f 768//29 772//29 779//29
f 774//29 780//29 772//29
f 772//29 768//29 775//29
f 778//29 781//29 769//29
f 767//29 782//29 783//29
f 779//29 784//29 768//29
f 776//29 773//29 772//29
f 777//29 785//29 770//29
f 767//29 786//29 782//29
f 780//29 787//29 772//29
f 767//29 768//29 788//29
f 783//29 770//29 767//29
f 788//29 786//29 767//29
f 784//29 788//29 768//29
f 785//29 767//29 770//29
f 647//30 786//30 788//30
f 788//30 648//30 647//30
f 658//15 648//15 788//15
f 661//14 658//14 784//14
f 662//13 661//13 779//13
f 651//12 662//12 772//12
f 652//11 651//11 787//11
f 656//25 652//25 780//25
f 657//9 656//9 774//9
f 665//26 657//26 773//26
f 666//7 665//7 776//7
f 664//6 666//6 775//6
f 775//6 768//6 664//6
f 776//7 775//7 666//7
f 773//26 776//26 665//26
f 774//9 773//9 657//9
f 780//25 774//25 656//25
f 787//11 780//11 652//11
f 772//12 787//12 651//12
f 779//13 772//13 662//13
f 784//14 779//14 661//14
f 788//15 784//15 658//15
f 668//51 667//51 767//51
f 659//27 668//27 785//27
f 660//36 659//36 777//36
f 655//2 660//2 769//2
f 650//1 655//1 781//1
f 653//21 650//21 778//21
f 654//19 653//19 771//19
f 663//38 654//38 770//38
f 649//17 663//17 783//17
f 647//16 649//16 782//16
f 782//16 786//16 647//16
f 783//17 782//17 649//17
f 770//38 783//38 663//38
f 771//19 770//19 654//19
f 778//21 771//21 653//21
f 781//1 778//1 650//1
f 769//2 781//2 655//2
f 777//36 769//36 660//36
f 785//27 777//27 659//27
f 767//51 785//51 668//51
f 789//41 790//41 791//41
f 791//41 792//41 789//41
f 792//39 791//39 793//39
f 793//39 794//39 792//39
f 796//39 795//39 797//39
f 797//39 798//39 796//39
f 798//40 797//40 799//40
f 799//40 800//40 798//40
f 800//29 799//29 801//29
f 801//29 802//29 800//29
f 800//30 802//30 796//30
f 792//30 794//30 803//30
f 803//30 789//30 792//30
f 796//30 798//30 800//30
f 795//31 801//31 799//31
f 799//31 797//31 795//31
f 791//31 790//31 804//31
f 804//31 793//31 791//31
f 803//29 804//29 790//29
f 790//29 789//29 803//29
f 805//16 806//16 807//16
f 808//17 805//17 809//17
f 810//38 808//38 811//38
f 812//19 810//19 813//19
f 814//20 812//20 815//20
f 816//28 814//28 817//28
f 818//2 816//2 819//2
f 820//3 818//3 821//3
f 822//4 820//4 823//4
f 824//51 822//51 825//51
f 826//52 824//52 827//52
f 828//7 826//7 829//7
f 830//26 828//26 831//26
f 832//9 830//9 833//9
f 834//25 832//25 835//25
f 836//11 834//11 837//11
f 838//12 836//12 839//12
f 840//13 838//13 841//13
f 842//14 840//14 843//14
f 806//15 842//15 844//15
f 844//15 807//15 806//15
f 843//14 844//14 842//14
f 841//13 843//13 840//13
f 839//12 841//12 838//12
f 837//11 839//11 836//11
f 835//25 837//25 834//25
f 833//9 835//9 832//9
f 831//26 833//26 830//26
f 829//7 831//7 828//7
f 827//52 829//52 826//52
f 825//51 827//51 824//51
f 823//4 825//4 822//4
f 821//3 823//3 820//3
f 819//2 821//2 818//2
f 817//28 819//28 816//28
f 815//20 817//20 814//20
f 813//19 815//19 812//19
f 811//38 813//38 810//38
f 809//17 811//17 808//17
f 807//16 809//16 805//16
f 2826//39 845//39 846//39
f 847//39 848//39 849//39
f 847//39 850//39 851//39
f 847//39 852//39 853//39
f 2827//39 854//39 855//39
f 2827//39 846//39 856//39
f 2826//39 857//39 845//39
f 2826//39 858//39 859//39
f 849//39 860//39 847//39
f 853//39 850//39 847//39
f 856//39 854//39 2827//39
f 859//39 857//39 2826//39
f 860//39 861//39 862//39
f 860//39 863//39 864//39
f 851//39 848//39 847//39
f 846//39 2827//39 2826//39
f 862//39 2826//39 860//39
f 849//39 863//39 860//39
f 855//39 865//39 2827//39
f 864//39 861//39 860//39
f 862//39 858//39 2826//39
f 2827//39 866//39 852//39
f 852//39 847//39 2827//39
f 847//39 867//39 868//39
f 2827//39 869//39 870//39
f 2827//39 871//39 872//39
f 868//39 873//39 847//39
f 2828//39 870//39 874//39
f 872//39 869//39 2827//39
f 867//39 875//39 868//39
f 867//39 876//39 877//39
f 870//39 2828//39 2827//39
f 847//39 878//39 879//39
f 877//39 875//39 867//39
f 2828//39 880//39 881//39
f 874//39 882//39 2828//39
f 847//39 883//39 878//39
f 873//39 884//39 847//39
f 867//39 2828//39 885//39
f 882//39 880//39 2828//39
f 2827//39 879//39 886//39
f 884//39 883//39 847//39
f 885//39 887//39 867//39
f 886//39 871//39 2827//39
f 887//39 876//39 867//39
f 879//39 2827//39 847//39
f 2829//39 2830//39 888//39
f 2829//39 889//39 890//39
f 888//39 891//39 2829//39
f 2830//39 892//39 893//39
f 894//39 895//39 896//39
f 894//39 897//39 898//39
f 894//39 2829//39 899//39
f 2829//39 900//39 889//39
f 893//39 888//39 2830//39
f 2830//39 901//39 902//39
f 903//39 904//39 905//39
f 896//39 903//39 894//39
f 899//39 897//39 894//39
f 891//39 900//39 2829//39
f 2830//39 905//39 901//39
f 903//39 906//39 904//39
f 898//39 895//39 894//39
f 902//39 892//39 2830//39
f 903//39 907//39 906//39
f 903//39 908//39 909//39
f 890//39 899//39 2829//39
f 909//39 907//39 903//39
f 905//39 2830//39 903//39
f 2831//39 2829//39 894//39
f 2832//39 2831//39 910//39
f 2833//39 2832//39 911//39
f 2833//39 912//39 913//39
f 911//39 914//39 2833//39
f 2832//39 915//39 916//39
f 917//39 918//39 919//39
f 917//39 920//39 921//39
f 917//39 2833//39 922//39
f 2833//39 923//39 912//39
f 916//39 911//39 2832//39
f 2832//39 924//39 925//39
f 2832//39 926//39 927//39
f 917//39 928//39 918//39
f 922//39 920//39 917//39
f 914//39 923//39 2833//39
f 2832//39 929//39 924//39
f 926//39 930//39 927//39
f 921//39 928//39 917//39
f 925//39 915//39 2832//39
f 926//39 931//39 930//39
f 926//39 919//39 932//39
f 913//39 922//39 2833//39
f 932//39 931//39 926//39
f 927//39 929//39 2832//39
f 933//39 934//39 935//39
f 936//39 937//39 938//39
f 935//39 936//39 933//39
f 935//39 937//39 936//39
f 933//39 939//39 940//39
f 2834//39 941//39 942//39
f 2834//39 936//39 943//39
f 936//39 944//39 945//39
f 940//39 934//39 933//39
f 942//39 946//39 2834//39
f 943//39 947//39 2834//39
f 938//39 944//39 936//39
f 933//39 948//39 949//39
f 2835//39 950//39 948//39
f 2835//39 951//39 952//39
f 2835//39 2834//39 953//39
f 947//39 941//39 2834//39
f 949//39 939//39 933//39
f 2835//39 954//39 950//39
f 953//39 951//39 2835//39
f 945//39 943//39 936//39
f 952//39 954//39 2835//39
f 948//39 933//39 2835//39
f 2836//39 2833//39 917//39
f 955//39 936//39 2834//39
f 2837//39 2836//39 956//39
f 2837//39 957//39 958//39
f 2838//39 959//39 960//39
f 2837//39 961//39 962//39
f 958//39 963//39 2837//39
f 2838//39 962//39 959//39
f 963//39 961//39 2837//39
f 2838//39 964//39 965//39
f 962//39 2838//39 2837//39
f 966//39 967//39 968//39
f 965//39 969//39 2838//39
f 2838//39 970//39 971//39
f 2837//39 968//39 957//39
f 966//39 972//39 967//39
f 969//39 973//39 974//39
f 971//39 964//39 2838//39
f 968//39 2837//39 966//39
f 974//39 975//39 969//39
f 960//39 970//39 2838//39
f 966//39 976//39 977//39
f 969//39 978//39 976//39
f 965//39 973//39 969//39
f 976//39 966//39 969//39
f 977//39 972//39 966//39
f 2839//39 2838//39 969//39
f 2840//39 2839//39 979//39
f 2841//39 2840//39 980//39
f 2841//39 981//39 982//39
f 2842//39 983//39 984//39
f 2842//39 2841//39 985//39
f 982//39 986//39 2841//39
f 985//39 983//39 2842//39
f 986//39 987//39 2841//39
f 988//39 2842//39 989//39
f 987//39 985//39 2841//39
f 990//39 991//39 992//39
f 988//39 993//39 994//39
f 989//39 995//39 988//39
f 2842//39 996//39 997//39
f 2841//39 992//39 981//39
f 990//39 998//39 991//39
f 988//39 999//39 993//39
f 997//39 989//39 2842//39
f 992//39 2841//39 990//39
f 994//39 990//39 988//39
f 984//39 996//39 2842//39
f 990//39 1000//39 1001//39
f 995//39 999//39 988//39
f 990//39 1002//39 1000//39
f 1001//39 998//39 990//39
f 1003//39 1004//39 1005//39
f 1003//39 1006//39 1007//39
f 1004//39 1008//39 1005//39
f 1005//39 1006//39 1003//39
f 1004//39 1009//39 1010//39
f 2843//39 1011//39 1012//39
f 2843//39 1013//39 1014//39
f 2843//39 1003//39 1015//39
f 1003//39 1016//39 1017//39
f 1010//39 1008//39 1004//39
f 1014//39 1011//39 2843//39
f 1015//39 1018//39 2843//39
f 1007//39 1016//39 1003//39
f 1004//39 1019//39 1020//39
f 2844//39 1021//39 1019//39
f 2844//39 1022//39 1023//39
f 1018//39 1013//39 2843//39
f 1020//39 1009//39 1004//39
f 2844//39 1024//39 1021//39
f 2844//39 1012//39 1022//39
f 1017//39 1015//39 1003//39
f 1023//39 1024//39 2844//39
f 1019//39 1004//39 2844//39
f 2845//39 2842//39 988//39
f 2846//39 2847//39 2845//39
f 2848//39 2845//39 1025//39
f 2849//39 1026//39 1027//39
f 2850//39 1028//39 1029//39
f 1027//39 1030//39 2849//39
f 2849//39 2846//39 1031//39
f 2846//39 1032//39 1033//39
f 1029//39 1034//39 2850//39
f 2850//39 2849//39 1035//39
f 2849//39 1036//39 1026//39
f 2846//39 1037//39 1031//39
f 2846//39 1038//39 1032//39
f 2848//39 1039//39 1038//39
f 2848//39 1040//39 1041//39
f 2850//39 1042//39 1043//39
f 1035//39 1028//39 2850//39
f 1031//39 1036//39 2849//39
f 1033//39 1044//39 2846//39
f 1041//39 1039//39 2848//39
f 1034//39 1042//39 2850//39
f 1044//39 1037//39 2846//39
f 2848//39 1045//39 1040//39
f 1030//39 1035//39 2849//39
f 2848//39 1043//39 1045//39
f 1038//39 2846//39 2848//39
f 2850//39 2848//39 1046//39
f 2850//39 1047//39 1048//39
f 2851//39 1049//39 1050//39
f 2851//39 2850//39 1051//39
f 1048//39 1052//39 2850//39
f 1051//39 1049//39 2851//39
f 1052//39 1053//39 2850//39
f 1054//39 2851//39 1055//39
f 1053//39 1051//39 2850//39
f 2850//39 1056//39 1057//39
f 1055//39 1058//39 1054//39
f 2851//39 1059//39 1060//39
f 2850//39 1061//39 1047//39
f 1056//39 1062//39 1057//39
f 1056//39 1054//39 1063//39
f 1054//39 1064//39 1065//39
f 1060//39 1055//39 2851//39
f 1057//39 1061//39 2850//39
f 1065//39 1063//39 1054//39
f 1050//39 1059//39 2851//39
f 1056//39 1066//39 1067//39
f 1058//39 1064//39 1054//39
f 1056//39 1068//39 1066//39
f 1067//39 1062//39 1056//39
f 2851//39 1069//39 1070//39
f 1070//39 2852//39 2851//39
f 1070//39 1071//39 2852//39
f 2851//39 1072//39 1069//39
f 2851//39 1073//39 1072//39
f 1074//39 1075//39 1076//39
f 2852//39 1077//39 1078//39
f 2852//39 1079//39 1080//39
f 1071//39 1081//39 2852//39
f 1074//39 1082//39 1083//39
f 1074//39 1084//39 1075//39
f 1078//39 1074//39 2852//39
f 1081//39 1079//39 2852//39
f 2851//39 1085//39 1086//39
f 1054//39 1087//39 1085//39
f 1083//39 1054//39 1074//39
f 1078//39 1084//39 1074//39
f 1086//39 1073//39 2851//39
f 1054//39 1088//39 1087//39
f 1083//39 1089//39 1054//39
f 1080//39 1077//39 2852//39
f 1089//39 1088//39 1054//39
f 1085//39 2851//39 1054//39
f 2853//39 2852//39 1074//39
f 2854//39 2853//39 1090//39
f 2855//39 2854//39 1091//39
f 1092//39 1093//39 1094//39
f 1093//39 1095//39 1094//39
f 1092//39 1096//39 1097//39
f 1094//39 1098//39 1092//39
f 2856//39 1099//39 1100//39
f 2856//39 1101//39 1102//39
f 2856//39 1092//39 1103//39
f 1097//39 1104//39 1092//39
f 1093//39 1105//39 1095//39
f 1093//39 1106//39 1107//39
f 2856//39 1108//39 1099//39
f 1103//39 1101//39 2856//39
f 1098//39 1096//39 1092//39
f 1093//39 1109//39 1106//39
f 2857//39 1110//39 1109//39
f 2857//39 1111//39 1112//39
f 1102//39 1108//39 2856//39
f 1107//39 1105//39 1093//39
f 1112//39 1110//39 2857//39
f 2857//39 1100//39 1113//39
f 1104//39 1103//39 1092//39
f 1113//39 1111//39 2857//39
f 1109//39 1093//39 2857//39
f 2858//39 2855//39 1114//39
f 2858//39 1115//39 1116//39
f 1116//39 2859//39 2858//39
f 1116//39 1117//39 2859//39
f 2858//39 1118//39 1115//39
f 2858//39 1119//39 1118//39
f 1120//39 1121//39 1122//39
f 1120//39 2859//39 1123//39
f 2859//39 1124//39 1125//39
f 1117//39 1126//39 2859//39
f 1127//39 1120//39 1128//39
f 1120//39 1129//39 1121//39
f 1123//39 1130//39 1120//39
f 1126//39 1124//39 2859//39
f 2858//39 1131//39 1132//39
f 1127//39 1133//39 1131//39
f 1120//39 1134//39 1128//39
f 1130//39 1129//39 1120//39
f 1132//39 1119//39 2858//39
f 1127//39 1135//39 1133//39
f 1128//39 1136//39 1127//39
f 1125//39 1123//39 2859//39
f 1136//39 1135//39 1127//39
f 1131//39 2858//39 1127//39
f 2860//39 2859//39 1120//39
f 2861//39 2860//39 1137//39
f 2862//39 2861//39 1138//39
f 2863//39 2862//39 1139//39
f 2862//39 1140//39 1139//39
f 1139//39 1141//39 2863//39
f 2862//39 1142//39 1140//39
f 1143//39 1144//39 1145//39
f 2862//39 1146//39 1142//39
f 1144//39 1147//39 1145//39
f 1144//39 2863//39 1148//39
f 2863//39 1149//39 1150//39
f 1141//39 1151//39 2863//39
f 1144//39 1152//39 1147//39
f 1148//39 1153//39 1144//39
f 1151//39 1149//39 2863//39
f 2862//39 1154//39 1155//39
f 2862//39 1143//39 1156//39
f 1143//39 1157//39 1158//39
f 1153//39 1152//39 1144//39
f 1155//39 1146//39 2862//39
f 1143//39 1159//39 1156//39
f 1158//39 1160//39 1143//39
f 1150//39 1148//39 2863//39
f 1160//39 1159//39 1143//39
f 1156//39 1154//39 2862//39
f 1161//39 1162//39 1163//39
f 1162//39 1164//39 1163//39
f 1161//39 1165//39 1166//39
f 1163//39 1167//39 1161//39
f 2864//39 1168//39 1169//39
f 2864//39 1170//39 1171//39
f 2864//39 1161//39 1172//39
f 1166//39 1173//39 1161//39
f 1162//39 1174//39 1164//39
f 1162//39 1175//39 1176//39
f 1162//53 2865//53 1177//53
f 2864//39 1178//39 1168//39
f 1172//39 1170//39 2864//39
f 1167//39 1165//39 1161//39
f 1177//39 1175//39 1162//39
f 2865//39 1179//39 1180//39
f 1171//39 1178//39 2864//39
f 1176//39 1174//39 1162//39
f 1180//39 1181//39 2865//39
f 2865//39 1169//39 1182//39
f 1173//39 1172//39 1161//39
f 1182//39 1179//39 2865//39
f 1181//39 1177//39 2865//39
f 1169//39 2865//39 2864//39
f 2866//39 2863//39 1144//39
f 1183//39 1161//39 2864//39
f 2867//39 2866//39 1184//39
f 2867//39 1185//39 1186//39
f 1186//39 2868//39 2867//39
f 1186//39 1187//39 2868//39
f 2867//39 1188//39 1185//39
f 2867//39 1189//39 1188//39
f 1190//39 1191//39 1192//39
f 2868//39 1193//39 1194//39
f 2868//39 1195//39 1196//39
f 1187//39 1197//39 2868//39
f 1198//39 1190//39 1199//39
f 1190//39 1200//39 1191//39
f 1194//39 1190//39 2868//39
f 1197//39 1195//39 2868//39
f 2867//39 1201//39 1202//39
f 1198//39 1203//39 1201//39
f 1199//39 1204//39 1198//39
f 1194//39 1200//39 1190//39
f 1202//39 1189//39 2867//39
f 1198//39 1205//39 1203//39
f 1204//39 1206//39 1198//39
f 1196//39 1193//39 2868//39
f 1206//39 1205//39 1198//39
f 1201//39 2867//39 1198//39
f 2869//39 2868//39 1190//39
f 2870//39 2869//39 1207//39
f 2870//39 1208//39 1209//39
f 1209//39 2871//39 2870//39
f 1209//39 1210//39 2871//39
f 2870//39 1211//39 1208//39
f 2870//39 1212//39 1211//39
f 1213//39 1214//39 1215//39
f 1213//39 2871//39 1216//39
f 2871//39 1217//39 1218//39
f 1210//39 1219//39 2871//39
f 1220//39 1213//39 1221//39
f 1213//39 1222//39 1214//39
f 1216//39 1223//39 1213//39
f 1219//39 1217//39 2871//39
f 2870//39 1224//39 1225//39
f 1220//39 1226//39 1224//39
f 1213//39 1227//39 1221//39
f 1223//39 1222//39 1213//39
f 1225//39 1212//39 2870//39
f 1220//39 1228//39 1226//39
f 1221//39 1229//39 1220//39
f 1218//39 1216//39 2871//39
f 1229//39 1228//39 1220//39
f 1224//39 2870//39 1220//39
f 1230//39 2872//39 1231//39
f 1231//39 1232//39 1230//39
f 2872//39 1233//39 1234//39
f 1235//39 1236//39 1237//39
f 1238//39 1239//39 1240//39
f 1230//39 1241//39 1242//39
f 1232//39 1243//39 1230//39
f 2872//39 1244//39 1233//39
f 1237//39 1245//39 1235//39
f 1240//39 1236//39 1246//39
f 1238//39 1247//39 1239//39
f 1230//39 1248//39 1241//39
f 1234//39 1231//39 2872//39
f 2872//39 1245//39 1249//39
f 1235//39 1250//39 1236//39
f 1246//39 1251//39 1240//39
f 1238//39 1252//39 1247//39
f 1238//39 1242//39 1253//39
f 1243//39 1248//39 1230//39
f 1249//39 1254//39 2872//39
f 1251//39 1255//39 1240//39
f 1253//39 1252//39 1238//39
f 1254//39 1244//39 2872//39
f 1245//39 1256//39 1257//39
f 1250//39 1246//39 1236//39
f 1242//39 1238//39 1230//39
f 1237//39 1256//39 1245//39
f 1257//39 1249//39 1245//39
f 1258//39 1259//39 1260//39
f 1260//39 1261//39 1262//39
f 1258//39 1263//39 1259//39
f 1260//39 1264//39 1261//39
f 1260//39 1259//39 1265//39
f 1230//39 1258//39 1266//39
f 1258//39 1267//39 1263//39
f 1265//39 1264//39 1260//39
f 2872//39 1230//39 1268//39
f 1230//39 1269//39 1270//39
f 1230//39 1271//39 1272//39
f 1258//39 1273//39 1266//39
f 1258//39 1274//39 1275//39
f 1262//39 1276//39 1260//39
f 1276//39 1262//39 1277//39
f 1270//39 1268//39 1230//39
f 1266//39 1271//39 1230//39
f 1260//39 1274//39 1258//39
f 1277//39 1278//39 1279//39
f 2872//39 1280//39 1281//39
f 1272//39 1269//39 1230//39
f 1277//39 1279//39 1276//39
f 1277//39 1281//39 1282//39
f 2872//39 1283//39 1280//39
f 1275//39 1273//39 1258//39
f 1281//39 1277//39 2872//39
f 2872//39 1284//39 1285//39
f 1282//39 1278//39 1277//39
f 2872//39 1286//39 1284//39
f 1285//39 1283//39 2872//39
f 2827//39 1287//39 1288//39
f 1288//39 1289//39 2827//39
f 1289//39 2826//39 2827//39
f 2827//39 1290//39 1291//39
f 2827//39 2873//39 1292//39
f 1292//39 1290//39 2827//39
f 1291//39 1287//39 2827//39
f 1289//39 1293//39 2826//39
f 2827//39 2828//39 1294//39
f 2828//39 1295//39 1294//39
f 1294//39 1296//39 2827//39
f 2827//39 1297//39 1298//39
f 1296//39 1297//39 2827//39
f 2874//39 1299//39 1300//39
f 1300//39 2875//39 2874//39
f 1300//39 1301//39 2875//39
f 2828//39 2876//39 1302//39
f 2876//39 1303//39 1302//39
f 2876//39 1304//39 1303//39
f 2876//39 2875//39 1305//39
f 1305//39 1304//39 2876//39
f 2877//39 2878//39 1306//39
f 2878//39 1307//39 1306//39
f 2878//39 1308//39 1307//39
f 2878//39 2879//39 1309//39
f 2878//39 1310//39 1308//39
f 1309//39 1311//39 2878//39
f 1311//39 1310//39 2878//39
f 2879//39 1312//39 1309//39
f 2880//39 1313//39 1314//39
f 2880//39 1315//39 1313//39
f 2877//39 1316//39 1317//39
f 1314//39 2881//39 2880//39
f 1317//39 2880//39 2877//39
f 2880//39 1318//39 1315//39
f 1317//39 1319//39 2880//39
f 1319//39 1318//39 2880//39
f 2882//39 1320//39 1321//39
f 2882//39 2883//39 1322//39
f 1322//39 1320//39 2882//39
f 2883//39 1323//39 1324//39
f 1324//39 1322//39 2883//39
f 2882//39 1325//39 1326//39
f 2883//39 1327//39 1323//39
f 1321//39 1325//39 2882//39
f 2884//39 2885//39 1328//39
f 2885//39 2882//39 1329//39
f 1329//39 1328//39 2885//39
f 2886//39 1330//39 1331//39
f 2884//39 1332//39 1330//39
f 1330//39 2886//39 2884//39
f 2887//39 1333//39 1334//39
f 1334//39 1335//39 2887//39
f 2888//39 1336//39 1333//39
f 2888//39 1337//39 1338//39
f 2888//39 1331//39 1339//39
f 1333//39 2887//39 2888//39
f 1339//39 1337//39 2888//39
f 1338//39 1336//39 2888//39
f 1340//39 1341//39 1327//39
f 1340//39 2889//39 1342//39
f 1342//39 1341//39 1340//39
f 1327//39 2883//39 1343//39
f 1343//39 1344//39 1327//39
f 2889//39 1345//39 1342//39
f 1346//39 1347//39 1348//39
f 1349//39 1350//39 1346//39
f 2889//39 1351//39 1350//39
f 1352//39 1353//39 1354//39
f 1350//39 1349//39 2889//39
f 2889//39 1355//39 1356//39
f 1348//39 1347//39 1352//39
f 1356//39 1351//39 2889//39
f 1353//39 1357//39 1354//39
f 2889//39 1340//39 1355//39
f 1348//39 1349//39 1346//39
f 1353//39 2881//39 1358//39
f 1353//39 1359//39 1357//39
f 1358//39 1359//39 1353//39
f 1353//39 1360//39 2881//39
f 1354//39 1348//39 1352//39
f 2830//39 2829//39 1361//39
f 2829//39 1362//39 1361//39
f 2829//39 1363//39 1364//39
f 2881//39 1365//39 1363//39
f 1364//39 1362//39 2829//39
f 2881//39 1366//39 1365//39
f 1363//39 2829//39 2881//39
f 2881//39 1360//39 1366//39
f 1367//39 1368//39 1369//39
f 1367//39 1370//39 1371//39
f 1371//39 1368//39 1367//39
f 2890//39 2887//39 1372//39
f 2887//39 1373//39 1374//39
f 2887//39 1371//39 1375//39
f 1369//39 2889//39 1367//39
f 2887//39 1376//39 1372//39
f 2887//39 1377//39 1373//39
f 1371//39 1378//39 1375//39
f 1370//39 1378//39 1371//39
f 1374//39 1376//39 2887//39
f 1369//39 1345//39 2889//39
f 1375//39 1377//39 2887//39
f 2889//39 1379//39 1380//39
f 1380//39 1381//39 2889//39
f 1379//39 1382//39 1380//39
f 1381//39 1383//39 2889//39
f 1382//39 1379//39 1384//39
f 1385//39 1384//39 1386//39
f 1384//39 1387//39 1382//39
f 1386//39 1388//39 1385//39
f 1312//39 1389//39 1388//39
f 1383//39 1390//39 2889//39
f 1385//39 1387//39 1384//39
f 1388//39 1391//39 1392//39
f 1386//39 1391//39 1388//39
f 1390//39 1367//39 2889//39
f 2889//39 1393//39 1379//39
f 1312//39 2879//39 1394//39
f 1394//39 1389//39 1312//39
f 2890//39 1395//39 1396//39
f 2879//39 1397//39 1394//39
f 2879//39 1398//39 1399//39
f 1396//39 2879//39 2890//39
f 1399//39 1397//39 2879//39
f 1396//39 1400//39 2879//39
f 1400//39 1398//39 2879//39
f 2891//39 2892//39 1401//39
f 2891//39 1402//39 1403//39
f 1401//39 1404//39 2891//39
f 2893//39 2891//39 1405//39
f 1404//39 1402//39 2891//39
f 2891//39 1406//39 1405//39
f 2892//39 1407//39 1401//39
f 1403//39 1406//39 2891//39
f 2894//39 1408//39 1409//39
f 2894//39 1410//39 1411//39
f 1411//39 1408//39 2894//39
f 1409//39 2895//39 2894//39
f 2893//39 1412//39 1413//39
f 2894//39 1414//39 1410//39
f 1413//39 2894//39 2893//39
f 1413//39 1414//39 2894//39
f 2877//39 2880//39 1415//39
f 2880//39 1416//39 1417//39
f 2880//39 2896//39 1418//39
f 2880//39 1419//39 1415//39
f 1418//39 1416//39 2880//39
f 2880//39 1420//39 1419//39
f 2896//39 1421//39 1418//39
f 1417//39 1420//39 2880//39
f 2877//39 1422//39 1423//39
f 2878//39 1424//39 1425//39
f 1423//39 2878//39 2877//39
f 2878//39 1426//39 1427//39
f 1423//39 1424//39 2878//39
f 1427//39 2897//39 2878//39
f 1425//39 1428//39 2878//39
f 1428//39 1426//39 2878//39
f 1429//39 1430//39 2836//39
f 1430//39 1431//39 2833//39
f 2833//39 1431//39 1432//39
f 2896//39 2832//39 1433//39
f 1432//39 2832//39 2833//39
f 2832//39 1434//39 1433//39
f 1432//39 1435//39 2832//39
f 2896//39 1436//39 1437//39
f 1435//39 1434//39 2832//39
f 1433//39 1436//39 2896//39
f 1438//39 1439//39 1421//39
f 1440//39 1441//39 1442//39
f 2896//39 1443//39 1438//39
f 1442//39 1438//39 1440//39
f 1440//39 2898//39 1444//39
f 1438//39 1445//39 1439//39
f 1444//39 1441//39 1440//39
f 1442//39 1445//39 1438//39
f 2898//39 1446//39 1444//39
f 2898//39 1447//39 1448//39
f 2899//39 1449//39 1450//39
f 1448//39 2899//39 2898//39
f 2898//39 1451//39 1452//39
f 1448//39 1449//39 2899//39
f 2898//39 1440//39 1451//39
f 1452//39 1447//39 2898//39
f 2899//39 1453//39 1454//39
f 1453//39 1455//39 1454//39
f 1456//39 2895//39 1457//39
f 1453//39 1456//39 1458//39
f 1457//39 1459//39 1456//39
f 1456//39 1460//39 1458//39
f 1456//39 1461//39 2895//39
f 1459//39 1460//39 1456//39
f 2837//39 2838//39 1462//39
f 2895//39 1463//39 1464//39
f 2838//39 1465//39 1462//39
f 2895//39 1466//39 1463//39
f 2838//39 1467//39 1465//39
f 1464//39 2838//39 2895//39
f 1464//39 1467//39 2838//39
f 2895//39 1461//39 1466//39
f 1468//39 1469//39 1470//39
f 1468//39 1471//39 1472//39
f 1469//39 1473//39 1470//39
f 1470//39 1471//39 1468//39
f 1469//39 1474//39 1473//39
f 1475//39 1474//39 1469//39
f 1469//39 1476//39 1475//39
f 1475//39 1476//39 1477//39
f 1472//39 2898//39 1468//39
f 2835//39 2897//39 1478//39
f 1472//39 1446//39 2898//39
f 2897//39 1479//39 1478//39
f 2897//39 1480//39 1481//39
f 1477//39 2897//39 1475//39
f 2897//39 1482//39 1479//39
f 1477//39 1480//39 2897//39
f 1481//39 1482//39 2897//39
f 2834//39 2835//39 1483//39
f 2900//39 2834//39 1484//39
f 1485//39 1486//39 1487//39
f 2900//39 1488//39 1489//39
f 1487//39 1490//39 1485//39
f 1489//39 2892//39 2900//39
f 1407//39 1491//39 1490//39
f 1487//39 1492//39 1490//39
f 1489//39 1493//39 2892//39
f 1492//39 1494//39 1490//39
f 1407//39 2892//39 1495//39
f 2892//39 1496//39 1497//39
f 1493//39 1498//39 2892//39
f 1495//39 1491//39 1407//39
f 1498//39 1496//39 2892//39
f 1497//39 1495//39 2892//39
f 2899//39 1499//39 1500//39
f 1500//39 1485//39 2899//39
f 2898//39 2899//39 1501//39
f 1501//39 1502//39 2898//39
f 2898//39 1503//39 1504//39
f 2899//39 1505//39 1501//39
f 1502//39 1503//39 2898//39
f 2899//39 1485//39 1506//39
f 1506//39 1505//39 2899//39
f 2901//39 2843//39 1507//39
f 2843//39 1508//39 1507//39
f 2843//39 1509//39 1508//39
f 1507//39 1510//39 2901//39
f 2846//39 1511//39 1512//39
f 2847//39 1512//39 1513//39
f 2846//39 1514//39 1511//39
f 1512//39 2847//39 2846//39
f 2894//39 2902//39 1515//39
f 2894//39 1516//39 1517//39
f 2902//39 1518//39 1515//39
f 2893//39 2894//39 1519//39
f 1515//39 1516//39 2894//39
f 2894//39 1520//39 1519//39
f 1517//39 1521//39 2894//39
f 1521//39 1520//39 2894//39
f 2891//39 1522//39 1523//39
f 1523//39 2903//39 2891//39
f 2891//39 1524//39 1525//39
f 1525//39 1522//39 2891//39
f 2893//39 1526//39 1527//39
f 2891//39 1528//39 1524//39
f 1527//39 2891//39 2893//39
f 1527//39 1528//39 2891//39
f 1529//39 1530//39 2841//39
f 2902//39 2840//39 1531//39
f 2841//39 1530//39 1532//39
f 1531//39 1533//39 2902//39
f 1532//39 2840//39 2841//39
f 2840//39 1534//39 1531//39
f 1532//39 1535//39 2840//39
f 1535//39 1534//39 2840//39
f 1533//39 1536//39 2902//39
f 1537//39 1538//39 1539//39
f 1539//39 1540//39 1537//39
f 1540//39 1541//39 1518//39
f 1537//39 1542//39 1538//39
f 2902//39 1543//39 1540//39
f 1539//39 1544//39 1540//39
f 1544//39 1541//39 1540//39
f 2904//39 1545//39 1542//39
f 1542//39 1537//39 2904//39
f 1546//39 1547//39 1548//39
f 1549//39 1550//39 1546//39
f 1551//39 1550//39 1549//39
f 1549//39 1552//39 1551//39
f 1552//39 1553//39 1551//39
f 2904//39 1554//39 1553//39
f 2904//39 1555//39 1556//39
f 1553//39 1552//39 2904//39
f 2904//39 1537//39 1555//39
f 1556//39 1554//39 2904//39
f 1548//39 1549//39 1546//39
f 1547//39 2847//39 1557//39
f 1557//39 1548//39 1547//39
f 2842//39 2845//39 1558//39
f 2845//39 2847//39 1559//39
f 2845//39 1560//39 1558//39
f 2847//39 1561//39 1559//39
f 2845//39 1562//39 1560//39
f 1559//39 1563//39 2845//39
f 1563//39 1562//39 2845//39
f 2847//39 1564//39 1561//39
f 1565//39 1566//39 1567//39
f 1566//39 1568//39 1567//39
f 2905//39 2903//39 1569//39
f 1567//39 1570//39 1565//39
f 2903//39 1571//39 1569//39
f 1566//39 1572//39 1568//39
f 1573//39 1572//39 1566//39
f 2903//39 1574//39 1571//39
f 2904//39 1565//39 1575//39
f 1566//39 1576//39 1573//39
f 2903//39 1577//39 1574//39
f 2903//39 1578//39 1579//39
f 1573//39 1576//39 1578//39
f 1570//39 1575//39 1565//39
f 1579//39 1577//39 2903//39
f 1575//39 1545//39 2904//39
f 1578//39 2903//39 1573//39
f 2844//39 2905//39 1580//39
f 2844//39 1581//39 1582//39
f 1582//39 2843//39 2844//39
f 1582//39 1583//39 2843//39
f 1509//39 1584//39 1585//39
f 1509//39 2843//39 1586//39
f 2843//39 1587//39 1588//39
f 1583//39 1589//39 2843//39
f 1586//39 1584//39 1509//39
f 1589//39 1587//39 2843//39
f 1588//39 1586//39 2843//39
f 2904//39 1590//39 1591//39
f 1590//39 1592//39 1591//39
f 1593//39 1594//39 1595//39
f 2904//39 1596//39 1597//39
f 1591//39 1598//39 2904//39
f 1592//39 1590//39 1594//39
f 1595//39 1585//39 1593//39
f 1598//39 1596//39 2904//39
f 1593//39 1599//39 1594//39
f 1594//39 1599//39 1592//39
f 2904//39 1600//39 1590//39
f 2906//39 2907//39 1601//39
f 2907//39 2908//39 1602//39
f 2907//39 1603//39 1601//39
f 2907//39 1604//39 1605//39
f 1602//39 1606//39 2907//39
f 1605//39 1603//39 2907//39
f 2908//39 1607//39 1602//39
f 1606//39 1604//39 2907//39
f 2909//39 1608//39 1609//39
f 2906//39 1610//39 1611//39
f 2909//39 1612//39 1608//39
f 2909//39 1613//39 1614//39
f 1611//39 2909//39 2906//39
f 1609//39 2910//39 2909//39
f 1611//39 1613//39 2909//39
f 1614//39 1612//39 2909//39
f 1615//39 1616//39 1617//39
f 1618//39 1619//39 1620//39
f 2849//39 1621//39 1514//39
f 1622//39 1618//39 1623//39
f 1617//39 1624//39 1615//39
f 1618//39 1622//39 1619//39
f 2849//39 1623//39 1621//39
f 2849//39 1625//39 1622//39
f 1618//39 1626//39 1617//39
f 1620//39 1627//39 1618//39
f 1623//39 2849//39 1622//39
f 1627//39 1626//39 1618//39
f 1616//39 1618//39 1617//39
f 1628//39 1629//39 1630//39
f 1624//39 1631//39 1632//39
f 2911//39 1633//39 1634//39
f 1630//39 1635//39 1628//39
f 1632//39 1615//39 1624//39
f 1634//39 1636//39 2911//39
f 2911//39 2901//39 1637//39
f 1628//39 1638//39 1629//39
f 1638//39 1628//39 1632//39
f 1637//39 1633//39 2911//39
f 1631//39 1638//39 1632//39
f 1636//39 1639//39 2911//39
f 1634//39 1628//39 1636//39
f 2849//39 2850//39 1640//39
f 2851//39 1641//39 1642//39
f 1640//39 1643//39 2849//39
f 1642//39 2850//39 2851//39
f 2850//39 1644//39 1640//39
f 1642//39 1645//39 2850//39
f 1645//39 1644//39 2850//39
f 1643//39 1646//39 2849//39
f 1647//39 1648//39 1649//39
f 1650//39 1651//39 1652//39
f 1651//39 1650//39 1648//39
f 1649//39 1653//39 1647//39
f 1648//39 1654//39 1651//39
f 1647//39 1654//39 1648//39
f 1653//39 1655//39 1625//39
f 1649//39 1656//39 1653//39
f 2849//39 1657//39 1653//39
f 1652//39 2912//39 1650//39
f 1656//39 1655//39 1653//39
f 2912//39 1658//39 1650//39
f 1659//39 1660//39 1661//39
f 1662//39 1663//39 1659//39
f 1664//39 1663//39 1662//39
f 1665//39 2912//39 1666//39
f 1660//39 1667//39 1661//39
f 1666//39 1664//39 1665//39
f 1662//39 1665//39 1664//39
f 2912//39 1652//39 1666//39
f 1660//39 2910//39 1668//39
f 1660//39 1669//39 1667//39
f 1668//39 1669//39 1660//39
f 1660//39 1670//39 2910//39
f 1661//39 1662//39 1659//39
f 2851//39 2852//39 1671//39
f 2852//39 1672//39 1671//39
f 2910//39 1673//39 1674//39
f 2852//39 1675//39 1672//39
f 1674//39 2852//39 2910//39
f 1674//39 1675//39 2852//39
f 2910//39 1670//39 1676//39
f 1676//39 1673//39 2910//39
f 1677//39 1678//39 1679//39
f 1679//39 1680//39 1677//39
f 1681//39 1682//39 1678//39
f 1677//39 1683//39 1678//39
f 1682//39 1681//39 1684//39
f 1679//39 1685//39 1680//39
f 1678//39 1683//39 1681//39
f 1607//39 1686//39 1680//39
f 1684//39 2912//39 1682//39
f 2913//39 1687//39 1688//39
f 1685//39 1689//39 1680//39
f 1607//39 2908//39 1690//39
f 2908//39 1691//39 1692//39
f 1688//39 2908//39 2913//39
f 2912//39 1693//39 1682//39
f 2908//39 1694//39 1690//39
f 1688//39 1691//39 2908//39
f 1690//39 1686//39 1607//39
f 1692//39 1695//39 2908//39
f 1695//39 1694//39 2908//39
f 1696//39 1697//39 1698//39
f 1699//39 1700//39 1696//39
f 1697//39 1701//39 1698//39
f 1702//39 1700//39 1699//39
f 1703//39 2912//39 1704//39
f 1699//39 1703//39 1702//39
f 2912//39 1684//39 1704//39
f 1704//39 1702//39 1703//39
f 2913//39 2911//39 1705//39
f 1697//39 1706//39 1701//39
f 1639//39 1706//39 1697//39
f 2911//39 1707//39 1705//39
f 2911//39 1708//39 1709//39
f 1697//39 1710//39 1639//39
f 2911//39 1711//39 1707//39
f 1709//39 1712//39 2911//39
f 1639//39 1710//39 1708//39
f 1698//39 1699//39 1696//39
f 1712//39 1711//39 2911//39
f 1703//39 1658//39 2912//39
f 1708//39 2911//39 1639//39
f 2914//39 2915//39 1713//39
f 2915//39 2916//39 1714//39
f 2915//39 1715//39 1713//39
f 2915//39 1716//39 1717//39
f 1714//39 1718//39 2915//39
f 1717//39 1715//39 2915//39
f 2916//39 1719//39 1714//39
f 1718//39 1716//39 2915//39
f 2917//39 1720//39 1721//39
f 2914//39 1722//39 1723//39
f 2917//39 1724//39 1720//39
f 2917//39 1725//39 1726//39
f 1723//39 2917//39 2914//39
f 1721//39 2918//39 2917//39
f 1723//39 1725//39 2917//39
f 1726//39 1724//39 2917//39
f 2906//39 2909//39 1727//39
f 2909//39 1728//39 1727//39
f 2909//39 1729//39 1730//39
f 1730//39 1728//39 2909//39
f 2909//39 2919//39 1731//39
f 1731//39 1729//39 2909//39
f 2907//39 1732//39 1733//39
f 2907//39 1734//39 1735//39
f 2906//39 1736//39 1737//39
f 1735//39 1732//39 2907//39
f 1737//39 2907//39 2906//39
f 1737//39 1734//39 2907//39
f 1738//39 1739//39 2858//39
f 1739//39 1740//39 2855//39
f 2854//39 2855//39 1741//39
f 2919//39 2854//39 1742//39
f 2855//39 1740//39 1741//39
f 2854//39 1743//39 1742//39
f 1741//39 1744//39 2854//39
f 2919//39 1745//39 1746//39
f 1744//39 1743//39 2854//39
f 1742//39 1745//39 2919//39
f 2919//39 1747//39 1748//39
f 1748//39 1747//39 1749//39
f 1749//39 1750//39 1751//39
f 1748//39 1752//39 2919//39
f 1751//39 1753//39 1749//39
f 1749//39 1753//39 1748//39
f 2920//39 1754//39 1755//39
f 1755//39 1756//39 2920//39
f 2920//39 1757//39 1758//39
f 1759//39 1757//39 1760//39
f 1758//39 1754//39 2920//39
f 1760//39 1761//39 1759//39
f 1759//39 1758//39 1757//39
f 1760//39 1750//39 1762//39
f 1762//39 1761//39 1760//39
f 2920//39 1763//39 1757//39
f 1764//39 1765//39 1766//39
f 1765//39 1767//39 1766//39
f 1766//39 1768//39 1764//39
f 1765//39 2918//39 1769//39
f 1765//39 1770//39 1767//39
f 1769//39 1770//39 1765//39
f 2920//39 1764//39 1771//39
f 1765//39 1772//39 2918//39
f 1768//39 1771//39 1764//39
f 2859//39 2860//39 1773//39
f 2860//39 1774//39 1773//39
f 2918//39 1775//39 1776//39
f 2860//39 1777//39 1774//39
f 1776//39 2860//39 2918//39
f 1776//39 1777//39 2860//39
f 2918//39 1772//39 1778//39
f 1778//39 1775//39 2918//39
f 2921//39 1779//39 1780//39
f 1781//39 1782//39 1783//39
f 1784//39 1782//39 1781//39
f 2857//39 1780//39 1785//39
f 2921//39 1786//39 1779//39
f 1733//39 1787//39 1788//39
f 1781//39 1787//39 1784//39
f 1787//39 1733//39 1789//39
f 1780//39 2857//39 2921//39
f 1788//39 2921//39 1733//39
f 1789//39 1784//39 1787//39
f 2921//39 1790//39 1786//39
f 1783//39 1791//39 1781//39
f 1788//39 1790//39 2921//39
f 2856//39 2857//39 1792//39
f 2922//39 2856//39 1793//39
f 1794//39 1795//39 1796//39
f 1796//39 1797//39 1794//39
f 1794//39 1798//39 1795//39
f 1719//39 1799//39 1797//39
f 1796//39 1800//39 1797//39
f 2922//39 1801//39 1802//39
f 1800//39 1803//39 1797//39
f 2920//39 1804//39 1798//39
f 1719//39 2916//39 1805//39
f 2916//39 1806//39 1807//39
f 1802//39 2916//39 2922//39
f 1798//39 1794//39 2920//39
f 2916//39 1808//39 1805//39
f 1802//39 1806//39 2916//39
f 1805//39 1799//39 1719//39
f 1807//39 1809//39 2916//39
f 1809//39 1808//39 2916//39
f 2920//39 1810//39 1811//39
f 1812//39 1813//39 1814//39
f 1811//39 1815//39 2920//39
f 2920//39 1816//39 1817//39
f 1811//39 1812//39 1815//39
f 2920//39 1794//39 1816//39
f 1814//39 1813//39 1818//39
f 1817//39 1810//39 2920//39
f 1814//39 1815//39 1812//39
f 1818//39 1791//39 1814//39
f 2923//39 1819//39 1820//39
f 2923//39 2924//39 1821//39
f 2925//39 2923//39 1822//39
f 2923//39 1823//39 1819//39
f 2924//39 1824//39 1821//39
f 2923//39 1825//39 1822//39
f 1821//39 1823//39 2923//39
f 1820//39 1825//39 2923//39
f 2926//39 1826//39 1827//39
f 2925//39 1828//39 1829//39
f 2926//39 1830//39 1826//39
f 2926//39 1831//39 1832//39
f 1829//39 2926//39 2925//39
f 1827//39 2927//39 2926//39
f 1829//39 1831//39 2926//39
f 1832//39 1830//39 2926//39
f 2914//39 2917//39 1833//39
f 2917//39 2928//39 1834//39
f 2917//39 1835//39 1833//39
f 2917//39 1836//39 1837//39
f 1834//39 1838//39 2917//39
f 1837//39 1835//39 2917//39
f 2928//39 1839//39 1834//39
f 1838//39 1836//39 2917//39
f 2915//39 1840//39 1841//39
f 2914//39 1842//39 1843//39
f 2915//39 1844//39 1840//39
f 2915//39 1845//39 1846//39
f 1843//39 2915//39 2914//39
f 1841//39 2929//39 2915//39
f 1843//39 1845//39 2915//39
f 1846//39 1844//39 2915//39
f 1847//39 1848//39 2866//39
f 1848//39 1849//39 2863//39
f 2863//39 1849//39 1850//39
f 2928//39 2862//39 1851//39
f 1850//39 2862//39 2863//39
f 2862//39 1852//39 1851//39
f 1850//39 1853//39 2862//39
f 2928//39 1854//39 1855//39
f 1853//39 1852//39 2862//39
f 1851//39 1854//39 2928//39
f 1856//39 1857//39 1858//39
f 1858//39 1859//39 1856//39
f 1859//39 1860//39 1839//39
f 1856//39 1861//39 1857//39
f 2928//39 1862//39 1859//39
f 1858//39 1863//39 1859//39
f 1863//39 1860//39 1859//39
f 2930//39 1864//39 1861//39
f 1861//39 1856//39 2930//39
f 2931//39 1865//39 1866//39
f 1866//39 1867//39 2931//39
f 2931//39 2930//39 1868//39
f 1868//39 1865//39 2931//39
f 2930//39 1869//39 1870//39
f 1870//39 1868//39 2930//39
f 2930//39 1856//39 1869//39
f 1871//39 1872//39 1873//39
f 1873//39 2931//39 1871//39
f 1871//39 1874//39 1875//39
f 1874//39 1876//39 1875//39
f 1874//39 2927//39 1877//39
f 1874//39 1878//39 1876//39
f 1877//39 1878//39 1874//39
f 1874//39 1879//39 2927//39
f 2867//39 2868//39 1880//39
f 2868//39 1881//39 1880//39
f 2927//39 1882//39 1883//39
f 2868//39 1884//39 1881//39
f 1883//39 2868//39 2927//39
f 1883//39 1884//39 2868//39
f 2927//39 1879//39 1885//39
f 1885//39 1882//39 2927//39
f 1886//39 1887//39 1888//39
f 1887//39 1889//39 1888//39
f 1888//39 1890//39 1886//39
f 2865//39 2929//39 1891//39
f 1887//39 1892//39 1889//39
f 1893//39 1892//39 1887//39
f 2929//39 1894//39 1891//39
f 2929//39 1895//39 1896//39
f 1893//39 1897//39 1898//39
f 2930//39 1886//39 1899//39
f 1887//39 1897//39 1893//39
f 1896//39 1894//39 2929//39
f 1898//39 2929//39 1893//39
f 1890//39 1899//39 1886//39
f 2929//39 1900//39 1895//39
f 1899//39 1864//39 2930//39
f 1898//39 1900//39 2929//39
f 2864//39 2865//39 1901//39
f 2932//39 2864//39 1902//39
f 2932//39 1903//39 1904//39
f 1905//39 1906//39 1907//39
f 2924//39 1908//39 1909//39
f 1904//39 2924//39 2932//39
f 1907//39 1910//39 1905//39
f 1824//39 2924//39 1911//39
f 1904//39 1908//39 2924//39
f 1824//39 1912//39 1910//39
f 1907//39 1913//39 1910//39
f 2924//39 1914//39 1911//39
f 1909//39 1915//39 2924//39
f 1913//39 1916//39 1910//39
f 1915//39 1914//39 2924//39
f 1911//39 1912//39 1824//39
f 1905//39 2931//39 1917//39
f 2931//39 1918//39 1917//39
f 2931//39 1919//39 1920//39
f 1920//39 2930//39 2931//39
f 2930//39 1921//39 1922//39
f 2931//39 1923//39 1919//39
f 1920//39 1921//39 2930//39
f 2931//39 1924//39 1923//39
f 2931//39 1905//39 1924//39
f 2933//39 1925//39 1926//39
f 2933//39 1927//39 1928//39
f 1928//39 1925//39 2933//39
f 2934//39 1929//39 1930//39
f 2934//39 2935//39 1931//39
f 2936//39 2934//39 1932//39
f 2934//39 1933//39 1929//39
f 2935//39 1926//39 1931//39
f 2934//39 1934//39 1932//39
f 1931//39 1933//39 2934//39
f 1930//39 1934//39 2934//39
f 2937//39 2938//39 1935//39
f 2936//39 1936//39 1937//39
f 2938//39 1938//39 1935//39
f 2938//39 1939//39 1940//39
f 1937//39 2938//39 2936//39
f 1935//39 1941//39 2937//39
f 1937//39 1939//39 2938//39
f 1940//39 1938//39 2938//39
f 2939//39 1942//39 1943//39
f 2939//39 2937//39 1944//39
f 1944//39 1942//39 2939//39
f 1945//39 1946//39 1947//39
f 1945//39 1948//39 1949//39
f 1949//39 1948//39 1950//39
f 1949//39 1946//39 1945//39
f 1947//39 2940//39 1945//39
f 1950//39 2939//39 1949//39
f 2871//39 1951//39 1952//39
f 2941//39 2870//39 1953//39
f 1952//39 2870//39 2871//39
f 2870//39 1954//39 1953//39
f 1952//39 1955//39 2870//39
f 2941//39 1956//39 1957//39
f 1955//39 1954//39 2870//39
f 1953//39 1956//39 2941//39
f 2923//39 1958//39 1959//39
f 2923//39 1960//39 1961//39
f 1959//39 2942//39 2923//39
f 1961//39 1962//39 2923//39
f 2925//39 1963//39 1964//39
f 1962//39 1958//39 2923//39
f 1964//39 2923//39 2925//39
f 1964//39 1960//39 2923//39
f 2940//39 1965//39 1966//39
f 1966//39 1967//39 2940//39
f 2940//39 1968//39 1969//39
f 1970//39 1968//39 1971//39
f 1972//39 1971//39 1973//39
f 1969//39 1965//39 2940//39
f 1971//39 1974//39 1970//39
f 1973//39 1975//39 1972//39
f 1970//39 1969//39 1968//39
f 1972//39 1974//39 1971//39
f 1975//39 1976//39 1977//39
f 1973//39 1978//39 1975//39
f 2941//39 1979//39 1975//39
f 1967//39 1945//39 2940//39
f 1978//39 1976//39 1975//39
f 2940//39 1980//39 1968//39
f 2925//39 2926//39 1981//39
f 2926//39 2941//39 1982//39
f 2926//39 1983//39 1981//39
f 2926//39 1984//39 1985//39
f 1982//39 1986//39 2926//39
f 1985//39 1983//39 2926//39
f 2941//39 1977//39 1982//39
f 1986//39 1984//39 2926//39
f 1987//39 1988//39 1927//39
f 1987//39 2940//39 1989//39
f 1989//39 1988//39 1987//39
f 2943//39 1990//39 1991//39
f 1927//39 1992//39 1993//39
f 2933//39 1994//39 1995//39
f 2933//39 1996//39 1997//39
f 1991//39 2933//39 2943//39
f 2940//39 1998//39 1989//39
f 1995//39 1927//39 2933//39
f 1991//39 1996//39 2933//39
f 1995//39 1992//39 1927//39
f 1997//39 1999//39 2933//39
f 1999//39 1994//39 2933//39
f 2000//39 2001//39 2002//39
f 2003//39 2004//39 2000//39
f 2940//39 2005//39 2006//39
f 2001//39 2007//39 2002//39
f 2008//39 2004//39 2003//39
f 2006//39 2009//39 2940//39
f 2003//39 2009//39 2008//39
f 2940//39 2010//39 2005//39
f 2006//39 2008//39 2009//39
f 2940//39 1987//39 2011//39
f 2011//39 2010//39 2940//39
f 2943//39 2942//39 2012//39
f 2001//39 2013//39 2007//39
f 2014//39 2013//39 2001//39
f 2942//39 2015//39 2012//39
f 2942//39 2016//39 2017//39
f 2014//39 2018//39 2019//39
f 2001//39 2018//39 2014//39
f 2017//39 2015//39 2942//39
f 2019//39 2942//39 2014//39
f 2002//39 2003//39 2000//39
f 2942//39 2020//39 2016//39
f 2009//39 1980//39 2940//39
f 2019//39 2020//39 2942//39
f 2868//39 2021//39 2022//39
f 2927//39 2023//39 2024//39
f 2022//39 2927//39 2868//39
f 2868//39 2025//39 2026//39
f 2868//39 2869//39 2027//39
f 2926//39 2927//39 2028//39
f 2024//39 2029//39 2927//39
f 2868//39 2030//39 2021//39
f 2027//39 2025//39 2868//39
f 2029//39 2028//39 2927//39
f 2026//39 2030//39 2868//39
f 2022//39 2023//39 2927//39
f 2870//39 2941//39 2031//39
f 2941//39 2032//39 2031//39
f 2870//39 2033//39 2027//39
f 2870//39 2034//39 2035//39
f 2941//39 2036//39 2032//39
f 2035//39 2033//39 2870//39
f 2031//39 2037//39 2870//39
f 2941//39 2038//39 2039//39
f 2926//39 2040//39 2038//39
f 2037//39 2034//39 2870//39
f 2038//39 2941//39 2926//39
f 2039//39 2036//39 2941//39
f 2860//39 2041//39 2042//39
f 2918//39 2043//39 2044//39
f 2042//39 2918//39 2860//39
f 2860//39 2045//39 2046//39
f 2860//39 2861//39 2047//39
f 2917//39 2918//39 2048//39
f 2044//39 2049//39 2918//39
f 2860//39 2050//39 2041//39
f 2047//39 2045//39 2860//39
f 2049//39 2048//39 2918//39
f 2046//39 2050//39 2860//39
f 2042//39 2043//39 2918//39
f 2862//39 2928//39 2051//39
f 2928//39 2052//39 2051//39
f 2862//39 2053//39 2047//39
f 2862//39 2054//39 2055//39
f 2928//39 2056//39 2052//39
f 2055//39 2053//39 2862//39
f 2051//39 2057//39 2862//39
f 2928//39 2058//39 2059//39
f 2917//39 2060//39 2058//39
f 2057//39 2054//39 2862//39
f 2058//39 2928//39 2917//39
f 2059//39 2056//39 2928//39
f 2852//39 2061//39 2062//39
f 2910//39 2063//39 2064//39
f 2062//39 2910//39 2852//39
f 2852//39 2065//39 2066//39
f 2852//39 2853//39 2067//39
f 2909//39 2910//39 2068//39
f 2064//39 2069//39 2910//39
f 2852//39 2070//39 2061//39
f 2067//39 2065//39 2852//39
f 2069//39 2068//39 2910//39
f 2066//39 2070//39 2852//39
f 2062//39 2063//39 2910//39
f 2854//39 2919//39 2071//39
f 2919//39 2072//39 2071//39
f 2854//39 2073//39 2067//39
f 2854//39 2074//39 2075//39
f 2919//39 2076//39 2072//39
f 2075//39 2073//39 2854//39
f 2071//39 2077//39 2854//39
f 2919//39 2078//39 2079//39
f 2909//39 2080//39 2078//39
f 2077//39 2074//39 2854//39
f 2078//39 2919//39 2909//39
f 2079//39 2076//39 2919//39
f 2895//39 2081//39 2082//39
f 2838//39 2083//39 2084//39
f 2838//39 2085//39 2086//39
f 2895//39 2084//39 2081//39
f 2086//39 2083//39 2838//39
f 2894//39 2895//39 2087//39
f 2082//39 2088//39 2895//39
f 2838//39 2089//39 2085//39
f 2838//39 2839//39 2090//39
f 2088//39 2087//39 2895//39
f 2090//39 2089//39 2838//39
f 2084//39 2895//39 2838//39
f 2840//39 2091//39 2092//39
f 2902//39 2093//39 2094//39
f 2092//39 2095//39 2840//39
f 2840//39 2902//39 2096//39
f 2094//39 2097//39 2902//39
f 2840//39 2098//39 2090//39
f 2096//39 2091//39 2840//39
f 2902//39 2099//39 2093//39
f 2894//39 2100//39 2099//39
f 2095//39 2098//39 2840//39
f 2099//39 2902//39 2894//39
f 2097//39 2096//39 2902//39
f 2829//39 2101//39 2102//39
f 2881//39 2103//39 2104//39
f 2829//39 2105//39 2106//39
f 2829//39 2107//39 2101//39
f 2829//39 2831//39 2108//39
f 2880//39 2881//39 2109//39
f 2104//39 2110//39 2881//39
f 2106//39 2881//39 2829//39
f 2108//39 2107//39 2829//39
f 2110//39 2109//39 2881//39
f 2102//39 2105//39 2829//39
f 2106//39 2103//39 2881//39
f 2896//39 2111//39 2112//39
f 2832//39 2113//39 2114//39
f 2832//39 2896//39 2115//39
f 2896//39 2116//39 2111//39
f 2880//39 2117//39 2116//39
f 2832//39 2118//39 2108//39
f 2114//39 2119//39 2832//39
f 2896//39 2120//39 2115//39
f 2116//39 2896//39 2880//39
f 2119//39 2118//39 2832//39
f 2112//39 2120//39 2896//39
f 2115//39 2113//39 2832//39
f 2121//39 2122//39 2123//39
f 2123//39 2124//39 2121//39
f 2121//39 2125//39 2122//39
f 2121//39 2126//39 2125//39
f 2126//39 2121//39 1267//39
f 1267//39 1258//39 2126//39
f 2127//39 2128//39 2129//39
f 2129//39 2130//39 2131//39
f 2129//39 2132//39 2130//39
f 2133//39 2134//39 2132//39
f 2133//39 2826//39 2134//39
f 2826//39 2135//39 2136//39
f 2826//39 2137//39 2135//39
f 2136//39 2138//39 2826//39
f 2826//39 2133//39 2137//39
f 2138//39 2139//39 2826//39
f 2828//39 867//39 2140//39
f 2140//39 2876//39 2828//39
f 2876//39 2141//39 2142//39
f 2142//39 2143//39 2876//39
f 2876//39 2144//39 2141//39
f 2875//39 2876//39 2145//39
f 2944//39 2146//39 2147//39
f 2944//39 2148//39 2149//39
f 2149//39 2146//39 2944//39
f 2147//39 2150//39 2944//39
f 2944//39 2151//39 2152//39
f 2152//39 1238//39 2153//39
f 1238//39 1255//39 2154//39
f 2152//39 2155//39 2156//39
f 2154//39 2153//39 1238//39
f 2153//39 2155//39 2152//39
f 2157//39 2158//39 2159//39
f 2885//39 2160//39 2161//39
f 2885//39 2162//39 2163//39
f 2164//39 2161//39 2157//39
f 2163//39 2160//39 2885//39
f 2885//39 2165//39 2166//39
f 2158//39 2167//39 2159//39
f 2166//39 2162//39 2885//39
f 2884//39 2168//39 2169//39
f 2161//39 2164//39 2885//39
f 2169//39 2885//39 2884//39
f 2169//39 2165//39 2885//39
f 2873//39 2170//39 2171//39
f 2170//39 2172//39 2171//39
f 2170//39 2167//39 2158//39
f 2170//39 2173//39 2172//39
f 2158//39 2174//39 2170//39
f 2174//39 2173//39 2170//39
f 2873//39 2175//39 2170//39
f 2873//39 1298//39 2175//39
f 2176//39 2177//39 2178//39
f 2873//39 2179//39 2180//39
f 2176//39 2181//39 2177//39
f 2180//39 2176//39 2873//39
f 2180//39 2181//39 2176//39
f 2178//39 2182//39 2183//39
f 2178//39 2183//39 2176//39
f 2184//39 2185//39 2186//39
f 2186//39 2178//39 2184//39
f 2187//39 2188//39 2185//39
f 2184//39 2189//39 2185//39
f 2186//39 2182//39 2178//39
f 2884//39 2886//39 2190//39
f 2188//39 2191//39 2192//39
f 2185//39 2189//39 2187//39
f 2886//39 2193//39 2190//39
f 2886//39 2194//39 2188//39
f 2188//39 2195//39 2196//39
f 2187//39 2191//39 2188//39
f 2188//39 2193//39 2886//39
f 2192//39 2195//39 2188//39
f 2886//39 2197//39 2194//39
f 2190//39 2168//39 2884//39
f 2886//39 2198//39 2197//39
f 2872//39 2199//39 2200//39
f 2200//39 2201//39 2872//39
f 2200//39 2202//39 2201//39
f 2203//39 2204//39 2205//39
f 2204//39 2203//39 2206//39
f 2201//39 2207//39 2208//39
f 2202//39 2209//39 2201//39
f 2206//39 2208//39 2204//39
f 2209//39 2207//39 2201//39
f 2205//39 2945//39 2203//39
f 2206//39 2210//39 2208//39
f 2208//39 2210//39 2201//39
f 2205//39 2211//39 2945//39
f 2936//39 2938//39 2212//39
f 2938//39 2213//39 2212//39
f 2938//39 2214//39 2215//39
f 2945//39 2211//39 2214//39
f 2938//39 2216//39 2213//39
f 2214//39 2938//39 2945//39
f 2215//39 2216//39 2938//39
f 2934//39 2217//39 2218//39
f 2934//39 2219//39 2220//39
f 2218//39 2221//39 2934//39
f 2936//39 2222//39 2223//39
f 2221//39 2219//39 2934//39
f 2223//39 2934//39 2936//39
f 2223//39 2217//39 2934//39
f 2224//39 2225//39 2226//39
f 2872//39 2227//39 2228//39
f 2227//39 2229//39 2225//39
f 2230//39 2231//39 2224//39
f 2227//39 2232//39 2228//39
f 2225//39 2233//39 2227//39
f 2225//39 2234//39 2226//39
f 2233//39 2232//39 2227//39
f 2225//39 2229//39 2234//39
f 2872//39 1277//39 2227//39
f 2235//39 2231//39 2230//39
f 2220//39 2236//39 2237//39
f 2228//39 2199//39 2872//39
f 2236//39 2220//39 2235//39
f 2237//39 2946//39 2220//39
f 2230//39 2236//39 2235//39
f 2226//39 2230//39 2224//39
f 2237//39 2238//39 2946//39
f 2897//39 2239//39 2240//39
f 2240//39 2878//39 2897//39
f 2897//39 2241//39 2242//39
f 2243//39 2244//39 2241//39
f 2245//39 2246//39 2247//39
f 2897//39 2248//39 2239//39
f 2241//39 2897//39 2243//39
f 2243//39 2249//39 2250//39
f 2247//39 2243//39 2245//39
f 2242//39 2248//39 2897//39
f 2247//39 2249//39 2243//39
f 2250//39 2244//39 2243//39
f 2251//39 2879//39 2252//39
f 2252//39 2253//39 2251//39
f 2251//39 2254//39 2255//39
f 2879//39 2256//39 2252//39
f 2879//39 2878//39 2257//39
f 2245//39 2251//39 2258//39
f 2253//39 2254//39 2251//39
f 2879//39 2259//39 2260//39
f 2878//39 2261//39 2257//39
f 2255//39 2258//39 2251//39
f 2257//39 2259//39 2879//39
f 2260//39 2256//39 2879//39
f 2251//39 2262//39 2890//39
f 2263//39 2264//39 2265//39
f 2266//39 2267//39 2265//39
f 2268//39 2269//39 2270//39
f 2263//39 2271//39 2264//39
f 2272//39 2273//39 2274//39
f 2265//39 2275//39 2266//39
f 2270//39 2276//39 2268//39
f 2269//39 2263//39 2277//39
f 2263//39 2269//39 2271//39
f 2272//39 2278//39 2273//39
f 2275//39 2279//39 2266//39
f 2280//39 2281//39 2282//39
f 2890//39 2283//39 2281//39
f 2890//39 2262//39 2284//39
f 2269//39 2285//39 2270//39
f 2265//39 2267//39 2263//39
f 2274//39 2268//39 2272//39
f 2887//39 2890//39 2286//39
f 2282//39 2266//39 2280//39
f 2284//39 2283//39 2890//39
f 2277//39 2285//39 2269//39
f 2272//39 2287//39 2278//39
f 2272//39 2288//39 2289//39
f 2887//39 2290//39 2288//39
f 2890//39 2280//39 2286//39
f 2281//39 2280//39 2890//39
f 2274//39 2269//39 2268//39
f 2289//39 2291//39 2272//39
f 2887//39 2292//39 2290//39
f 2279//39 2280//39 2266//39
f 2291//39 2287//39 2272//39
f 2887//39 2293//39 2292//39
f 2887//39 2294//39 2295//39
f 2276//39 2296//39 2268//39
f 2295//39 2293//39 2887//39
f 2288//39 2272//39 2887//39
f 2297//39 2268//39 2296//39
f 2298//39 2297//39 2299//39
f 2300//39 2298//39 2301//39
f 2897//39 2835//39 2302//39
f 2300//39 2303//39 2304//39
f 2835//39 2305//39 2302//39
f 2304//39 933//39 2300//39
f 2835//39 2306//39 2305//39
f 2835//39 933//39 2307//39
f 2304//39 2308//39 933//39
f 2835//39 2309//39 2306//39
f 2307//39 2310//39 2835//39
f 933//39 2311//39 2312//39
f 2308//39 2313//39 933//39
f 2310//39 2309//39 2835//39
f 2313//39 2311//39 933//39
f 2312//39 2307//39 933//39
f 2314//39 2315//39 2942//39
f 2315//39 2316//39 2317//39
f 2942//39 2318//39 2319//39
f 2317//39 2942//39 2315//39
f 2942//39 2320//39 2318//39
f 2315//39 2321//39 2316//39
f 2319//39 2923//39 2942//39
f 2317//39 2322//39 2942//39
f 2315//39 2323//39 2324//39
f 2325//39 2326//39 2323//39
f 2322//39 2320//39 2942//39
f 2323//39 2315//39 2325//39
f 2324//39 2321//39 2315//39
f 2327//39 2924//39 2328//39
f 2924//39 2923//39 2329//39
f 2325//39 2327//39 2330//39
f 2924//39 2331//39 2328//39
f 2329//39 2332//39 2924//39
f 2327//39 2333//39 2330//39
f 2327//39 2334//39 2335//39
f 2924//39 2336//39 2331//39
f 2923//39 2337//39 2329//39
f 2335//39 2333//39 2327//39
f 2332//39 2336//39 2924//39
f 2328//39 2334//39 2327//39
f 1183//39 2338//39 2339//39
f 2932//39 2340//39 2341//39
f 2339//39 2342//39 1183//39
f 2341//39 1183//39 2932//39
f 2932//39 2343//39 2344//39
f 2345//39 1183//39 2346//39
f 2341//39 2338//39 1183//39
f 2932//39 2347//39 2343//39
f 1183//39 2348//39 2346//39
f 2344//39 2340//39 2932//39
f 2924//39 2327//39 2349//39
f 2342//39 2348//39 1183//39
f 2349//39 2932//39 2924//39
f 2349//39 2347//39 2932//39
f 2350//39 2345//39 2351//39
f 2352//39 2350//39 2353//39
f 2354//39 2352//39 2355//39
f 2356//39 2354//39 822//39
f 822//39 824//39 2356//39
f 2357//39 816//39 818//39
f 816//39 2357//39 2358//39
f 820//39 2359//39 2360//39
f 2356//39 828//39 830//39
f 824//39 826//39 2356//39
f 2358//39 814//39 816//39
f 820//39 2361//39 2359//39
f 2354//39 2362//39 2361//39
f 2943//39 808//39 2363//39
f 808//39 2364//39 2365//39
f 2364//39 812//39 814//39
f 2364//39 808//39 810//39
f 2933//39 836//39 838//39
f 2933//39 2356//39 834//39
f 830//39 832//39 2356//39
f 2354//39 820//39 822//39
f 2360//39 2357//39 820//39
f 2354//39 2366//39 2362//39
f 2365//39 2363//39 808//39
f 810//39 812//39 2364//39
f 2933//39 840//39 842//39
f 834//39 836//39 2933//39
f 826//39 828//39 2356//39
f 2361//39 820//39 2354//39
f 2943//39 2367//39 2368//39
f 814//39 2358//39 2364//39
f 2933//39 806//39 805//39
f 838//39 840//39 2933//39
f 818//39 820//39 2357//39
f 2363//39 2367//39 2943//39
f 805//39 2943//39 2933//39
f 832//39 834//39 2356//39
f 805//39 808//39 2943//39
f 2368//39 2314//39 2943//39
f 2369//39 2370//39 2371//39
f 2929//39 2372//39 2373//39
f 2371//39 2929//39 2369//39
f 2929//39 2374//39 2372//39
f 2369//39 2375//39 2370//39
f 2373//39 2915//39 2929//39
f 2371//39 2376//39 2929//39
f 2369//39 2377//39 2378//39
f 2379//39 2380//39 2377//39
f 2376//39 2374//39 2929//39
f 2377//39 2369//39 2379//39
f 2378//39 2375//39 2369//39
f 2381//39 2916//39 2382//39
f 2916//39 2915//39 2383//39
f 2379//39 2381//39 2384//39
f 2916//39 2385//39 2382//39
f 2383//39 2386//39 2916//39
f 2381//39 2387//39 2384//39
f 2381//39 2388//39 2389//39
f 2916//39 2390//39 2385//39
f 2915//39 2391//39 2383//39
f 2389//39 2387//39 2381//39
f 2386//39 2390//39 2916//39
f 2382//39 2388//39 2381//39
f 2381//39 2392//39 2922//39
f 2922//39 2392//39 2393//39
f 2393//39 2856//39 2922//39
f 2856//39 2394//39 2395//39
f 2393//39 2396//39 2856//39
f 2397//39 1092//39 2398//39
f 2395//39 1092//39 2856//39
f 2396//39 2399//39 2856//39
f 1092//39 2400//39 2398//39
f 1092//39 2401//39 2402//39
f 2395//39 2403//39 1092//39
f 2399//39 2404//39 2856//39
f 2402//39 2400//39 1092//39
f 2404//39 2394//39 2856//39
f 2403//39 2401//39 1092//39
f 2405//39 2397//39 2406//39
f 2407//39 2405//39 2408//39
f 2409//39 2407//39 2410//39
f 2865//39 2411//39 2412//39
f 2865//39 1162//39 2413//39
f 2412//39 2414//39 2865//39
f 1162//39 2415//39 2413//39
f 1162//39 2416//39 2417//39
f 2929//39 2865//39 2418//39
f 2413//39 2411//39 2865//39
f 1162//39 2419//39 2416//39
f 2865//39 2420//39 2418//39
f 2417//39 2415//39 1162//39
f 2409//39 2421//39 2422//39
f 2414//39 2420//39 2865//39
f 2422//39 1162//39 2409//39
f 2422//39 2419//39 1162//39
f 2423//39 2908//39 2424//39
f 2908//39 2907//39 2425//39
f 2426//39 2423//39 2427//39
f 2908//39 2428//39 2424//39
f 2425//39 2429//39 2908//39
f 2423//39 2430//39 2427//39
f 2423//39 2431//39 2432//39
f 2908//39 2433//39 2428//39
f 2907//39 2434//39 2425//39
f 2432//39 2430//39 2423//39
f 2429//39 2433//39 2908//39
f 2424//39 2431//39 2423//39
f 2423//39 2435//39 2913//39
f 2435//39 2436//39 2911//39
f 2437//39 2438//39 2439//39
f 2436//39 2440//39 2441//39
f 2442//39 2443//39 2437//39
f 2436//39 2444//39 2440//39
f 2439//39 2438//39 2445//39
f 2439//39 2442//39 2437//39
f 2446//39 2447//39 2448//39
f 2446//39 2901//39 2449//39
f 2911//39 2450//39 2451//39
f 2911//39 2452//39 2453//39
f 2436//39 2454//39 2444//39
f 2445//39 2436//39 2439//39
f 2442//39 2455//39 2443//39
f 2449//39 2447//39 2446//39
f 2911//39 2456//39 2450//39
f 2911//39 2441//39 2452//39
f 2445//39 2454//39 2436//39
f 2448//39 2443//39 2446//39
f 2901//39 2457//39 2458//39
f 2453//39 2456//39 2911//39
f 2455//39 2446//39 2443//39
f 2901//39 2459//39 2457//39
f 2901//39 2451//39 2460//39
f 2441//39 2911//39 2436//39
f 2460//39 2459//39 2901//39
f 2458//39 2449//39 2901//39
f 1003//39 2461//39 2462//39
f 2843//39 2463//39 2464//39
f 2843//39 2901//39 2446//39
f 1003//39 2464//39 2461//39
f 2446//39 2463//39 2843//39
f 2464//39 1003//39 2843//39
f 2465//39 2466//39 2467//39
f 2466//39 2468//39 2467//39
f 2466//39 2469//39 2468//39
f 2466//39 2462//39 2469//39
f 2470//39 2465//39 2471//39
f 2472//39 2470//39 2473//39
f 2474//39 2472//39 2475//39
f 2476//39 2474//39 2477//39
f 2474//39 2478//39 2477//39
f 2477//39 2479//39 2476//39
f 2857//39 2480//39 2481//39
f 2857//39 1093//39 2482//39
f 2857//39 2483//39 2480//39
f 1093//39 2484//39 2482//39
f 1093//39 2476//39 2485//39
f 2482//39 2483//39 2857//39
f 2485//39 2486//39 1093//39
f 2486//39 2484//39 1093//39
f 2481//39 2487//39 2488//39
f 2921//39 2489//39 2490//39
f 2488//39 2921//39 2481//39
f 2491//39 2426//39 2492//39
f 2921//39 2493//39 2489//39
f 2481//39 2494//39 2487//39
f 2495//39 2496//39 2497//39
f 2496//39 2495//39 2491//39
f 2490//39 2907//39 2921//39
f 2488//39 2498//39 2921//39
f 2492//39 2496//39 2491//39
f 2498//39 2493//39 2921//39
f 2494//39 2481//39 2495//39
f 2497//39 2494//39 2495//39
f 2499//39 2500//39 2903//39
f 2500//39 2501//39 2502//39
f 2903//39 2503//39 2504//39
f 2903//39 2505//39 2506//39
f 2500//39 2507//39 2501//39
f 2508//39 2509//39 2510//39
f 2504//39 2891//39 2903//39
f 2903//39 2502//39 2505//39
f 2500//39 2511//39 2507//39
f 2510//39 2500//39 2508//39
f 2506//39 2503//39 2903//39
f 2510//39 2511//39 2500//39
f 2502//39 2903//39 2500//39
f 2508//39 2512//39 2513//39
f 2512//39 2514//39 2515//39
f 2512//39 2892//39 2516//39
f 2892//39 2517//39 2518//39
f 2892//39 2891//39 2519//39
f 2512//39 2520//39 2513//39
f 2516//39 2514//39 2512//39
f 2892//39 2521//39 2517//39
f 2891//39 2522//39 2519//39
f 2515//39 2520//39 2512//39
f 2519//39 2521//39 2892//39
f 2518//39 2516//39 2892//39
f 2900//39 2523//39 2524//39
f 955//39 2524//39 2525//39
f 2900//39 2526//39 2523//39
f 2527//39 955//39 2528//39
f 2525//39 2529//39 955//39
f 2900//39 2530//39 2526//39
f 2892//39 2512//39 2531//39
f 955//39 2532//39 2528//39
f 2529//39 2533//39 955//39
f 2900//39 2534//39 2530//39
f 2531//39 2900//39 2892//39
f 2533//39 2532//39 955//39
f 2531//39 2534//39 2900//39
f 2524//39 955//39 2900//39
f 2535//39 2527//39 2536//39
f 2537//39 2535//39 2538//39
f 2539//39 2537//39 2540//39
f 2905//39 2844//39 2541//39
f 2539//39 2542//39 2543//39
f 2844//39 2544//39 2541//39
f 2543//39 1004//39 2539//39
f 2844//39 2545//39 2544//39
f 2844//39 1004//39 2546//39
f 2543//39 2547//39 1004//39
f 2844//39 2548//39 2545//39
f 2546//39 2549//39 2844//39
f 1004//39 2550//39 2551//39
f 2547//39 2552//39 1004//39
f 2549//39 2548//39 2844//39
f 2552//39 2550//39 1004//39
f 2551//39 2546//39 1004//39
f 2553//39 2554//39 2934//39
f 2554//39 2555//39 2556//39
f 2557//39 2558//39 2559//39
f 2556//39 2934//39 2554//39
f 2559//39 2560//39 2557//39
f 2934//39 2561//39 2562//39
f 2554//39 2563//39 2555//39
f 2554//39 2564//39 2565//39
f 2554//39 2559//39 2566//39
f 2560//39 2567//39 2557//39
f 2567//39 2568//39 2569//39
f 2567//39 2935//39 2570//39
f 2562//39 2571//39 2934//39
f 2556//39 2572//39 2934//39
f 2566//39 2564//39 2554//39
f 2569//39 2557//39 2567//39
f 2935//39 2573//39 2570//39
f 2935//39 2574//39 2575//39
f 2935//39 2934//39 2576//39
f 2572//39 2561//39 2934//39
f 2558//39 2566//39 2559//39
f 2935//39 2577//39 2573//39
f 2576//39 2574//39 2935//39
f 2565//39 2563//39 2554//39
f 2575//39 2577//39 2935//39
f 2570//39 2568//39 2567//39
f 2356//39 2578//39 2579//39
f 2356//54 2933//54 2580//54
f 2356//39 2581//39 2578//39
f 2933//39 2582//39 2580//39
f 2580//39 2581//39 2356//39
f 2933//39 2935//39 2567//39
f 2567//39 2583//39 2933//39
f 2583//39 2582//39 2933//39
f 2584//39 2585//39 2586//39
f 2585//39 2587//39 2586//39
f 2585//39 2579//39 2587//39
f 2588//39 2584//39 2589//39
f 2590//39 2591//39 2592//39
f 2553//39 2593//39 2590//39
f 2591//39 2594//39 2592//39
f 2946//39 2595//39 2596//39
f 2597//39 2594//39 2591//39
f 2553//39 2598//39 2593//39
f 2596//39 2553//39 2946//39
f 2591//39 2599//39 2597//39
f 2121//39 2600//39 2601//39
f 2588//39 2602//39 2603//39
f 2596//39 2598//39 2553//39
f 2601//39 2597//39 2121//39
f 2604//39 2605//39 2600//39
f 2606//39 2604//39 2607//39
f 2607//39 2608//39 2609//39
f 2603//39 2608//39 2588//39
f 2599//39 2121//39 2597//39
f 2604//39 2610//39 2605//39
f 2607//39 2611//39 2606//39
f 2603//39 2609//39 2608//39
f 2600//39 2121//39 2604//39
f 2609//39 2611//39 2607//39
f 2606//39 2610//39 2604//39
f 2612//39 2613//39 2614//39
f 2613//39 2615//39 2616//39
f 2615//39 2617//39 2618//39
f 1213//39 2619//39 2620//39
f 2618//39 2617//39 2621//39
f 2871//39 2620//39 2622//39
f 1213//39 2623//39 2619//39
f 1213//39 2624//39 2625//39
f 2621//39 1213//39 2618//39
f 2620//39 2871//39 1213//39
f 2621//39 2624//39 1213//39
f 2625//39 2623//39 1213//39
f 2622//39 2626//39 2871//39
f 2627//39 1951//39 2628//39
f 2629//39 2630//39 2627//39
f 1951//39 2631//39 2628//39
f 2629//39 2632//39 2630//39
f 2629//39 2633//39 2634//39
f 2629//39 2939//39 2635//39
f 2634//39 2632//39 2629//39
f 2939//39 1950//39 2635//39
f 2635//39 2633//39 2629//39
f 1951//39 2871//39 2636//39
f 2636//39 2631//39 1951//39
f 2937//39 2939//39 2629//39
f 2637//39 2938//39 2638//39
f 2938//39 2639//39 2638//39
f 2937//39 2640//39 2641//39
f 2637//39 2642//39 2643//39
f 2938//39 2644//39 2639//39
f 2938//39 2645//39 2646//39
f 2641//39 2938//39 2937//39
f 2937//39 2647//39 2648//39
f 2649//39 2650//39 2651//39
f 2643//39 2652//39 2637//39
f 2638//39 2653//39 2637//39
f 2641//39 2645//39 2938//39
f 2648//39 2654//39 2937//39
f 2651//39 2937//39 2649//39
f 2649//39 2655//39 2656//39
f 2649//39 2637//39 2657//39
f 2653//39 2642//39 2637//39
f 2654//39 2640//39 2937//39
f 2649//39 2658//39 2650//39
f 2657//39 2655//39 2649//39
f 2646//39 2644//39 2938//39
f 2656//39 2658//39 2649//39
f 2651//39 2647//39 2937//39
f 2945//39 2938//39 2637//39
f 2659//39 2660//39 2661//39
f 2661//39 2662//39 2659//39
f 2661//39 2663//39 2662//39
f 2945//39 2664//39 2665//39
f 2945//39 2662//39 2666//39
f 2659//39 2667//39 2660//39
f 2665//39 2668//39 2945//39
f 2662//39 2669//39 2666//39
f 2663//39 2670//39 2662//39
f 2944//39 2671//39 2660//39
f 2668//39 2672//39 2945//39
f 2670//39 2669//39 2662//39
f 2660//39 2667//39 2673//39
f 2666//39 2664//39 2945//39
f 2672//39 2203//39 2945//39
f 2944//39 2156//39 2671//39
f 2944//39 2674//39 2675//39
f 2676//39 2677//39 2678//39
f 2677//39 2148//39 2679//39
f 2944//39 2680//39 2674//39
f 2677//39 2681//39 2678//39
f 2148//39 2682//39 2679//39
f 2675//39 2148//39 2944//39
f 2679//39 2681//39 2677//39
f 2944//39 2683//39 2680//39
f 2675//39 2682//39 2148//39
f 2944//39 2673//39 2683//39
f 2684//39 2685//39 2686//39
f 2685//39 2687//39 2688//39
f 2689//39 2690//39 2691//39
f 2688//39 2687//39 2692//39
f 2689//39 2693//39 2690//39
f 2694//39 2695//39 2696//39
f 2692//39 2694//39 2688//39
f 2874//39 2697//39 2698//39
f 2689//39 2696//39 2693//39
f 2692//39 2695//39 2694//39
f 2874//39 2691//39 2697//39
f 2696//39 2689//39 2694//39
f 2691//39 2874//39 2689//39
f 2885//39 2699//39 2700//39
f 2885//39 2701//39 2699//39
f 2702//39 2703//39 2704//39
f 2703//39 2705//39 2706//39
f 2700//39 2703//39 2885//39
f 2885//39 2707//39 2708//39
f 2703//39 2709//39 2704//39
f 2700//39 2705//39 2703//39
f 2885//39 2164//39 2707//39
f 1299//39 2710//39 2702//39
f 2708//39 2701//39 2885//39
f 2706//39 2709//39 2703//39
f 1299//39 2874//39 2711//39
f 2711//39 2710//39 1299//39
f 2885//39 2712//39 2713//39
f 2714//39 2882//39 2715//39
f 2882//39 2713//39 2716//39
f 2885//39 2717//39 2712//39
f 2714//39 2718//39 2719//39
f 2715//39 2720//39 2714//39
f 2713//39 2882//39 2885//39
f 2885//39 2721//39 2722//39
f 2703//39 2723//39 2721//39
f 2714//39 2724//39 2718//39
f 2882//39 2725//39 2715//39
f 2885//39 2726//39 2717//39
f 2721//39 2885//39 2703//39
f 2720//39 2724//39 2714//39
f 2882//39 2727//39 2728//39
f 2722//39 2726//39 2885//39
f 2703//39 2729//39 2730//39
f 2728//39 2725//39 2882//39
f 2730//39 2723//39 2703//39
f 2703//39 2714//39 2731//39
f 2716//39 2727//39 2882//39
f 2731//39 2732//39 2703//39
f 2732//39 2729//39 2703//39
f 2883//39 2882//39 2714//39
f 2733//39 2734//39 2735//39
f 2735//39 2736//39 2733//39
f 2734//39 2737//39 2738//39
f 2733//39 2739//39 2734//39
f 2738//39 2883//39 2734//39
f 2735//39 2740//39 2736//39
f 2734//39 2741//39 2737//39
f 2739//39 2742//39 2734//39
f 2736//39 2740//39 2743//39
f 2742//39 2741//39 2734//39
f 2738//39 1343//39 2883//39
f 2744//39 903//39 2745//39
f 903//39 2830//39 2746//39
f 903//39 2747//39 2745//39
f 903//39 2748//39 2749//39
f 2830//39 2750//39 2746//39
f 2749//39 2747//39 903//39
f 2746//39 2751//39 903//39
f 2751//39 2748//39 903//39
f 2830//39 2743//39 2752//39
f 2752//39 2750//39 2830//39
f 2753//39 2754//39 2755//39
f 2888//39 2756//39 2757//39
f 2753//39 2758//39 2754//39
f 2888//39 2759//39 2756//39
f 2755//39 2888//39 2753//39
f 2760//39 2761//39 2762//39
f 2760//39 2886//39 2763//39
f 2886//39 2764//39 2765//39
f 2755//39 2759//39 2888//39
f 2753//39 2766//39 2767//39
f 2760//39 2768//39 2761//39
f 2765//39 2763//39 2886//39
f 2767//39 2758//39 2753//39
f 2760//39 2769//39 2770//39
f 2763//39 2768//39 2760//39
f 2886//39 2888//39 2771//39
f 2757//39 2772//39 2888//39
f 2770//39 2753//39 2760//39
f 2886//39 2773//39 2764//39
f 2771//39 2774//39 2886//39
f 2770//39 2766//39 2753//39
f 2774//39 2773//39 2886//39
f 2762//39 2769//39 2760//39
f 2775//39 2127//39 2776//39
f 2128//39 2777//39 2778//39
f 2776//39 2760//39 2775//39
f 2128//39 2779//39 2777//39
f 2127//39 2780//39 2781//39
f 2127//39 2782//39 2783//39
f 2776//39 2784//39 2760//39
f 2128//39 2785//39 2779//39
f 2783//39 2780//39 2127//39
f 2775//39 2786//39 2127//39
f 2128//39 2781//39 2785//39
f 2127//39 2786//39 2782//39
f 2886//39 2760//39 2787//39
f 2784//39 2788//39 2760//39
f 2789//39 2790//39 2791//39
f 2781//39 2128//39 2127//39
f 2788//39 2787//39 2760//39
f 2790//39 2778//39 2791//39
f 2787//39 2198//39 2886//39
f 2778//39 2790//39 2128//39
f 2792//39 2789//39 2793//39
f 2887//39 2272//39 2794//39
f 2794//39 2795//39 2796//39
f 2794//39 2796//39 2887//39
f 2792//39 2797//39 2798//39
f 2272//39 2799//39 2794//39
f 2272//39 2798//39 2800//39
f 2792//39 2801//39 2797//39
f 2272//39 2802//39 2799//39
f 2798//39 2272//39 2792//39
f 2800//39 2802//39 2272//39
f 2796//39 2803//39 2887//39
f 2887//39 2804//39 2805//39
f 2794//39 2806//39 2795//39
f 2807//39 2794//39 2808//39
f 2888//39 2809//39 2810//39
f 2803//39 2804//39 2887//39
f 2808//39 2811//39 2807//39
f 2812//39 2813//39 2814//39
f 2814//54 2808//54 2815//54
f 2810//39 2753//39 2888//39
f 2887//39 2816//39 2817//39
f 2807//39 2806//39 2794//39
f 2814//39 2818//39 2812//39
f 2815//39 2819//39 2814//39
f 2810//39 2820//39 2753//39
f 2805//39 2816//39 2887//39
f 2808//39 2814//39 2821//39
f 2819//39 2818//39 2814//39
f 2888//39 2822//39 2809//39
f 2888//39 2823//39 2824//39
f 2821//39 2811//39 2808//39
f 2753//39 2825//39 2813//39
f 2824//39 2822//39 2888//39
f 2812//39 2753//39 2813//39
f 2888//39 2817//39 2823//39
f 2820//39 2825//39 2753//39
f 2817//39 2888//39 2887//39
f 2793//39 2801//39 2792//39
f 2791//39 2793//39 2789//39
f 2772//39 2771//39 2888//39
f 2745//39 2684//39 2744//39
f 2743//39 2830//39 2736//39
f 2714//39 2734//39 2883//39
f 2719//39 2731//39 2714//39
f 2704//39 1299//39 2702//39
f 2698//39 2711//39 2874//39
f 2688//39 2686//39 2685//39
f 2686//39 2744//39 2684//39
f 2678//39 2612//39 2676//39
f 2660//39 2673//39 2944//39
f 2637//39 2662//39 2945//39
f 2652//39 2657//39 2637//39
f 2629//39 2649//39 2937//39
f 2628//39 2629//39 2627//39
f 2626//39 2636//39 2871//39
f 2618//39 2616//39 2615//39
f 2616//39 2614//39 2613//39
f 2614//39 2676//39 2612//39
f 2592//39 2553//39 2590//39
f 2589//39 2602//39 2588//39
f 2586//39 2589//39 2584//39
f 2579//39 2585//39 2356//39
f 2571//39 2576//39 2934//39
f 2934//39 2946//39 2553//39
f 2541//39 2499//39 2905//39
f 2540//39 2542//39 2539//39
f 2538//39 2540//39 2537//39
f 2536//39 2538//39 2535//39
f 2528//39 2536//39 2527//39
f 2513//39 2509//39 2508//39
f 2504//39 2522//39 2891//39
f 2903//39 2905//39 2499//39
f 2490//39 2434//39 2907//39
f 2481//39 2921//39 2857//39
f 2479//39 2485//39 2476//39
f 2475//39 2478//39 2474//39
f 2473//39 2475//39 2472//39
f 2471//39 2473//39 2470//39
f 2467//39 2471//39 2465//39
f 2462//39 2466//39 1003//39
f 2451//39 2901//39 2911//39
f 2911//39 2913//39 2435//39
f 2913//39 2908//39 2423//39
f 2427//39 2492//39 2426//39
f 2418//39 2369//39 2929//39
f 2410//39 2421//39 2409//39
f 2408//39 2410//39 2407//39
f 2406//39 2408//39 2405//39
f 2398//39 2406//39 2397//39
f 2922//39 2916//39 2381//39
f 2384//39 2380//39 2379//39
f 2373//39 2391//39 2915//39
f 842//39 806//39 2933//39
f 2355//39 2366//39 2354//39
f 2353//39 2355//39 2352//39
f 2351//39 2353//39 2350//39
f 2346//39 2351//39 2345//39
f 2330//39 2326//39 2325//39
f 2319//39 2337//39 2923//39
f 2942//39 2943//39 2314//39
f 2302//39 2243//39 2897//39
f 2301//39 2303//39 2300//39
f 2299//39 2301//39 2298//39
f 2296//39 2299//39 2297//39
f 2286//39 2294//39 2887//39
f 2890//39 2879//39 2251//39
f 2258//39 2246//39 2245//39
f 2240//39 2261//39 2878//39
f 2238//39 2595//39 2946//39
f 2220//39 2946//39 2934//39
f 2212//39 2222//39 2936//39
f 2201//39 1245//39 2872//39
f 2196//55 2193//55 2188//55
f 2176//39 1292//39 2873//39
f 2171//39 2179//39 2873//39
f 2159//39 2164//39 2157//39
f 2152//39 2156//39 2944//39
f 2150//39 2151//39 2944//39
f 2689//39 2874//39 2875//39
f 2145//39 2689//39 2875//39
f 2143//39 2145//39 2876//39
f 2140//39 2144//39 2876//39
f 2139//39 860//39 2826//39
f 2132//39 2129//39 2133//39
f 2129//39 2131//39 2127//39
f 2124//39 2604//39 2121//39
f 2108//39 2831//39 2832//39
f 2109//39 2117//39 2880//39
f 2090//39 2839//39 2840//39
f 2087//39 2100//39 2894//39
f 2067//39 2853//39 2854//39
f 2068//39 2080//39 2909//39
f 2047//39 2861//39 2862//39
f 2048//39 2060//39 2917//39
f 2027//39 2869//39 2870//39
f 2028//39 2040//39 2926//39
f 2012//39 1990//39 2943//39
f 1927//39 1993//39 1987//39
f 1981//39 1963//39 2925//39
f 1977//39 2941//39 1975//39
f 1959//39 2014//39 2942//39
f 1957//39 1979//39 2941//39
f 1947//39 1998//39 2940//39
f 1943//39 1949//39 2939//39
f 1941//39 1944//39 2937//39
f 1932//39 1936//39 2936//39
f 1926//39 2935//39 2933//39
f 1922//39 1886//39 2930//39
f 1917//39 1906//39 1905//39
f 1910//39 1916//39 1824//39
f 1902//39 1903//39 2932//39
f 1901//39 1902//39 2864//39
f 1891//39 1901//39 2865//39
f 1880//39 1847//39 2867//39
f 1875//39 1872//39 1871//39
f 1873//39 1918//39 2931//39
f 1867//39 1871//39 2931//39
f 1839//39 2928//39 1859//39
f 1855//39 1862//39 2928//39
f 2863//39 2866//39 1848//39
f 2866//39 2867//39 1847//39
f 1841//39 1893//39 2929//39
f 1833//39 1842//39 2914//39
f 1827//39 1877//39 2927//39
f 1822//39 1828//39 2925//39
f 1815//39 1763//39 2920//39
f 1797//39 1803//39 1719//39
f 1793//39 1801//39 2922//39
f 1792//39 1793//39 2856//39
f 1785//39 1792//39 2857//39
f 1781//39 1791//39 1818//39
f 1773//39 1738//39 2859//39
f 1771//39 1804//39 2920//39
f 1756//39 1764//39 2920//39
f 1762//39 1750//39 1749//39
f 1752//39 1731//39 2919//39
f 1746//39 1747//39 2919//39
f 2855//39 2858//39 1739//39
f 2858//39 2859//39 1738//39
f 1733//39 2921//39 2907//39
f 1727//39 1736//39 2906//39
f 1721//39 1769//39 2918//39
f 1713//39 1722//39 2914//39
f 1705//39 1687//39 2913//39
f 1680//39 1689//39 1607//39
f 1671//39 1641//39 2851//39
f 1665//39 1693//39 2912//39
f 1625//39 2849//39 1653//39
f 1646//39 1657//39 2849//39
f 1635//39 1636//39 1628//39
f 1514//39 2846//39 2849//39
f 1609//39 1668//39 2910//39
f 1601//39 1610//39 2906//39
f 1597//39 1565//39 2904//39
f 1585//39 1595//39 1509//39
f 1580//39 1581//39 2844//39
f 1569//39 1580//39 2905//39
f 1558//39 1529//39 2842//39
f 1547//39 1564//39 2847//39
f 1552//39 1600//39 2904//39
f 1518//39 2902//39 1540//39
f 1536//39 1543//39 2902//39
f 2841//39 2842//39 1529//39
f 1523//39 1573//39 2903//39
f 1519//39 1526//39 2893//39
f 1513//39 1557//39 2847//39
f 1510//39 1637//39 2901//39
f 1504//39 1468//39 2898//39
f 1500//39 1486//39 1485//39
f 1490//39 1494//39 1407//39
f 1484//39 1488//39 2900//39
f 1483//39 1484//39 2834//39
f 1478//39 1483//39 2835//39
f 1462//39 1429//39 2837//39
f 1458//39 1455//39 1453//39
f 1454//39 1499//39 2899//39
f 1450//39 1453//39 2899//39
f 1421//39 2896//39 1438//39
f 1437//39 1443//39 2896//39
f 2833//39 2836//39 1430//39
f 2836//39 2837//39 1429//39
f 1427//39 1475//39 2897//39
f 1415//39 1422//39 2877//39
f 1409//39 1457//39 2895//39
f 1405//39 1412//39 2893//39
f 1388//39 1392//39 1312//39
f 1372//39 1395//39 2890//39
f 1361//39 2736//39 2830//39
f 1349//39 1393//39 2889//39
f 1327//39 1344//39 1340//39
f 1335//39 1371//39 2887//39
f 1331//39 2888//39 2886//39
f 1328//39 1332//39 2884//39
f 1326//39 1329//39 2882//39
f 1314//39 1358//39 2881//39
f 1306//39 1316//39 2877//39
f 1302//39 1295//39 2828//39
f 1301//39 1305//39 2875//39
f 1298//39 2873//39 2827//39
f 1293//39 2134//39 2826//39
f 1268//39 1286//39 2872//39
f 1240//39 1255//39 1238//39
f 1215//39 1227//39 1213//39
f 1207//39 1220//39 2870//39
f 1190//39 1207//39 2869//39
f 1192//39 1199//39 1190//39
f 1184//39 1198//39 2867//39
f 2864//39 2932//39 1183//39
f 1144//39 1184//39 2866//39
f 1145//39 1157//39 1143//39
f 1138//39 1143//39 2862//39
f 1137//39 1138//39 2861//39
f 1120//39 1137//39 2860//39
f 1122//39 1134//39 1120//39
f 1114//39 1127//39 2858//39
f 1100//39 2857//39 2856//39
f 1091//39 1114//39 2855//39
f 1090//39 1091//39 2854//39
f 1074//39 1090//39 2853//39
f 1076//39 1082//39 1074//39
f 1063//39 1068//39 1056//39
f 1046//39 1056//39 2850//39
f 1043//39 2848//39 2850//39
f 1025//39 1046//39 2848//39
f 2845//39 2848//39 2846//39
f 988//39 1025//39 2845//39
f 1012//39 2844//39 2843//39
f 994//39 1002//39 990//39
f 980//39 990//39 2841//39
f 979//39 980//39 2840//39
f 969//39 979//39 2839//39
f 975//39 978//39 969//39
f 956//39 966//39 2837//39
f 2834//39 2900//39 955//39
f 917//39 956//39 2836//39
f 946//39 953//39 2834//39
f 919//39 926//39 917//39
f 910//39 926//39 2832//39
f 894//39 910//39 2831//39
f 896//39 908//39 903//39
f 881//39 885//39 2828//39
f 865//39 866//39 2827//39
f 2947//29 2948//29 2949//29
f 2950//29 2951//29 2948//29
f 2948//29 2947//29 2950//29
f 2949//29 2952//29 2947//29
f 2947//29 2953//29 2954//29
f 2952//29 2955//29 2947//29
f 4927//29 4928//29 2956//29
f 2947//29 2957//29 2953//29
f 2950//29 2958//29 2951//29
f 2950//29 4927//29 2959//29
f 2956//29 2960//29 4927//29
f 4928//29 2961//29 2962//29
f 2955//29 2957//29 2947//29
f 2959//29 2963//29 2950//29
f 4927//29 2964//29 2965//29
f 2960//29 2966//29 4927//29
f 4928//29 2967//29 2961//29
f 4928//29 2954//29 2968//29
f 2963//29 2958//29 2950//29
f 2966//29 2964//29 4927//29
f 2968//29 2967//29 4928//29
f 2965//29 2959//29 4927//29
f 2954//29 4928//29 2947//29
f 4927//29 2950//29 2969//29
f 4929//29 2969//29 2970//29
f 2971//29 2972//29 2973//29
f 2973//29 2970//29 2971//29
f 2971//29 2974//29 2972//29
f 2973//29 2975//29 2970//29
f 4930//29 2970//29 2976//29
f 2975//29 2977//29 2970//29
f 4931//29 4930//29 2978//29
f 2970//29 2979//29 2976//29
f 2971//29 2980//29 2974//29
f 2971//29 4931//29 2981//29
f 2978//29 2982//29 4931//29
f 4930//29 2983//29 2984//29
f 2977//29 2979//29 2970//29
f 2981//29 2985//29 2971//29
f 4931//29 2986//29 2987//29
f 2982//29 2988//29 4931//29
f 4930//29 2989//29 2983//29
f 4930//29 2990//29 2991//29
f 2985//29 2980//29 2971//29
f 2988//29 2986//29 4931//29
f 2991//29 2989//29 4930//29
f 2987//29 2981//29 4931//29
f 2976//29 2990//29 4930//29
f 2992//29 4932//29 4933//29
f 4931//29 2971//29 2993//29
f 4933//29 4934//29 2994//29
f 4934//29 2995//29 2994//29
f 4933//29 2996//29 2997//29
f 4933//29 2998//29 2999//29
f 2994//29 3000//29 4933//29
f 2999//29 2996//29 4933//29
f 4934//29 3001//29 2995//29
f 4934//29 3002//29 3003//29
f 4934//29 3004//29 3005//29
f 3004//29 3006//29 3007//29
f 3008//29 3009//29 3010//29
f 3008//29 3011//29 3012//29
f 3000//29 2998//29 4933//29
f 3005//29 3002//29 4934//29
f 3007//29 3013//29 3004//29
f 3004//29 3010//29 3014//29
f 3008//29 3015//29 3009//29
f 3008//29 2997//29 3011//29
f 3003//29 3001//29 4934//29
f 3014//29 3006//29 3004//29
f 3012//29 3015//29 3008//29
f 3013//29 3005//29 3004//29
f 2997//29 3008//29 4933//29
f 4935//29 2993//29 3016//29
f 3017//29 3018//29 3019//29
f 3017//29 3020//29 3018//29
f 3017//29 3021//29 3020//29
f 3019//29 3016//29 3017//29
f 3016//29 3022//29 3023//29
f 3019//29 3024//29 3016//29
f 4936//29 3025//29 3026//29
f 3016//29 3027//29 3022//29
f 3017//29 3028//29 3021//29
f 4937//29 3029//29 3030//29
f 4937//29 3026//29 3031//29
f 4936//29 3032//29 3025//29
f 3024//29 3027//29 3016//29
f 3030//29 3017//29 4937//29
f 4937//29 3033//29 3034//29
f 3031//29 3035//29 4937//29
f 4936//29 3036//29 3032//29
f 4936//29 3023//29 3037//29
f 3030//29 3028//29 3017//29
f 3035//29 3033//29 4937//29
f 3037//29 3036//29 4936//29
f 3034//29 3029//29 4937//29
f 3023//29 4936//29 3016//29
f 4937//29 3017//29 3038//29
f 4938//29 3038//29 3039//29
f 4939//29 3039//29 3040//29
f 3040//29 3041//29 3042//29
f 3043//29 3044//29 3041//29
f 3041//29 3040//29 3043//29
f 3042//29 3045//29 3040//29
f 3040//29 3046//29 3047//29
f 3045//29 3048//29 3040//29
f 4940//29 4941//29 3049//29
f 3040//29 3050//29 3046//29
f 3043//29 3051//29 3044//29
f 3043//29 4940//29 3052//29
f 3049//29 3053//29 4940//29
f 4941//29 3054//29 3055//29
f 3048//29 3050//29 3040//29
f 3052//29 3056//29 3043//29
f 4940//29 3057//29 3058//29
f 3053//29 3059//29 4940//29
f 4941//29 3060//29 3054//29
f 4941//29 3047//29 3061//29
f 3056//29 3051//29 3043//29
f 3059//29 3057//29 4940//29
f 3061//29 3060//29 4941//29
f 3058//29 3052//29 4940//29
f 3047//29 4941//29 3040//29
f 4942//29 4943//29 3062//29
f 4943//29 3063//29 3062//29
f 4942//29 3064//29 3065//29
f 4942//29 3066//29 3067//29
f 3062//29 3068//29 4942//29
f 3067//29 3064//29 4942//29
f 4943//29 3069//29 3063//29
f 4943//29 3070//29 3071//29
f 4943//29 3072//29 3073//29
f 3072//29 3074//29 3075//29
f 3076//29 3077//29 3078//29
f 3076//29 3079//29 3080//29
f 3068//29 3066//29 4942//29
f 3073//29 3070//29 4943//29
f 3075//29 3081//29 3072//29
f 3072//29 3078//29 3082//29
f 3076//29 3083//29 3077//29
f 3076//29 3065//29 3079//29
f 3071//29 3069//29 4943//29
f 3082//29 3074//29 3072//29
f 3080//29 3083//29 3076//29
f 3081//29 3073//29 3072//29
f 3065//29 3076//29 4942//29
f 4940//29 3043//29 3084//29
f 4944//29 3084//29 3085//29
f 4945//29 3085//29 3086//29
f 4946//29 3086//29 3087//29
f 3087//29 3088//29 3089//29
f 3089//29 3090//29 3087//29
f 3088//29 3091//29 3089//29
f 3090//29 3092//29 3087//29
f 4947//29 3087//29 3093//29
f 3092//29 3094//29 3087//29
f 4948//29 4947//29 3095//29
f 3087//29 3096//29 3093//29
f 3088//29 3097//29 3091//29
f 3088//29 4948//29 3098//29
f 3095//29 3099//29 4948//29
f 4947//29 3100//29 3101//29
f 3094//29 3096//29 3087//29
f 3098//29 3102//29 3088//29
f 4948//29 3103//29 3104//29
f 3099//29 3105//29 4948//29
f 4947//29 3106//29 3100//29
f 4947//29 3107//29 3108//29
f 3102//29 3097//29 3088//29
f 3105//29 3103//29 4948//29
f 3108//29 3106//29 4947//29
f 3104//29 3098//29 4948//29
f 3093//29 3107//29 4947//29
f 3088//29 3109//29 3110//29
f 4949//29 3111//29 3112//29
f 4948//29 3113//29 3114//29
f 4948//29 3115//29 3116//29
f 4948//29 3110//29 3117//29
f 3088//29 3118//29 3109//29
f 3088//29 3119//29 3120//29
f 3121//29 3122//29 3119//29
f 3121//29 3123//29 3124//29
f 4949//29 3125//29 3111//29
f 3116//29 3113//29 4948//29
f 3110//29 4948//29 3088//29
f 3119//29 3088//29 3121//29
f 3124//29 3126//29 3121//29
f 4949//29 3127//29 3128//29
f 4949//29 3114//29 3125//29
f 3117//29 3115//29 4948//29
f 3126//29 3122//29 3121//29
f 3128//29 3121//29 4949//29
f 3112//29 3129//29 4949//29
f 3120//29 3118//29 3088//29
f 3129//29 3127//29 4949//29
f 3128//29 3123//29 3121//29
f 4949//29 3130//29 3131//29
f 4950//29 3132//29 3133//29
f 4949//29 3134//29 3135//29
f 4949//29 3136//29 3130//29
f 4949//29 4951//29 3137//29
f 4951//29 3138//29 3139//29
f 4951//29 4952//29 3140//29
f 4950//29 3135//29 3132//29
f 3131//29 3134//29 4949//29
f 4951//29 3141//29 3137//29
f 3140//29 3138//29 4951//29
f 4952//29 3142//29 3143//29
f 4950//29 3144//29 3145//29
f 3133//29 3146//29 4950//29
f 3137//29 3136//29 4949//29
f 3139//29 3147//29 4951//29
f 3143//29 3148//29 4952//29
f 3146//29 3144//29 4950//29
f 3147//29 3141//29 4951//29
f 4952//29 3149//29 3142//29
f 3135//29 4950//29 4949//29
f 4952//29 3145//29 3149//29
f 3148//29 3140//29 4952//29
f 4949//29 3121//29 3150//29
f 4952//29 4951//29 4953//29
f 4951//29 3150//29 3151//29
f 4954//29 4955//29 3152//29
f 4954//29 3153//29 3154//29
f 4955//29 3155//29 3152//29
f 4954//29 3156//29 3157//29
f 3152//29 3153//29 4954//29
f 4955//29 3158//29 3159//29
f 4954//29 3160//29 3156//29
f 3159//29 3155//29 4955//29
f 4955//29 3161//29 3162//29
f 3161//29 3163//29 3164//29
f 3165//29 3166//29 3167//29
f 3165//29 3168//29 3169//29
f 3154//29 3160//29 4954//29
f 3162//29 3170//29 4955//29
f 3161//29 3171//29 3172//29
f 3161//29 3167//29 3163//29
f 3169//29 3166//29 3165//29
f 3165//29 3157//29 3173//29
f 3170//29 3158//29 4955//29
f 3164//29 3171//29 3161//29
f 3173//29 3168//29 3165//29
f 3172//29 3162//29 3161//29
f 3157//29 3165//29 4954//29
f 4953//29 3151//29 3174//29
f 3174//29 3175//29 3176//29
f 3174//29 3177//29 3178//29
f 4956//29 3179//29 3180//29
f 4957//29 3181//29 3182//29
f 4957//29 3183//29 3184//29
f 4957//29 3176//29 3185//29
f 3174//29 3186//29 3175//29
f 3178//29 3187//29 3174//29
f 3177//29 3188//29 3189//29
f 4956//29 3190//29 3179//29
f 3184//29 3181//29 4957//29
f 3176//29 4957//29 3174//29
f 3177//29 3191//29 3178//29
f 3189//29 3192//29 3177//29
f 3177//29 4956//29 3193//29
f 4956//29 3182//29 3190//29
f 3185//29 3183//29 4957//29
f 3192//29 3191//29 3177//29
f 3193//29 3194//29 3177//29
f 3180//29 3195//29 4956//29
f 3187//29 3186//29 3174//29
f 3195//29 3193//29 4956//29
f 3194//29 3188//29 3177//29
f 4956//29 3177//29 3196//29
f 4958//29 3196//29 3197//29
f 4959//29 3197//29 3198//29
f 4960//29 3198//29 3199//29
f 4961//29 3200//29 3201//29
f 4960//29 3202//29 3203//29
f 4960//29 3204//29 3205//29
f 3198//29 3206//29 3199//29
f 3198//29 3207//29 3208//29
f 3198//29 3209//29 3210//29
f 3209//29 3211//29 3212//29
f 4961//29 3213//29 3200//29
f 4961//29 4960//29 3214//29
f 3203//29 3215//29 4960//29
f 3199//29 3204//29 4960//29
f 3198//29 3216//29 3207//29
f 3212//29 3210//29 3209//29
f 3209//29 4961//29 3217//29
f 3214//29 3213//29 4961//29
f 3205//29 3202//29 4960//29
f 3210//29 3216//29 3198//29
f 3217//29 3218//29 3209//29
f 3201//29 3219//29 4961//29
f 3208//29 3206//29 3198//29
f 3219//29 3217//29 4961//29
f 3218//29 3211//29 3209//29
f 3220//29 4962//29 4963//29
f 4961//29 3209//29 3221//29
f 4964//29 3222//29 3223//29
f 4963//29 3224//29 3225//29
f 3223//29 4963//29 4964//29
f 3223//29 3224//29 4963//29
f 4964//29 3226//29 3227//29
f 4963//29 3228//29 3229//29
f 3227//29 3222//29 4964//29
f 4964//29 3230//29 3231//29
f 3230//29 3232//29 3233//29
f 3230//29 3234//29 3235//29
f 3234//29 3236//29 3237//29
f 3234//29 4963//29 3238//29
f 3225//29 3228//29 4963//29
f 3231//29 3239//29 4964//29
f 3230//29 3240//29 3241//29
f 3235//29 3232//29 3230//29
f 3237//29 3242//29 3234//29
f 3238//29 3243//29 3234//29
f 3239//29 3226//29 4964//29
f 3233//29 3240//29 3230//29
f 3243//29 3236//29 3234//29
f 3241//29 3231//29 3230//29
f 3229//29 3238//29 4963//29
f 3242//29 3235//29 3234//29
f 4965//29 3221//29 3244//29
f 3244//29 3245//29 3246//29
f 3244//29 3247//29 3248//29
f 3244//29 3249//29 3245//29
f 3248//29 3250//29 3244//29
f 3247//29 3251//29 3252//29
f 4966//29 3253//29 3254//29
f 3244//29 3255//29 3249//29
f 3252//29 3248//29 3247//29
f 3254//29 3247//29 4966//29
f 4966//29 3256//29 3257//29
f 4967//29 3258//29 3259//29
f 4967//29 3260//29 3261//29
f 3250//29 3255//29 3244//29
f 3254//29 3262//29 3247//29
f 3257//29 3263//29 4966//29
f 4966//29 3259//29 3264//29
f 4967//29 3265//29 3258//29
f 4967//29 3246//29 3260//29
f 3262//29 3251//29 3247//29
f 3264//29 3256//29 4966//29
f 3261//29 3265//29 4967//29
f 3263//29 3253//29 4966//29
f 3246//29 4967//29 3244//29
f 4966//29 3247//29 3266//29
f 4968//29 3266//29 3267//29
f 3267//29 3268//29 3269//29
f 3267//29 3270//29 3271//29
f 3267//29 3272//29 3268//29
f 3270//29 3273//29 3271//29
f 3270//29 3274//29 3275//29
f 3270//29 4969//29 3276//29
f 3267//29 3277//29 3272//29
f 3275//29 3273//29 3270//29
f 3276//29 3278//29 3270//29
f 4969//29 3279//29 3280//29
f 4970//29 3281//29 3282//29
f 4970//29 3283//29 3284//29
f 3271//29 3277//29 3267//29
f 3278//29 3285//29 3270//29
f 3280//29 3286//29 4969//29
f 4969//29 3282//29 3287//29
f 4970//29 3288//29 3281//29
f 4970//29 3269//29 3283//29
f 3285//29 3274//29 3270//29
f 3287//29 3279//29 4969//29
f 3284//29 3288//29 4970//29
f 3286//29 3276//29 4969//29
f 3269//29 4970//29 3267//29
f 3289//29 3290//29 3291//29
f 3289//29 3292//29 3293//29
f 3289//29 3294//29 3295//29
f 4971//29 4972//29 3296//29
f 3293//29 3290//29 3289//29
f 3294//29 3297//29 3295//29
f 4971//29 3298//29 3299//29
f 3296//29 3300//29 4971//29
f 4972//29 3301//29 3302//29
f 4972//29 3303//29 3304//29
f 3295//29 3292//29 3289//29
f 3294//29 3305//29 3306//29
f 3300//29 3298//29 4971//29
f 3304//29 3301//29 4972//29
f 4972//29 3289//29 3307//29
f 3306//29 3297//29 3294//29
f 3294//29 4971//29 3308//29
f 3302//29 3296//29 4972//29
f 3307//29 3309//29 4972//29
f 3308//29 3305//29 3294//29
f 3299//29 3310//29 4971//29
f 3291//29 3307//29 3289//29
f 3309//29 3303//29 4972//29
f 4972//29 3311//29 3312//29
f 4972//29 4973//29 3313//29
f 3313//29 3311//29 4972//29
f 4973//29 3314//29 3315//29
f 3289//29 3316//29 3317//29
f 3315//29 3313//29 4973//29
f 3289//29 3318//29 3316//29
f 4973//29 3319//29 3314//29
f 4973//29 3320//29 3321//29
f 3322//29 3323//29 3324//29
f 3317//29 3322//29 3289//29
f 4972//29 3325//29 3326//29
f 3321//29 3319//29 4973//29
f 3322//29 3327//29 3320//29
f 3317//29 3323//29 3322//29
f 3289//29 4972//29 3328//29
f 3312//29 3325//29 4972//29
f 3322//29 3329//29 3327//29
f 3289//29 3330//29 3318//29
f 3328//29 3331//29 3289//29
f 3320//29 4973//29 3322//29
f 3331//29 3330//29 3289//29
f 3324//29 3329//29 3322//29
f 3332//29 3333//29 3334//29
f 3335//29 3336//29 3333//29
f 3270//29 3337//29 3338//29
f 3336//29 3335//29 3339//29
f 3338//29 4969//29 3270//29
f 3270//29 3340//29 3341//29
f 3339//29 3270//29 3336//29
f 3270//29 3342//29 3337//29
f 3339//29 3340//29 3270//29
f 4969//29 3343//29 3344//29
f 3341//29 3342//29 3270//29
f 3338//29 3343//29 4969//29
f 4974//29 3345//29 3346//29
f 3346//29 3347//29 3348//29
f 3346//29 3349//29 3347//29
f 3350//29 3351//29 3352//29
f 3350//29 4975//29 3353//29
f 4975//29 3354//29 3355//29
f 3348//29 4976//29 3346//29
f 3346//29 3352//29 3356//29
f 3350//29 3357//29 3351//29
f 3355//29 3353//29 4975//29
f 4975//29 4976//29 3358//29
f 3346//29 3359//29 3349//29
f 3352//29 3346//29 3350//29
f 4975//29 3360//29 3354//29
f 3358//29 3361//29 4975//29
f 4976//29 3362//29 3363//29
f 3356//29 3359//29 3346//29
f 3350//29 3364//29 3365//29
f 3361//29 3360//29 4975//29
f 3348//29 3362//29 4976//29
f 3353//29 3364//29 3350//29
f 4976//29 3366//29 3367//29
f 3365//29 3357//29 3350//29
f 3363//29 3366//29 4976//29
f 4977//29 3368//29 3369//29
f 3368//29 3370//29 3371//29
f 4977//29 3372//29 3373//29
f 3368//29 3374//29 3369//29
f 3371//29 3375//29 3368//29
f 4977//29 3376//29 3372//29
f 3375//29 3374//29 3368//29
f 3369//29 3376//29 4977//29
f 3377//29 4978//29 3378//29
f 4978//29 3379//29 3378//29
f 4978//29 3380//29 3381//29
f 4979//29 3382//29 3383//29
f 4979//29 3384//29 3385//29
f 3378//29 3386//29 3377//29
f 4978//29 3383//29 3380//29
f 3385//29 3382//29 4979//29
f 3377//29 3387//29 3388//29
f 3377//29 3389//29 3390//29
f 4978//29 3391//29 3379//29
f 3383//29 4978//29 4979//29
f 3373//29 3392//29 3393//29
f 3394//29 3395//29 3396//29
f 3390//29 3387//29 3377//29
f 3381//29 3391//29 4978//29
f 3393//29 4979//29 3373//29
f 3394//29 3373//29 3395//29
f 3386//29 3389//29 3377//29
f 3393//29 3397//29 4979//29
f 3373//29 3394//29 3398//29
f 3396//29 3388//29 3399//29
f 3397//29 3384//29 4979//29
f 3396//29 3399//29 3394//29
f 3398//29 3392//29 3373//29
f 3400//29 4980//29 4978//29
f 3401//29 3402//29 3403//29
f 3404//29 3403//29 3405//29
f 3405//29 3370//29 3404//29
f 3405//29 3406//29 3370//29
f 3407//29 3408//29 3409//29
f 3410//29 3409//29 3411//29
f 3412//29 3411//29 3413//29
f 4962//29 3220//29 3414//29
f 3414//29 3415//29 4962//29
f 3220//29 3416//29 3417//29
f 4981//29 4962//29 3418//29
f 3415//29 3419//29 4962//29
f 3220//29 3420//29 3416//29
f 3421//29 3413//29 3422//29
f 4962//29 3423//29 3418//29
f 3419//29 3424//29 4962//29
f 3220//29 3425//29 3420//29
f 3422//29 3220//29 3421//29
f 3424//29 3423//29 4962//29
f 3422//29 3425//29 3220//29
f 3417//29 3414//29 3220//29
f 3426//29 4982//29 4983//29
f 3407//29 3161//29 3427//29
f 4982//29 3426//29 3428//29
f 3161//29 3429//29 3427//29
f 3428//29 4955//29 4982//29
f 3161//29 3430//29 3429//29
f 4955//29 3431//29 3432//29
f 3428//29 3433//29 4955//29
f 3161//29 3434//29 3430//29
f 3161//29 3432//29 3435//29
f 4955//29 3436//29 3431//29
f 3433//29 3437//29 4955//29
f 3435//29 3434//29 3161//29
f 3437//29 3436//29 4955//29
f 3432//29 3161//29 4955//29
f 3438//29 3439//29 3440//29
f 3441//29 3440//29 3442//29
f 3443//29 3442//29 3444//29
f 3445//29 3444//29 3446//29
f 3446//29 3447//29 3445//29
f 3446//29 3448//29 3447//29
f 3448//29 3449//29 3447//29
f 4954//29 3450//29 3451//29
f 4954//29 3165//29 3452//29
f 3165//29 3447//29 3453//29
f 3452//29 3450//29 4954//29
f 3453//29 3454//29 3165//29
f 3454//29 3452//29 3165//29
f 3455//29 3456//29 3457//29
f 4984//29 3458//29 3459//29
f 4984//29 4985//29 3460//29
f 4985//29 3461//29 3462//29
f 3457//29 3463//29 3455//29
f 3464//29 4984//29 3465//29
f 3459//29 3466//29 4984//29
f 3460//29 3467//29 4984//29
f 4985//29 3468//29 3469//29
f 3462//29 3470//29 4985//29
f 3451//29 3471//29 3461//29
f 3451//29 3472//29 3473//29
f 3472//29 3474//29 3456//29
f 3457//29 3464//29 3475//29
f 3465//29 3476//29 3464//29
f 3467//29 3458//29 4984//29
f 3470//29 3468//29 4985//29
f 3473//29 3471//29 3451//29
f 3472//29 3451//29 3474//29
f 3464//29 3477//29 3475//29
f 3476//29 3478//29 3464//29
f 3469//29 3460//29 4985//29
f 3455//29 3472//29 3456//29
f 3478//29 3477//29 3464//29
f 3461//29 4985//29 3451//29
f 3466//29 3465//29 4984//29
f 3479//29 4986//29 4984//29
f 3480//29 4987//29 4986//29
f 3072//29 3481//29 3482//29
f 4943//29 3483//29 3484//29
f 3072//29 3485//29 3481//29
f 3484//29 3072//29 4943//29
f 4943//29 4988//29 3486//29
f 3484//29 3485//29 3072//29
f 3486//29 3487//29 4943//29
f 3487//29 3483//29 4943//29
f 3488//29 3489//29 3490//29
f 3490//29 3438//29 3488//29
f 3488//29 3482//29 3489//29
f 3491//29 3492//29 3493//29
f 3494//29 3493//29 3495//29
f 3496//29 3495//29 3497//29
f 4989//29 4942//29 3498//29
f 4942//29 3499//29 3498//29
f 4942//29 3500//29 3499//29
f 4942//29 3076//29 3501//29
f 4942//29 3502//29 3500//29
f 3076//29 3503//29 3501//29
f 3504//29 3497//29 3505//29
f 4942//29 3506//29 3502//29
f 3076//29 3507//29 3503//29
f 3076//29 3508//29 3509//29
f 3505//29 3076//29 3504//29
f 3501//29 3506//29 4942//29
f 3505//29 3508//29 3076//29
f 3509//29 3507//29 3076//29
f 3510//29 4990//29 4989//29
f 3004//29 3511//29 3512//29
f 4934//29 3513//29 3514//29
f 3512//29 3515//29 3004//29
f 3514//29 3004//29 4934//29
f 4934//29 3516//29 3517//29
f 3491//29 3004//29 3518//29
f 3514//29 3511//29 3004//29
f 4934//29 3519//29 3516//29
f 3004//29 3520//29 3518//29
f 3517//29 3513//29 4934//29
f 4991//29 3521//29 3522//29
f 3515//29 3520//29 3004//29
f 3522//29 4934//29 4991//29
f 3522//29 3519//29 4934//29
f 3523//29 3524//29 3525//29
f 3526//29 3525//29 3527//29
f 3528//29 3527//29 3529//29
f 4932//29 3530//29 3531//29
f 4932//29 2992//29 3532//29
f 3531//29 3533//29 4932//29
f 2992//29 3534//29 3532//29
f 2992//29 3535//29 3536//29
f 4992//29 4932//29 3537//29
f 3532//29 3530//29 4932//29
f 2992//29 3538//29 3535//29
f 4932//29 3539//29 3537//29
f 3536//29 3534//29 2992//29
f 3540//29 3529//29 3541//29
f 3533//29 3539//29 4932//29
f 3541//29 2992//29 3540//29
f 3541//29 3538//29 2992//29
f 3542//29 4993//29 4994//29
f 4977//29 4993//29 809//29
f 809//29 807//29 4977//29
f 3543//29 815//29 813//29
f 3543//29 3544//29 817//29
f 811//29 3545//29 3546//29
f 4993//29 3547//29 3545//29
f 823//29 3548//29 3549//29
f 819//29 817//29 3544//29
f 3548//29 823//29 821//29
f 4977//29 839//29 837//29
f 4977//29 843//29 841//29
f 807//29 844//29 4977//29
f 817//29 815//29 3543//29
f 3545//29 811//29 4993//29
f 3523//29 823//29 3550//29
f 3549//29 3551//29 823//29
f 821//29 819//29 3548//29
f 841//29 839//29 4977//29
f 4993//29 811//29 809//29
f 3546//29 3543//29 811//29
f 4993//29 3542//29 3552//29
f 3550//29 3553//29 3523//29
f 3544//29 3548//29 819//29
f 3368//29 827//29 825//29
f 3368//29 835//29 833//29
f 844//29 843//29 4977//29
f 3552//29 3547//29 4993//29
f 3551//29 3550//29 823//29
f 825//29 3523//29 3368//29
f 3368//29 831//29 829//29
f 3368//29 837//29 835//29
f 813//29 811//29 3543//29
f 825//29 823//29 3523//29
f 833//29 831//29 3368//29
f 3553//29 3524//29 3523//29
f 837//29 3368//29 4977//29
f 4995//29 3554//29 3555//29
f 4996//29 4997//29 3556//29
f 4997//29 3557//29 3558//29
f 3555//29 4997//29 4995//29
f 3558//29 3556//29 4997//29
f 3555//29 3559//29 4997//29
f 3559//29 3557//29 4997//29
f 4978//29 3560//29 3561//29
f 4995//29 4978//29 3562//29
f 4978//29 3563//29 3560//29
f 4978//29 4980//29 3564//29
f 4978//29 3565//29 3562//29
f 3564//29 3563//29 4978//29
f 3561//29 3565//29 4978//29
f 3486//29 4988//29 3566//29
f 3567//29 3568//29 3569//29
f 4988//29 3570//29 3566//29
f 4988//29 4998//29 3571//29
f 3569//29 3572//29 3567//29
f 3573//29 3574//29 3575//29
f 3566//29 3576//29 3486//29
f 3571//29 3577//29 4988//29
f 3575//29 3568//29 3573//29
f 4988//29 3578//29 3570//29
f 4998//29 3579//29 3571//29
f 3567//29 3573//29 3568//29
f 3577//29 3578//29 4988//29
f 3576//29 3574//29 3486//29
f 4987//29 3580//29 3581//29
f 3480//29 3582//29 3583//29
f 4987//29 3584//29 3580//29
f 3583//29 4987//29 3480//29
f 3572//29 3569//29 3585//29
f 3581//29 4998//29 4987//29
f 3583//29 3586//29 4987//29
f 3480//29 3587//29 3588//29
f 3585//29 3480//29 3572//29
f 3586//29 3584//29 4987//29
f 3585//29 3587//29 3480//29
f 3588//29 3582//29 3480//29
f 3589//29 4983//29 3590//29
f 3591//29 3589//29 3592//29
f 3590//29 3593//29 3589//29
f 4983//29 3594//29 3595//29
f 4983//29 4999//29 3596//29
f 3589//29 3597//29 3592//29
f 3593//29 3598//29 3589//29
f 3595//29 3599//29 4983//29
f 4999//29 3600//29 3596//29
f 3598//29 3597//29 3589//29
f 3596//29 3594//29 4983//29
f 3599//29 3590//29 4983//29
f 4981//29 3601//29 3602//29
f 4981//29 3603//29 3604//29
f 3605//29 3606//29 3603//29
f 3605//29 3607//29 3608//29
f 3591//29 3609//29 3610//29
f 3602//29 4999//29 4981//29
f 3604//29 3611//29 4981//29
f 3608//29 3606//29 3605//29
f 3610//29 3605//29 3591//29
f 3611//29 3601//29 4981//29
f 3610//29 3607//29 3605//29
f 3603//29 4981//29 3605//29
f 4927//29 3612//29 3613//29
f 3613//29 5000//29 4927//29
f 3613//29 3614//29 5000//29
f 4927//29 3615//29 3616//29
f 4927//29 4929//29 3617//29
f 5001//29 5000//29 3618//29
f 5000//29 3619//29 3620//29
f 4927//29 3621//29 3612//29
f 3617//29 3615//29 4927//29
f 3620//29 3618//29 5000//29
f 3616//29 3621//29 4927//29
f 3614//29 3619//29 5000//29
f 4930//29 5002//29 3622//29
f 4930//29 3623//29 3617//29
f 4930//29 3624//29 3625//29
f 5002//29 3626//29 3622//29
f 5002//29 3627//29 3628//29
f 3625//29 3623//29 4930//29
f 3622//29 3629//29 4930//29
f 5002//29 3630//29 3627//29
f 5001//29 3631//29 3630//29
f 3629//29 3624//29 4930//29
f 3630//29 5002//29 5001//29
f 3628//29 3626//29 5002//29
f 4937//29 3632//29 3633//29
f 3633//29 5003//29 4937//29
f 3633//29 3634//29 5003//29
f 4937//29 3635//29 3636//29
f 4937//29 4938//29 3637//29
f 5004//29 5003//29 3638//29
f 5003//29 3639//29 3640//29
f 4937//29 3641//29 3632//29
f 3637//29 3635//29 4937//29
f 3640//29 3638//29 5003//29
f 3636//29 3641//29 4937//29
f 3634//29 3639//29 5003//29
f 4939//29 5005//29 3642//29
f 4939//29 3643//29 3637//29
f 4939//29 3644//29 3645//29
f 5005//29 3646//29 3642//29
f 5005//29 3647//29 3648//29
f 3645//29 3643//29 4939//29
f 3642//29 3649//29 4939//29
f 5005//29 3650//29 3647//29
f 5004//29 3651//29 3650//29
f 3649//29 3644//29 4939//29
f 3650//29 5005//29 5004//29
f 3648//29 3646//29 5005//29
f 4945//29 3652//29 3653//29
f 3653//29 5006//29 4945//29
f 3653//29 3654//29 5006//29
f 4945//29 3655//29 3656//29
f 4945//29 4946//29 3657//29
f 5007//29 5006//29 3658//29
f 5006//29 3659//29 3660//29
f 4945//29 3661//29 3652//29
f 3657//29 3655//29 4945//29
f 3660//29 3658//29 5006//29
f 3656//29 3661//29 4945//29
f 3654//29 3659//29 5006//29
f 4947//29 5008//29 3662//29
f 4947//29 3663//29 3657//29
f 4947//29 3664//29 3665//29
f 5008//29 3666//29 3662//29
f 5008//29 3667//29 3668//29
f 3665//29 3663//29 4947//29
f 3662//29 3669//29 4947//29
f 5008//29 3670//29 3667//29
f 5007//29 3671//29 3670//29
f 3669//29 3664//29 4947//29
f 3670//29 5008//29 5007//29
f 3668//29 3666//29 5008//29
f 5009//29 3672//29 3673//29
f 4958//29 3674//29 3675//29
f 5009//29 3676//29 3672//29
f 4958//29 3677//29 3676//29
f 4958//29 3678//29 3674//29
f 5010//29 5009//29 3679//29
f 3673//29 3680//29 5009//29
f 3675//29 3677//29 4958//29
f 4958//29 4959//29 3681//29
f 3680//29 3679//29 5009//29
f 3681//29 3678//29 4958//29
f 3676//29 5009//29 4958//29
f 4960//29 3682//29 3683//29
f 4960//29 5011//29 3684//29
f 5011//29 3685//29 3686//29
f 3684//29 3682//29 4960//29
f 3686//29 3687//29 5011//29
f 4960//29 3688//29 3681//29
f 3683//29 3689//29 4960//29
f 5011//29 3690//29 3685//29
f 5010//29 3691//29 3690//29
f 3689//29 3688//29 4960//29
f 3690//29 5011//29 5010//29
f 3687//29 3684//29 5011//29
f 5012//29 3692//29 3693//29
f 5013//29 5012//29 3694//29
f 3693//29 3695//29 5012//29
f 4966//29 3696//29 3697//29
f 4966//29 3698//29 3699//29
f 3695//29 3694//29 5012//29
f 3697//29 5012//29 4966//29
f 4966//29 3700//29 3698//29
f 4966//29 4968//29 3701//29
f 3697//29 3692//29 5012//29
f 3701//29 3700//29 4966//29
f 3699//29 3696//29 4966//29
f 4970//29 3702//29 3703//29
f 4970//29 3704//29 3701//29
f 3703//29 3705//29 4970//29
f 4970//29 5014//29 3706//29
f 5014//29 3707//29 3708//29
f 3705//29 3704//29 4970//29
f 5014//29 3709//29 3706//29
f 5014//29 3710//29 3707//29
f 5013//29 3711//29 3710//29
f 3706//29 3702//29 4970//29
f 3710//29 5014//29 5013//29
f 3708//29 3709//29 5014//29
f 3521//29 4991//29 3712//29
f 4991//29 3713//29 3712//29
f 4991//29 5015//29 3714//29
f 3712//29 3715//29 3521//29
f 3714//29 3716//29 4991//29
f 3717//29 3521//29 3718//29
f 3521//29 3719//29 3720//29
f 4991//29 3721//29 3713//29
f 5015//29 3722//29 3714//29
f 3720//29 3718//29 3521//29
f 3716//29 3721//29 4991//29
f 3715//29 3719//29 3521//29
f 4990//29 3723//29 3724//29
f 3510//29 3725//29 3726//29
f 4990//29 3727//29 3723//29
f 3726//29 4990//29 3510//29
f 3717//29 3728//29 3729//29
f 3724//29 5015//29 4990//29
f 3726//29 3730//29 4990//29
f 3510//29 3731//29 3732//29
f 3729//29 3510//29 3717//29
f 3730//29 3727//29 4990//29
f 3729//29 3731//29 3510//29
f 3732//29 3725//29 3510//29
f 3733//29 4994//29 3734//29
f 4994//29 3735//29 3734//29
f 4994//29 5016//29 3736//29
f 3734//29 3737//29 3733//29
f 3736//29 3738//29 4994//29
f 3739//29 3733//29 3740//29
f 3733//29 3741//29 3742//29
f 4994//29 3743//29 3735//29
f 5016//29 3744//29 3736//29
f 3742//29 3740//29 3733//29
f 3738//29 3743//29 4994//29
f 3737//29 3741//29 3733//29
f 4992//29 3745//29 3746//29
f 3747//29 3748//29 3749//29
f 4992//29 3750//29 3745//29
f 3749//29 4992//29 3747//29
f 3739//29 3751//29 3752//29
f 3746//29 5016//29 4992//29
f 3749//29 3753//29 4992//29
f 3747//29 3754//29 3755//29
f 3752//29 3747//29 3739//29
f 3753//29 3750//29 4992//29
f 3752//29 3754//29 3747//29
f 3755//29 3748//29 3747//29
f 5017//29 3756//29 3757//29
f 5017//29 3758//29 3759//29
f 3759//29 3756//29 5017//29
f 5017//29 3760//29 3758//29
f 3334//29 3761//29 3762//29
f 3763//29 5018//29 3764//29
f 3761//29 3765//29 3762//29
f 3761//29 3763//29 3766//29
f 3764//29 3767//29 3763//29
f 3766//29 3765//29 3761//29
f 3767//29 3768//29 3763//29
f 5018//29 3769//29 3770//29
f 3768//29 3766//29 3763//29
f 3770//29 3771//29 5018//29
f 3771//29 3764//29 5018//29
f 5019//29 3763//29 3772//29
f 5020//29 3773//29 3774//29
f 5020//29 3772//29 3773//29
f 3774//29 3775//29 5020//29
f 4973//29 5020//29 3776//29
f 5020//29 3777//29 3776//29
f 4971//29 3778//29 3779//29
f 3779//29 3780//29 4971//29
f 4971//29 3781//29 3778//29
f 3780//29 3782//29 4971//29
f 4971//29 3294//29 3781//29
f 5001//29 3783//29 3784//29
f 5021//29 3785//29 3786//29
f 5001//29 3787//29 3783//29
f 5001//29 3788//29 3789//29
f 3786//29 5001//29 5021//29
f 3784//29 5000//29 5001//29
f 3786//29 3788//29 5001//29
f 3789//29 3787//29 5001//29
f 5022//29 3790//29 3791//29
f 3792//29 3793//29 3794//29
f 3791//29 3795//29 5022//29
f 3794//29 3796//29 3792//29
f 5022//29 3797//29 3798//29
f 3790//29 3799//29 3791//29
f 3799//29 3790//29 3793//29
f 3792//29 3800//29 3793//29
f 3795//29 3797//29 5022//29
f 3794//29 3801//29 3796//29
f 3793//29 3800//29 3799//29
f 3802//29 3803//29 3796//29
f 3798//29 3804//29 5022//29
f 4993//29 3805//29 3806//29
f 3801//29 3807//29 3796//29
f 3802//29 4994//29 3808//29
f 4994//29 3809//29 3810//29
f 3806//29 4994//29 4993//29
f 5022//29 3811//29 3790//29
f 4994//29 3812//29 3808//29
f 3806//29 3809//29 4994//29
f 3808//29 3803//29 3802//29
f 3810//29 3813//29 4994//29
f 3813//29 3812//29 4994//29
f 5016//29 3814//29 3815//29
f 5016//29 4994//29 3816//29
f 5021//29 5016//29 3817//29
f 5016//29 3818//29 3814//29
f 4994//29 3802//29 3816//29
f 5016//29 3819//29 3817//29
f 3816//29 3818//29 5016//29
f 3815//29 3819//29 5016//29
f 3820//29 3821//29 3822//29
f 3823//29 3824//29 3820//29
f 5022//29 3825//29 3824//29
f 3826//29 3827//29 3828//29
f 3824//29 3823//29 5022//29
f 5022//29 3829//29 3830//29
f 3822//29 3821//29 3826//29
f 3830//29 3825//29 5022//29
f 3827//29 3831//29 3828//29
f 5022//29 3832//29 3829//29
f 3822//29 3823//29 3820//29
f 3827//29 5000//29 3833//29
f 3827//29 3834//29 3831//29
f 3833//29 3834//29 3827//29
f 3827//29 3835//29 5000//29
f 3828//29 3822//29 3826//29
f 4928//29 4927//29 3836//29
f 4927//29 3837//29 3836//29
f 5000//29 3838//29 3839//29
f 4927//29 3840//29 3837//29
f 3839//29 4927//29 5000//29
f 3839//29 3840//29 4927//29
f 5000//29 3835//29 3841//29
f 3841//29 3838//29 5000//29
f 4978//29 3842//29 3843//29
f 4978//29 3844//29 3845//29
f 3843//29 4979//29 4978//29
f 3845//29 3846//29 4978//29
f 4995//29 3847//29 3848//29
f 3846//29 3842//29 4978//29
f 3848//29 4978//29 4995//29
f 3848//29 3844//29 4978//29
f 4977//29 3849//29 3850//29
f 4977//29 4979//29 3851//29
f 3851//29 3849//29 4977//29
f 3804//29 3852//29 3853//29
f 3804//29 3854//29 3855//29
f 4993//29 4977//29 3856//29
f 3855//29 3852//29 3804//29
f 4977//29 3857//29 3856//29
f 4977//29 3858//29 3859//29
f 4977//29 3855//29 3860//29
f 3853//29 5022//29 3804//29
f 3859//29 3857//29 4977//29
f 3855//29 3861//29 3860//29
f 3854//29 3861//29 3855//29
f 4977//29 3862//29 3858//29
f 3853//29 3863//29 5022//29
f 3860//29 3862//29 4977//29
f 3832//29 3864//29 3865//29
f 3832//29 5022//29 3866//29
f 3866//29 3864//29 3832//29
f 3865//29 5023//29 3867//29
f 3867//29 3868//29 3865//29
f 5022//29 3863//29 3866//29
f 5023//29 3869//29 3870//29
f 5023//29 3865//29 3871//29
f 3871//29 3869//29 5023//29
f 4995//29 4997//29 3872//29
f 5024//29 3873//29 3874//29
f 4997//29 3875//29 3872//29
f 4997//29 3876//29 3877//29
f 3874//29 4997//29 5024//29
f 3877//29 3875//29 4997//29
f 5024//29 3870//29 3873//29
f 3874//29 3876//29 4997//29
f 4932//29 3878//29 3879//29
f 4933//29 3879//29 3880//29
f 5025//29 5026//29 3881//29
f 3881//29 3882//29 5025//29
f 5026//29 3883//29 3881//29
f 3882//29 3884//29 5025//29
f 5026//29 3885//29 3886//29
f 3886//29 3883//29 5026//29
f 3884//29 3887//29 5025//29
f 5004//29 3888//29 3889//29
f 5027//29 3890//29 3891//29
f 5004//29 3892//29 3888//29
f 5004//29 3893//29 3894//29
f 3891//29 5004//29 5027//29
f 3889//29 5003//29 5004//29
f 3891//29 3893//29 5004//29
f 3894//29 3892//29 5004//29
f 3885//29 3895//29 3896//29
f 3896//29 3897//29 3885//29
f 3885//29 3898//29 3895//29
f 3899//29 3900//29 3897//29
f 3896//29 3901//29 3897//29
f 4934//29 3880//29 3902//29
f 3901//29 3903//29 3897//29
f 5026//29 3904//29 3898//29
f 3899//29 4991//29 3905//29
f 4991//29 3906//29 3907//29
f 3902//29 4991//29 4934//29
f 3898//29 3885//29 5026//29
f 4991//29 3908//29 3905//29
f 3902//29 3906//29 4991//29
f 3905//29 3900//29 3899//29
f 3907//29 3909//29 4991//29
f 3909//29 3908//29 4991//29
f 5027//29 5015//29 3910//29
f 5015//29 4991//29 3911//29
f 5015//29 3912//29 3910//29
f 5015//29 3913//29 3914//29
f 3911//29 3915//29 5015//29
f 3914//29 3912//29 5015//29
f 4991//29 3899//29 3911//29
f 3915//29 3913//29 5015//29
f 5026//29 3916//29 3917//29
f 5025//29 3918//29 3916//29
f 5025//29 3919//29 3920//29
f 3916//29 5026//29 5025//29
f 5025//29 3921//29 3919//29
f 3920//29 3918//29 5025//29
f 3917//29 3922//29 5026//29
f 3923//29 3924//29 3925//29
f 3924//29 3926//29 3925//29
f 3925//29 3927//29 3923//29
f 3924//29 5003//29 3928//29
f 3924//29 3929//29 3926//29
f 3928//29 3929//29 3924//29
f 5026//29 3923//29 3930//29
f 3924//29 3931//29 5003//29
f 3927//29 3930//29 3923//29
f 4936//29 4937//29 3932//29
f 4937//29 3933//29 3932//29
f 5003//29 3934//29 3935//29
f 4937//29 3936//29 3933//29
f 3935//29 4937//29 5003//29
f 3935//29 3936//29 4937//29
f 5003//29 3931//29 3937//29
f 3937//29 3934//29 5003//29
f 3938//29 4935//29 4936//29
f 3939//29 4931//29 4935//29
f 4931//29 3939//29 3940//29
f 5002//29 4930//29 3941//29
f 3940//29 4930//29 4931//29
f 4930//29 3942//29 3941//29
f 3940//29 3943//29 4930//29
f 5002//29 3944//29 3945//29
f 3943//29 3942//29 4930//29
f 3941//29 3944//29 5002//29
f 3946//29 3947//29 3948//29
f 3948//29 5025//29 3946//29
f 3921//29 5025//29 3949//29
f 5025//29 3950//29 3949//29
f 3921//29 3951//29 3952//29
f 3953//29 3954//29 3955//29
f 3952//29 3953//29 3921//29
f 5002//29 3956//29 3953//29
f 3952//29 3957//29 3953//29
f 3957//29 3954//29 3953//29
f 5021//29 5001//29 3958//29
f 5001//29 5002//29 3959//29
f 5001//29 3960//29 3958//29
f 5001//29 3961//29 3962//29
f 3959//29 3963//29 5001//29
f 3962//29 3960//29 5001//29
f 5002//29 3955//29 3959//29
f 3963//29 3961//29 5001//29
f 5016//29 3964//29 3965//29
f 5016//29 3966//29 3967//29
f 3965//29 4992//29 5016//29
f 3967//29 3968//29 5016//29
f 5021//29 3969//29 3970//29
f 3968//29 3964//29 5016//29
f 3970//29 5016//29 5021//29
f 3970//29 3966//29 5016//29
f 4932//29 4992//29 3971//29
f 4992//29 3972//29 3971//29
f 4992//29 3973//29 3974//29
f 3946//29 3975//29 3976//29
f 3974//29 3972//29 4992//29
f 3977//29 3978//29 3979//29
f 3975//29 3980//29 3976//29
f 4992//29 3981//29 3973//29
f 3979//29 4992//29 3977//29
f 3975//29 3982//29 3980//29
f 3977//29 3982//29 3975//29
f 3979//29 3981//29 4992//29
f 3975//29 3978//29 3977//29
f 3976//29 3947//29 3946//29
f 4989//29 3983//29 3984//29
f 4942//29 3984//29 3985//29
f 5028//29 3986//29 3987//29
f 5007//29 3988//29 3989//29
f 3987//29 5007//29 5028//29
f 5007//29 3990//29 3991//29
f 3987//29 3988//29 5007//29
f 3989//29 3990//29 5007//29
f 5029//29 3992//29 3993//29
f 5029//29 3994//29 3995//29
f 3992//29 3996//29 3993//29
f 3996//29 3992//29 3997//29
f 3995//29 3998//29 5029//29
f 3997//29 3999//29 3996//29
f 3993//29 3994//29 5029//29
f 3997//29 4000//29 4001//29
f 4001//29 3999//29 3997//29
f 5029//29 4002//29 3992//29
f 4003//29 4004//29 4005//29
f 4005//29 4000//29 4006//29
f 4988//29 4943//29 4007//29
f 4004//29 4003//29 4008//29
f 4006//29 4009//29 4005//29
f 4010//29 4988//29 4011//29
f 4007//29 4012//29 4988//29
f 4943//29 3985//29 4013//29
f 4005//29 4009//29 4003//29
f 4988//29 4014//29 4011//29
f 4013//29 4007//29 4943//29
f 4011//29 4004//29 4010//29
f 4012//29 4015//29 4988//29
f 4015//29 4014//29 4988//29
f 5028//29 4998//29 4016//29
f 4998//29 4017//29 4018//29
f 4998//29 4988//29 4010//29
f 4998//29 4019//29 4016//29
f 4010//29 4017//29 4998//29
f 4018//29 4019//29 4998//29
f 4020//29 4021//29 4022//29
f 4023//29 4024//29 4020//29
f 5029//29 4025//29 4024//29
f 5029//29 4026//29 4027//29
f 4024//29 4023//29 5029//29
f 5029//29 4028//29 4026//29
f 4022//29 4021//29 4029//29
f 4027//29 4025//29 5029//29
f 4022//29 4023//29 4020//29
f 4029//29 4030//29 4022//29
f 4031//29 4032//29 4033//29
f 4034//29 4032//29 4031//29
f 5006//29 4035//29 4034//29
f 4031//29 4036//29 4034//29
f 5006//29 3991//29 4035//29
f 4034//29 4036//29 5006//29
f 4945//29 4037//29 4038//29
f 4038//29 4944//29 4945//29
f 5006//29 4039//29 4040//29
f 4945//29 4041//29 4037//29
f 4040//29 4945//29 5006//29
f 4040//29 4041//29 4945//29
f 5006//29 4036//29 4042//29
f 4042//29 4039//29 5006//29
f 4043//29 4940//29 4944//29
f 4044//29 4941//29 4940//29
f 4941//29 4044//29 4045//29
f 5005//29 4939//29 4046//29
f 4045//29 4939//29 4941//29
f 4939//29 4047//29 4046//29
f 4045//29 4048//29 4939//29
f 5005//29 4049//29 4050//29
f 4048//29 4047//29 4939//29
f 4046//29 4049//29 5005//29
f 4028//29 4051//29 4052//29
f 4052//29 4053//29 4028//29
f 4053//29 4054//29 4055//29
f 4028//29 4056//29 4051//29
f 5005//29 4057//29 4053//29
f 4052//29 4058//29 4053//29
f 4058//29 4054//29 4053//29
f 5029//29 4059//29 4056//29
f 4056//29 4028//29 5029//29
f 5027//29 5004//29 4060//29
f 5004//29 5005//29 4061//29
f 5004//29 4062//29 4060//29
f 5004//29 4063//29 4064//29
f 4061//29 4065//29 5004//29
f 4064//29 4062//29 5004//29
f 5005//29 4055//29 4061//29
f 4065//29 4063//29 5004//29
f 5015//29 4066//29 4067//29
f 5027//29 4068//29 4069//29
f 5015//29 4070//29 4066//29
f 5015//29 4071//29 4072//29
f 4069//29 5015//29 5027//29
f 4067//29 4990//29 5015//29
f 4069//29 4071//29 5015//29
f 4072//29 4070//29 5015//29
f 4073//29 4074//29 4075//29
f 4989//29 4990//29 4076//29
f 4074//29 4077//29 4075//29
f 4990//29 4078//29 4076//29
f 4990//29 4079//29 4080//29
f 4075//29 4081//29 4073//29
f 4080//29 4078//29 4990//29
f 4082//29 4083//29 4084//29
f 4074//29 4085//29 4077//29
f 4082//29 4085//29 4074//29
f 4990//29 4086//29 4079//29
f 4084//29 4990//29 4082//29
f 5029//29 4073//29 4087//29
f 4074//29 4083//29 4082//29
f 4084//29 4086//29 4990//29
f 4081//29 4087//29 4073//29
f 4087//29 4059//29 5029//29
f 4088//29 4089//29 4090//29
f 4090//29 4091//29 4088//29
f 4092//29 4093//29 4089//29
f 4088//29 4094//29 4089//29
f 4093//29 4092//29 4095//29
f 4090//29 4096//29 4091//29
f 4089//29 4094//29 4092//29
f 4097//29 4098//29 4091//29
f 4095//29 5030//29 4093//29
f 4986//29 4099//29 4100//29
f 4096//29 4101//29 4091//29
f 4984//29 4102//29 4103//29
f 4100//29 4984//29 4986//29
f 5030//29 4104//29 4093//29
f 4097//29 4984//29 4105//29
f 4984//29 4106//29 4102//29
f 4100//29 4107//29 4984//29
f 4105//29 4098//29 4097//29
f 4107//29 4106//29 4984//29
f 4103//29 4105//29 4984//29
f 4108//29 4109//29 4110//29
f 4111//29 4112//29 4113//29
f 4114//29 5030//29 4115//29
f 4113//29 4112//29 4108//29
f 4115//29 4111//29 4114//29
f 4109//29 4116//29 4110//29
f 5030//29 4117//29 4115//29
f 4113//29 4114//29 4111//29
f 4109//29 4950//29 4118//29
f 4109//29 4119//29 4116//29
f 4118//29 4119//29 4109//29
f 4109//29 4120//29 4950//29
f 4110//29 4113//29 4108//29
f 4948//29 4949//29 4121//29
f 4950//29 4122//29 4123//29
f 4949//29 4124//29 4121//29
f 4950//29 4125//29 4122//29
f 4949//29 4126//29 4124//29
f 4123//29 4949//29 4950//29
f 4123//29 4126//29 4949//29
f 4950//29 4120//29 4125//29
f 4948//29 4127//29 4128//29
f 5008//29 4947//29 4129//29
f 4128//29 4947//29 4948//29
f 4947//29 4130//29 4129//29
f 4128//29 4131//29 4947//29
f 5008//29 4132//29 4133//29
f 4131//29 4130//29 4947//29
f 4129//29 4132//29 5008//29
f 4134//29 4135//29 4136//29
f 4137//29 4138//29 4117//29
f 4138//29 4137//29 4135//29
f 4136//29 4139//29 4134//29
f 4135//29 4140//29 4138//29
f 4134//29 4140//29 4135//29
f 4139//29 4141//29 4142//29
f 4136//29 4143//29 4139//29
f 5008//29 4144//29 4139//29
f 4117//29 5030//29 4137//29
f 4143//29 4141//29 4139//29
f 5030//29 4145//29 4137//29
f 5028//29 5007//29 4146//29
f 5007//29 5008//29 4147//29
f 5007//29 4148//29 4146//29
f 5007//29 4149//29 4150//29
f 4147//29 4151//29 5007//29
f 4150//29 4148//29 5007//29
f 5008//29 4142//29 4147//29
f 4151//29 4149//29 5007//29
f 4998//29 4152//29 4153//29
f 5028//29 4154//29 4155//29
f 4998//29 4156//29 4152//29
f 4998//29 4157//29 4158//29
f 4155//29 4998//29 5028//29
f 4153//29 4987//29 4998//29
f 4155//29 4157//29 4998//29
f 4158//29 4156//29 4998//29
f 4159//29 4160//29 4161//29
f 4162//29 4163//29 4159//29
f 4160//29 4164//29 4161//29
f 4165//29 4163//29 4162//29
f 4166//29 5030//29 4167//29
f 4162//29 4166//29 4165//29
f 5030//29 4095//29 4167//29
f 4167//29 4165//29 4166//29
f 4986//29 4987//29 4168//29
f 4160//29 4169//29 4164//29
f 4170//29 4169//29 4160//29
f 4987//29 4171//29 4168//29
f 4987//29 4172//29 4173//29
f 4170//29 4174//29 4175//29
f 4160//29 4174//29 4170//29
f 4173//29 4171//29 4987//29
f 4175//29 4987//29 4170//29
f 4161//29 4162//29 4159//29
f 4987//29 4176//29 4172//29
f 4166//29 4145//29 5030//29
f 4175//29 4176//29 4987//29
f 4955//29 4177//29 4178//29
f 5010//29 4179//29 4180//29
f 4180//29 5009//29 5010//29
f 5010//29 4181//29 4182//29
f 4182//29 4179//29 5010//29
f 5031//29 4183//29 4184//29
f 5010//29 4185//29 4181//29
f 4184//29 5010//29 5031//29
f 4184//29 4185//29 5010//29
f 4186//29 4187//29 4188//29
f 4188//29 4189//29 4186//29
f 4186//29 4190//29 4187//29
f 4982//29 4178//29 4191//29
f 4192//29 4193//29 4189//29
f 4188//29 4194//29 4189//29
f 4191//29 4983//29 4982//29
f 4194//29 4195//29 4189//29
f 5032//29 4196//29 4190//29
f 4191//29 4197//29 4983//29
f 4190//29 4186//29 5032//29
f 4192//29 4983//29 4198//29
f 4983//29 4199//29 4200//29
f 4197//29 4201//29 4983//29
f 4198//29 4193//29 4192//29
f 4201//29 4199//29 4983//29
f 4200//29 4198//29 4983//29
f 4999//29 4983//29 4202//29
f 4999//29 4203//29 4204//29
f 4983//29 4192//29 4202//29
f 5031//29 4999//29 4205//29
f 4202//29 4203//29 4999//29
f 4999//29 4206//29 4205//29
f 4204//29 4207//29 4999//29
f 4207//29 4206//29 4999//29
f 4208//29 4209//29 4210//29
f 4209//29 4211//29 4210//29
f 4210//29 4212//29 4208//29
f 4209//29 5009//29 4213//29
f 4209//29 4214//29 4211//29
f 4213//29 4214//29 4209//29
f 5032//29 4208//29 4215//29
f 4209//29 4216//29 5009//29
f 4212//29 4215//29 4208//29
f 4956//29 4958//29 4217//29
f 5009//29 4218//29 4219//29
f 4958//29 4220//29 4217//29
f 5009//29 4221//29 4218//29
f 4958//29 4222//29 4220//29
f 4219//29 4958//29 5009//29
f 4219//29 4222//29 4958//29
f 5009//29 4216//29 4221//29
f 4223//29 4957//29 4956//29
f 4953//29 4224//29 4225//29
f 4957//29 4223//29 4226//29
f 4225//29 5033//29 4953//29
f 4226//29 4953//29 4957//29
f 4953//29 4227//29 4224//29
f 4226//29 4228//29 4953//29
f 4228//29 4227//29 4953//29
f 4225//29 4229//29 5033//29
f 5032//29 4230//29 4231//29
f 4232//29 4233//29 4234//29
f 4231//29 4235//29 5032//29
f 4236//29 4237//29 4232//29
f 4238//29 4237//29 4236//29
f 5032//29 4239//29 4230//29
f 5032//29 4186//29 4240//29
f 4236//29 4235//29 4238//29
f 4240//29 4239//29 5032//29
f 4231//29 4238//29 4235//29
f 4234//29 4236//29 4232//29
f 4241//29 4242//29 4243//29
f 5032//29 4244//29 4245//29
f 4246//29 4247//29 4242//29
f 4243//29 4248//29 4241//29
f 5032//29 4249//29 4244//29
f 5032//29 4247//29 4250//29
f 4241//29 4251//29 4242//29
f 4250//29 4249//29 5032//29
f 4242//29 4251//29 4246//29
f 4246//29 4250//29 4247//29
f 5032//29 4252//29 4247//29
f 4248//29 4243//29 4253//29
f 5033//29 4254//29 4248//29
f 4952//29 5033//29 4255//29
f 4255//29 4256//29 4952//29
f 5033//29 4253//29 4257//29
f 4257//29 4255//29 5033//29
f 4950//29 4952//29 4258//29
f 4259//29 4260//29 4261//29
f 4258//29 4262//29 4950//29
f 4952//29 4263//29 4264//29
f 4261//29 4265//29 4259//29
f 4266//29 4267//29 4268//29
f 4264//29 4258//29 4952//29
f 4267//29 4266//29 4263//29
f 4266//29 4269//29 4265//29
f 4268//29 4270//29 4266//29
f 4263//29 4952//29 4267//29
f 4270//29 4269//29 4266//29
f 4261//29 4266//29 4265//29
f 4260//29 4259//29 4271//29
f 4985//29 4272//29 4273//29
f 4985//29 4984//29 4274//29
f 4275//29 4276//29 4277//29
f 4271//29 4275//29 4278//29
f 4985//29 4279//29 4272//29
f 4984//29 4097//29 4274//29
f 4275//29 4280//29 4276//29
f 4271//29 4278//29 4260//29
f 4274//29 4279//29 4985//29
f 4271//29 4280//29 4275//29
f 4273//29 4281//29 4985//29
f 4273//29 4275//29 4281//29
f 4985//29 4282//29 4283//29
f 4283//29 4954//29 4985//29
f 4283//29 4284//29 4954//29
f 4985//29 4281//29 4282//29
f 4955//29 4954//29 4285//29
f 4954//29 4286//29 4285//29
f 4954//29 4287//29 4286//29
f 4954//29 4288//29 4287//29
f 4954//29 4289//29 4290//29
f 4291//29 4292//29 4289//29
f 4291//29 4234//29 4233//29
f 4290//29 4288//29 4954//29
f 4233//29 4292//29 4291//29
f 4289//29 4954//29 4291//29
f 4962//29 4293//29 4294//29
f 4963//29 4294//29 4295//29
f 5034//29 4296//29 4297//29
f 4297//29 5035//29 5034//29
f 5035//29 4298//29 4299//29
f 5034//29 4300//29 4296//29
f 4297//29 4298//29 5035//29
f 5034//29 4301//29 4302//29
f 4302//29 4300//29 5034//29
f 5013//29 4303//29 4304//29
f 5013//29 4305//29 4306//29
f 5036//29 4307//29 4308//29
f 4306//29 4303//29 5013//29
f 4308//29 5013//29 5036//29
f 4304//29 5012//29 5013//29
f 4308//29 4309//29 5013//29
f 4309//29 4305//29 5013//29
f 4301//29 4310//29 4311//29
f 4311//29 4312//29 4301//29
f 4301//29 5034//29 4313//29
f 4313//29 4310//29 4301//29
f 4314//29 4315//29 4312//29
f 4311//29 4316//29 4312//29
f 4316//29 4317//29 4312//29
f 5034//29 4318//29 4313//29
f 4314//29 5037//29 4319//29
f 4319//29 4315//29 4314//29
f 4964//29 4295//29 4320//29
f 5037//29 4321//29 4319//29
f 5037//29 4322//29 4323//29
f 4320//29 5037//29 4964//29
f 4323//29 4321//29 5037//29
f 4320//29 4324//29 5037//29
f 4324//29 4322//29 5037//29
f 5036//29 5038//29 4325//29
f 5038//29 4326//29 4325//29
f 5038//29 4327//29 4328//29
f 4328//29 4326//29 5038//29
f 5038//29 5037//29 4329//29
f 5038//29 4330//29 4327//29
f 5037//29 4314//29 4329//29
f 4329//29 4330//29 5038//29
f 5034//29 5035//29 4331//29
f 5034//29 4332//29 4333//29
f 5035//29 4334//29 4331//29
f 5035//29 4335//29 4336//29
f 4333//29 4337//29 5034//29
f 4336//29 4334//29 5035//29
f 4331//29 4332//29 5034//29
f 4338//29 4339//29 4340//29
f 4339//29 5012//29 4341//29
f 4338//29 4342//29 4343//29
f 4339//29 4344//29 4340//29
f 4341//29 4345//29 4339//29
f 4340//29 4342//29 4338//29
f 4339//29 4346//29 5012//29
f 4345//29 4344//29 4339//29
f 4343//29 5034//29 4338//29
f 4967//29 4966//29 4347//29
f 4966//29 4348//29 4347//29
f 5012//29 4349//29 4350//29
f 4966//29 4351//29 4348//29
f 4350//29 4966//29 5012//29
f 4350//29 4351//29 4966//29
f 5012//29 4346//29 4352//29
f 4352//29 4349//29 5012//29
f 4353//29 4965//29 4967//29
f 4354//29 4961//29 4965//29
f 5011//29 4960//29 4355//29
f 4961//29 4354//29 4356//29
f 4355//29 4357//29 5011//29
f 4356//29 4960//29 4961//29
f 4960//29 4358//29 4355//29
f 4356//29 4359//29 4960//29
f 4359//29 4358//29 4960//29
f 4357//29 4360//29 5011//29
f 5035//29 4361//29 4362//29
f 4361//29 4363//29 4362//29
f 5035//29 4364//29 4365//29
f 4365//29 4335//29 5035//29
f 4366//29 4367//29 4368//29
f 5011//29 4369//29 4366//29
f 4335//29 4370//29 4371//29
f 4366//29 4372//29 4367//29
f 4371//29 4366//29 4335//29
f 4371//29 4372//29 4366//29
f 5010//29 4373//29 4374//29
f 5010//29 5011//29 4375//29
f 4375//29 4373//29 5010//29
f 5031//29 5010//29 4376//29
f 5011//29 4368//29 4375//29
f 5010//29 4377//29 4376//29
f 4374//29 4378//29 5010//29
f 4378//29 4377//29 5010//29
f 4999//29 4379//29 4380//29
f 4999//29 4381//29 4379//29
f 4999//29 4382//29 4383//29
f 4383//29 4381//29 4999//29
f 5031//29 4384//29 4385//29
f 4380//29 4981//29 4999//29
f 4385//29 4999//29 5031//29
f 4385//29 4382//29 4999//29
f 4962//29 4981//29 4386//29
f 4361//29 4387//29 4388//29
f 4981//29 4389//29 4386//29
f 4387//29 4390//29 4388//29
f 4981//29 4391//29 4389//29
f 4387//29 4392//29 4390//29
f 4393//29 4392//29 4387//29
f 4981//29 4394//29 4391//29
f 4981//29 4395//29 4396//29
f 4393//29 4397//29 4395//29
f 4387//29 4397//29 4393//29
f 4396//29 4394//29 4981//29
f 4388//29 4363//29 4361//29
f 4395//29 4981//29 4393//29
f 4975//29 4398//29 4399//29
f 5039//29 4400//29 4398//29
f 4398//29 4975//29 5039//29
f 4976//29 4401//29 4402//29
f 4976//29 4403//29 4404//29
f 4974//29 4402//29 4405//29
f 4404//29 4401//29 4976//29
f 4402//29 4974//29 4976//29
f 4976//29 4399//29 4406//29
f 4406//29 4403//29 4976//29
f 4405//29 4407//29 4974//29
f 4408//29 4409//29 4410//29
f 4408//29 5040//29 4411//29
f 4411//29 4409//29 4408//29
f 4410//29 4412//29 4413//29
f 5041//29 4414//29 4415//29
f 5041//29 4416//29 4417//29
f 5042//29 4418//29 4419//29
f 5040//29 4420//29 4411//29
f 4415//29 4410//29 5041//29
f 4417//29 4421//29 5041//29
f 4419//29 5041//29 5042//29
f 4415//29 4412//29 4410//29
f 4419//29 4416//29 5041//29
f 4421//29 4414//29 5041//29
f 5043//29 5041//29 4422//29
f 5041//29 4423//29 4424//29
f 5043//29 4425//29 4426//29
f 5043//29 4427//29 4428//29
f 4424//29 4422//29 5041//29
f 4428//29 4425//29 5043//29
f 5041//29 4410//29 4423//29
f 4422//29 4427//29 5043//29
f 5039//29 5044//29 4429//29
f 5044//29 5043//29 4430//29
f 4430//29 4429//29 5044//29
f 4431//29 4432//29 4433//29
f 4431//29 4434//29 4435//29
f 4435//29 4434//29 4436//29
f 4435//29 4432//29 4431//29
f 4433//29 5040//29 4431//29
f 4436//29 4974//29 4435//29
f 4437//29 4438//29 4439//29
f 3345//29 4440//29 4437//29
f 4438//29 4441//29 4439//29
f 3345//29 4974//29 4442//29
f 3345//29 4443//29 4440//29
f 4974//29 4436//29 4442//29
f 3345//29 4444//29 4443//29
f 4442//29 4445//29 3345//29
f 4445//29 4444//29 3345//29
f 4438//29 4969//29 4446//29
f 4446//29 4441//29 4438//29
f 4969//29 4438//29 4447//29
f 5014//29 4970//29 4448//29
f 4970//29 4449//29 4450//29
f 4447//29 4970//29 4969//29
f 4448//29 4451//29 5014//29
f 4447//29 4449//29 4970//29
f 4450//29 4448//29 4970//29
f 4451//29 4452//29 5014//29
f 4453//29 4454//29 4455//29
f 5040//29 4456//29 4457//29
f 4458//29 4459//29 4454//29
f 4455//29 4460//29 4453//29
f 5040//29 4461//29 4456//29
f 5040//29 4459//29 4462//29
f 4454//29 4463//29 4458//29
f 4453//29 4463//29 4454//29
f 4462//29 4461//29 5040//29
f 4455//29 4464//29 4460//29
f 4460//29 4465//29 4466//29
f 4458//29 4462//29 4459//29
f 5014//29 4467//29 4460//29
f 4457//29 4431//29 5040//29
f 4464//29 4465//29 4460//29
f 5040//29 4468//29 4459//29
f 5013//29 5014//29 4469//29
f 5036//29 5013//29 4470//29
f 4469//29 4471//29 5013//29
f 5013//29 4472//29 4470//29
f 5014//29 4466//29 4469//29
f 5013//29 4473//29 4472//29
f 4471//29 4474//29 5013//29
f 4474//29 4473//29 5013//29
f 5036//29 4475//29 4476//29
f 4476//29 5038//29 5036//29
f 5038//29 4477//29 4478//29
f 4476//29 4479//29 5038//29
f 5038//29 4480//29 4477//29
f 4479//29 4481//29 5038//29
f 4481//29 4480//29 5038//29
f 4478//29 5045//29 5038//29
f 5040//29 4482//29 4483//29
f 5040//29 4484//29 4482//29
f 4483//29 4485//29 5040//29
f 4486//29 4487//29 4488//29
f 4489//29 4490//29 4491//29
f 5040//29 4492//29 4484//29
f 4491//29 4490//29 4486//29
f 4483//29 4489//29 4485//29
f 4487//29 4493//29 4488//29
f 5040//29 4408//29 4492//29
f 4494//29 4495//29 4487//29
f 4491//29 4485//29 4489//29
f 4487//29 4496//29 4494//29
f 4495//29 4493//29 4487//29
f 4494//29 4496//29 4497//29
f 4488//29 4491//29 4486//29
f 5042//29 5045//29 4498//29
f 4485//29 4468//29 5040//29
f 5045//29 4499//29 4498//29
f 5045//29 4500//29 4501//29
f 4497//29 5045//29 4494//29
f 5045//29 4502//29 4499//29
f 4497//29 4500//29 5045//29
f 4501//29 4502//29 5045//29
f 4975//29 4503//29 4504//29
f 4975//29 4505//29 4506//29
f 4975//29 4507//29 4508//29
f 4506//29 4503//29 4975//29
f 4509//29 4505//29 4510//29
f 5039//29 4975//29 4511//29
f 4504//29 4507//29 4975//29
f 4510//29 4512//29 4509//29
f 4975//29 4513//29 4511//29
f 4509//29 4506//29 4505//29
f 4508//29 4513//29 4975//29
f 5046//29 4514//29 4515//29
f 4516//29 4517//29 4512//29
f 4515//29 4516//29 5046//29
f 4516//29 4518//29 4517//29
f 4515//29 4519//29 4516//29
f 4519//29 4518//29 4516//29
f 4512//29 4520//29 4516//29
f 4512//29 4510//29 4520//29
f 4516//29 4521//29 5046//29
f 4972//29 4522//29 4523//29
f 4523//29 4973//29 4972//29
f 4523//29 4524//29 4973//29
f 4972//29 4525//29 4522//29
f 4972//29 5046//29 4526//29
f 4526//29 4525//29 4972//29
f 5020//29 4527//29 4528//29
f 4973//29 4524//29 4529//29
f 5020//29 4530//29 4527//29
f 4529//29 5020//29 4973//29
f 4529//29 4530//29 5020//29
f 5018//29 5019//29 4531//29
f 5019//29 4532//29 4531//29
f 5019//29 4528//29 4532//29
f 4975//29 3350//29 4533//29
f 4533//29 4534//29 4975//29
f 4535//29 4536//29 4537//29
f 3350//29 4538//29 4533//29
f 3350//29 4539//29 4540//29
f 4537//29 3350//29 4535//29
f 4975//29 4541//29 4542//29
f 4540//29 4538//29 3350//29
f 4537//29 4539//29 3350//29
f 4542//29 4543//29 4975//29
f 4535//29 4544//29 4536//29
f 4536//29 4544//29 3769//29
f 4534//29 4541//29 4975//29
f 4543//29 4505//29 4975//29
f 4545//29 4546//29 4547//29
f 4547//29 4548//29 4545//29
f 4546//29 4549//29 4547//29
f 4547//29 4550//29 4551//29
f 4971//29 4552//29 4553//29
f 4972//29 4554//29 4555//29
f 4972//29 4556//29 4557//29
f 4553//29 4972//29 4971//29
f 4557//29 4554//29 4972//29
f 4971//29 4558//29 4552//29
f 4553//29 4556//29 4972//29
f 4971//29 4551//29 4558//29
f 5046//29 4559//29 4560//29
f 4559//29 4561//29 4562//29
f 4559//29 4563//29 4560//29
f 4562//29 4564//29 4559//29
f 4564//29 4563//29 4559//29
f 4560//29 4514//29 5046//29
f 5046//29 4555//29 4559//29
f 4565//29 4562//29 4566//29
f 4562//29 4567//29 4566//29
f 4568//29 4569//29 4565//29
f 4570//29 4569//29 4568//29
f 5039//29 4571//29 4572//29
f 4568//29 4573//29 4570//29
f 5044//29 4574//29 4573//29
f 4572//29 5044//29 5039//29
f 4573//29 4575//29 4570//29
f 4573//29 4576//29 4577//29
f 4572//29 4574//29 5044//29
f 4577//29 4575//29 4573//29
f 4573//56 4574//56 4578//56
f 4573//29 4579//29 5044//29
f 4578//29 4576//29 4573//29
f 4566//29 4568//29 4565//29
f 4579//29 4580//29 5044//29
f 4581//29 4582//29 4583//29
f 5047//29 4584//29 4585//29
f 4581//29 4586//29 4582//29
f 4585//29 4581//29 5047//29
f 4587//29 4588//29 4589//29
f 4585//29 4586//29 4581//29
f 4590//29 4591//29 4588//29
f 4589//29 4583//29 4587//29
f 4583//29 4592//29 4581//29
f 4588//29 4593//29 4590//29
f 4589//29 4594//29 4583//29
f 4583//29 4594//29 4592//29
f 4587//29 4593//29 4588//29
f 3564//29 4980//29 4595//29
f 4590//29 3564//29 4591//29
f 4980//29 4596//29 4595//29
f 4595//29 4591//29 3564//29
f 4980//29 4597//29 4596//29
f 5047//29 4598//29 4599//29
f 4600//29 4601//29 4602//29
f 4603//29 4599//29 4604//29
f 5047//29 4605//29 4598//29
f 5047//29 4606//29 4607//29
f 4602//29 4608//29 4609//29
f 4602//29 4610//29 4600//29
f 4603//29 4611//29 4612//29
f 4599//29 4603//29 5047//29
f 5047//29 4613//29 4614//29
f 4607//29 4615//29 5047//29
f 4606//29 4616//29 4617//29
f 4608//29 4618//29 4606//29
f 4602//29 4619//29 4620//29
f 4609//29 4621//29 4602//29
f 4610//29 4622//29 4600//29
f 4600//29 4623//29 4624//29
f 4612//29 4600//29 4603//29
f 4603//29 4625//29 4626//29
f 4614//29 4605//29 5047//29
f 4617//29 4607//29 4606//29
f 4606//29 4609//29 4608//29
f 4621//29 4619//29 4602//29
f 4624//29 4601//29 4600//29
f 4626//29 4611//29 4603//29
f 4615//29 4613//29 5047//29
f 4620//29 4610//29 4602//29
f 4612//29 4623//29 4600//29
f 4618//29 4616//29 4606//29
f 4604//29 4625//29 4603//29
f 4627//29 4628//29 4629//29
f 4627//29 4630//29 4628//29
f 4629//29 4631//29 4627//29
f 4632//29 4600//29 4633//29
f 4631//29 4634//29 4627//29
f 4634//29 4632//29 4627//29
f 4635//29 3400//29 4636//29
f 4636//29 4637//29 4635//29
f 4638//29 4639//29 4637//29
f 4980//29 3400//29 4640//29
f 4635//29 4641//29 3400//29
f 4642//29 4643//29 4644//29
f 4645//29 4643//29 4642//29
f 4627//29 4638//29 4646//29
f 4638//29 4627//29 4639//29
f 3400//29 4647//29 4640//29
f 4636//29 4648//29 4637//29
f 3401//29 4649//29 4650//29
f 4642//29 4630//29 4645//29
f 4630//29 4627//29 4651//29
f 4637//29 4648//29 4638//29
f 4641//29 4647//29 3400//29
f 4649//29 4644//29 4650//29
f 4630//29 4652//29 4645//29
f 4651//29 4653//29 4630//29
f 4640//29 4597//29 4980//29
f 4644//29 4649//29 4642//29
f 4646//29 4651//29 4627//29
f 4653//29 4652//29 4630//29
f 4654//29 4655//29 4656//29
f 4657//29 4658//29 4655//29
f 5017//29 4659//29 4657//29
f 4655//29 4654//29 4657//29
f 4657//29 3760//29 5017//29
f 4659//29 4658//29 4657//29
f 4660//29 4661//29 4662//29
f 4663//29 4664//29 4665//29
f 4666//29 4667//29 4660//29
f 4654//29 4668//29 4663//29
f 4663//29 4668//29 4664//29
f 4666//29 4665//29 4667//29
f 4663//29 4669//29 4654//29
f 4662//29 4666//29 4660//29
f 4669//29 4670//29 4654//29
f 4661//29 4671//29 4662//29
f 4603//29 4672//29 4673//29
f 4654//29 4674//29 4675//29
f 4665//29 4666//29 4663//29
f 5047//29 4676//29 4677//29
f 5047//29 4673//29 4678//29
f 4603//29 4679//29 4672//29
f 4603//29 4654//29 4680//29
f 4670//29 4674//29 4654//29
f 4661//29 4677//29 4681//29
f 5047//29 4682//29 4676//29
f 4678//29 4683//29 5047//29
f 4603//29 4684//29 4679//29
f 4680//29 4685//29 4603//29
f 4681//29 4671//29 4661//29
f 4683//29 4682//29 5047//29
f 4685//29 4684//29 4603//29
f 4677//29 4661//29 5047//29
f 4675//29 4680//29 4654//29
f 5047//29 4686//29 4687//29
f 4686//29 4688//29 4687//29
f 4689//29 4690//29 4691//29
f 4686//29 4692//29 4688//29
f 4690//29 4693//29 4691//29
f 4694//29 4996//29 4695//29
f 4686//29 4696//29 4692//29
f 4686//29 4693//29 4690//29
f 4695//29 4689//29 4694//29
f 4690//29 4696//29 4686//29
f 4687//29 4584//29 5047//29
f 4996//29 4697//29 4695//29
f 5047//29 4661//29 4686//29
f 4698//29 5045//29 5042//29
f 4698//29 4699//29 4700//29
f 5045//29 4701//29 4702//29
f 4698//29 4703//29 4699//29
f 4702//29 5038//29 5045//29
f 5045//29 4704//29 4705//29
f 4700//29 5045//29 4698//29
f 4698//29 4706//29 4707//29
f 4705//29 4701//29 5045//29
f 4707//29 4703//29 4698//29
f 4700//29 4704//29 5045//29
f 4708//29 4709//29 4706//29
f 4706//29 4698//29 4708//29
f 4710//29 5037//29 4711//29
f 5037//29 4712//29 4713//29
f 4708//29 4710//29 4714//29
f 4713//29 4711//29 5037//29
f 5037//29 5038//29 4715//29
f 4710//29 4716//29 4714//29
f 4710//29 4717//29 4718//29
f 5037//29 4719//29 4712//29
f 5038//29 4720//29 4715//29
f 4718//29 4716//29 4710//29
f 4715//29 4719//29 5037//29
f 4711//29 4717//29 4710//29
f 4721//29 3230//29 4722//29
f 5037//29 4710//29 4723//29
f 3230//29 4724//29 4722//29
f 4723//29 4964//29 5037//29
f 3230//29 4725//29 4724//29
f 4964//29 4726//29 4727//29
f 4723//29 4728//29 4964//29
f 3230//29 4729//29 4725//29
f 3230//29 4727//29 4730//29
f 4964//29 4731//29 4726//29
f 4728//29 4732//29 4964//29
f 4730//29 4729//29 3230//29
f 4732//29 4731//29 4964//29
f 4727//29 3230//29 4964//29
f 4721//29 4733//29 4734//29
f 4735//29 4734//29 4736//29
f 4737//29 4736//29 4738//29
f 4739//29 4740//29 4741//29
f 4739//29 4742//29 4740//29
f 5041//29 4743//29 4744//29
f 4745//29 4746//29 4741//29
f 5042//29 4747//29 4748//29
f 5042//29 4749//29 4750//29
f 4749//29 4739//29 4751//29
f 4739//29 4749//29 4742//29
f 5041//29 4752//29 4743//29
f 4741//29 4753//29 4745//29
f 4754//29 4755//29 4756//29
f 4750//29 4747//29 5042//29
f 4741//29 4746//29 4739//29
f 4744//29 5042//29 5041//29
f 5041//29 4757//29 4758//29
f 4753//29 4759//29 4745//29
f 4760//29 4761//29 4762//29
f 4754//29 4738//29 4755//29
f 4751//29 4750//29 4749//29
f 5041//29 4763//29 4752//29
f 4758//29 4764//29 5041//29
f 4757//29 4765//29 4766//29
f 4757//29 4754//29 4767//29
f 4762//29 4745//29 4760//29
f 4756//29 4760//29 4754//29
f 4744//29 4749//29 5042//29
f 4764//29 4768//29 5041//29
f 4757//29 4769//29 4765//29
f 4757//29 4770//29 4771//29
f 4754//29 4760//29 4767//29
f 4756//29 4761//29 4760//29
f 4768//29 4763//29 5041//29
f 4771//29 4769//29 4757//29
f 4759//29 4760//29 4745//29
f 4766//29 4758//29 4757//29
f 4748//29 4772//29 5042//29
f 4773//29 2947//29 4774//29
f 2947//29 4928//29 4775//29
f 2947//29 4776//29 4774//29
f 2947//29 4777//29 4778//29
f 4775//29 4779//29 2947//29
f 4928//29 4780//29 4781//29
f 4778//29 4776//29 2947//29
f 4781//29 4775//29 4928//29
f 4779//29 4777//29 2947//29
f 4928//29 4782//29 4780//29
f 4783//29 4784//29 4773//29
f 4785//29 4786//29 4784//29
f 4787//29 4788//29 4786//29
f 5017//29 4789//29 4790//29
f 4790//29 4791//29 5017//29
f 4789//29 4792//29 4790//29
f 4793//29 4794//29 4795//29
f 4788//29 4787//29 4796//29
f 4791//29 4797//29 5017//29
f 4795//29 4789//29 4793//29
f 4796//29 4793//29 4788//29
f 4797//29 4798//29 5017//29
f 4796//29 4794//29 4793//29
f 4795//29 4792//29 4789//29
f 4799//29 4800//29 4801//29
f 4800//29 4802//29 4801//29
f 4803//29 4804//29 4799//29
f 4800//29 4805//29 4802//29
f 4996//29 4806//29 4807//29
f 4996//29 4808//29 4809//29
f 4800//29 4810//29 4805//29
f 4807//29 4800//29 4996//29
f 4996//29 4811//29 4808//29
f 5017//29 4812//29 4803//29
f 4807//29 4810//29 4800//29
f 4996//29 4694//29 4811//29
f 4803//29 4813//29 5017//29
f 4809//29 4806//29 4996//29
f 4812//29 4804//29 4803//29
f 4813//29 4659//29 5017//29
f 4996//29 4800//29 4814//29
f 4814//29 4815//29 4816//29
f 4817//29 4818//29 4819//29
f 4816//29 4997//29 4814//29
f 4814//29 4820//29 4821//29
f 4819//29 4814//29 4817//29
f 4816//29 4822//29 4997//29
f 4819//29 4820//29 4814//29
f 4817//29 4823//29 4824//29
f 4997//29 4825//29 4826//29
f 4814//29 4827//29 4815//29
f 4824//29 4818//29 4817//29
f 4817//29 5024//29 4828//29
f 4826//29 4829//29 4997//29
f 4821//29 4827//29 4814//29
f 5024//29 4830//29 4828//29
f 5024//29 4831//29 4832//29
f 4822//29 4825//29 4997//29
f 4828//29 4833//29 4817//29
f 5024//29 4834//29 4831//29
f 5024//29 4997//29 4835//29
f 4833//29 4823//29 4817//29
f 4835//29 4834//29 5024//29
f 4832//29 4830//29 5024//29
f 5024//29 4817//29 4836//29
f 4837//29 4836//29 4838//29
f 4838//29 4839//29 4837//29
f 4837//29 4840//29 4836//29
f 4836//29 4841//29 4842//29
f 4836//29 4843//29 4844//29
f 4838//29 4845//29 4839//29
f 4842//29 5023//29 4836//29
f 4840//29 4843//29 4836//29
f 4839//29 4845//29 4782//29
f 4844//29 4841//29 4836//29
f 4842//29 3867//29 5023//29
f 5044//29 4846//29 4847//29
f 4848//29 5043//29 4849//29
f 5044//29 4850//29 4846//29
f 4849//29 4851//29 4848//29
f 4847//29 5043//29 5044//29
f 5044//29 4852//29 4853//29
f 4854//29 4855//29 4852//29
f 4848//29 4856//29 4857//29
f 5043//29 4858//29 4849//29
f 5043//29 4859//29 4860//29
f 5044//29 4861//29 4850//29
f 4852//29 5044//29 4854//29
f 4854//29 4862//29 4863//29
f 4851//29 4856//29 4848//29
f 4860//29 4864//29 5043//29
f 4853//29 4861//29 5044//29
f 4863//29 4865//29 4854//29
f 4864//29 4858//29 5043//29
f 4865//29 4855//29 4854//29
f 4854//29 4848//29 4866//29
f 4857//29 4867//29 4848//29
f 4866//29 4862//29 4854//29
f 4847//29 4859//29 5043//29
f 4868//29 4757//29 4869//29
f 4757//29 5041//29 4870//29
f 4870//29 5041//29 4871//29
f 4869//29 4872//29 4868//29
f 4757//29 4873//29 4874//29
f 4871//29 4875//29 4870//29
f 4870//29 4876//29 4757//29
f 4874//29 4869//29 4757//29
f 4876//29 4873//29 4757//29
f 5041//29 4877//29 4871//29
f 4878//29 4879//29 4880//29
f 4872//29 4881//29 4868//29
f 4870//29 4882//29 4878//29
f 5041//29 4883//29 4877//29
f 5043//29 4848//29 4884//29
f 4879//29 4885//29 4886//29
f 4875//29 4882//29 4870//29
f 5041//29 4887//29 4888//29
f 4848//29 4889//29 4884//29
f 4886//29 4890//29 4879//29
f 4888//29 4883//29 5041//29
f 5041//29 5043//29 4891//29
f 4884//29 4892//29 5043//29
f 4893//29 4894//29 4895//29
f 4880//29 4870//29 4878//29
f 5043//29 4896//29 4891//29
f 5043//29 4897//29 4898//29
f 4848//29 4899//29 4889//29
f 4900//29 4848//29 4893//29
f 4891//29 4887//29 5041//29
f 4892//29 4897//29 5043//29
f 4895//29 4900//29 4893//29
f 4885//29 4895//29 4894//29
f 4898//29 4896//29 5043//29
f 4894//29 4886//29 4885//29
f 4900//29 4899//29 4848//29
f 4868//29 4881//29 4901//29
f 4902//29 4854//29 4903//29
f 4854//29 4904//29 4903//29
f 4548//29 4905//29 4906//29
f 4545//29 4907//29 4902//29
f 4545//29 4908//29 4909//29
f 4545//29 4548//29 4910//29
f 4906//29 4911//29 4548//29
f 4854//29 4912//29 4904//29
f 4910//29 4908//29 4545//29
f 4911//29 4913//29 4548//29
f 4854//29 4914//29 4912//29
f 5044//29 4915//29 4914//29
f 4909//29 4916//29 4545//29
f 4913//29 4917//29 4548//29
f 4914//29 4854//29 5044//29
f 4917//29 4910//29 4548//29
f 4918//29 4901//29 4919//29
f 4916//29 4907//29 4545//29
f 4919//29 4905//29 4918//29
f 4919//29 4906//29 4905//29
f 4903//29 4545//29 4902//29
f 4901//29 4918//29 4868//29
f 4890//29 4880//29 4879//29
f 4867//29 4866//29 4848//29
f 4782//29 4928//29 4839//29
f 4836//29 5023//29 5024//29
f 4829//29 4835//29 4997//29
f 4814//29 4997//29 4996//29
f 4801//29 4803//29 4799//29
f 4798//29 4812//29 5017//29
f 4786//29 4785//29 4787//29
f 4784//29 4783//29 4785//29
f 4773//29 4920//29 4783//29
f 4774//29 4920//29 4773//29
f 4767//29 4770//29 4757//29
f 4738//29 4754//29 4737//29
f 4736//29 4737//29 4735//29
f 4734//29 4735//29 4721//29
f 4722//29 4733//29 4721//29
f 4714//29 4709//29 4708//29
f 4702//29 4720//29 5038//29
f 5042//29 4772//29 4698//29
f 4691//29 4694//29 4689//29
f 4673//29 5047//29 4603//29
f 4656//29 4668//29 4654//29
f 4650//29 3402//29 3401//29
f 4633//29 4627//29 4632//29
f 4622//29 4633//29 4600//29
f 4581//29 4606//29 5047//29
f 4580//29 4915//29 5044//29
f 4561//29 4567//29 4562//29
f 4555//29 5046//29 4972//29
f 4551//29 4971//29 4547//29
f 4549//29 4550//29 4547//29
f 3769//29 5018//29 4536//29
f 4531//29 4536//29 5018//29
f 4528//29 5019//29 5020//29
f 4521//29 4526//29 5046//29
f 4511//29 4571//29 5039//29
f 4498//29 4418//29 5042//29
f 4478//29 4494//29 5045//29
f 4470//29 4475//29 5036//29
f 4466//29 5014//29 4460//29
f 4452//29 4467//29 5014//29
f 4439//29 3345//29 4437//29
f 4433//29 4420//29 5040//29
f 4429//29 4400//29 5039//29
f 4426//29 4430//29 5043//29
f 4410//29 4413//29 4408//29
f 4407//29 4435//29 4974//29
f 4399//29 4976//29 4975//29
f 4386//29 4293//29 4962//29
f 4380//29 4393//29 4981//29
f 4376//29 4384//29 5031//29
f 4368//29 5011//29 4366//29
f 4365//29 4370//29 4335//29
f 4362//29 4364//29 5035//29
f 4360//29 4369//29 5011//29
f 4965//29 4353//29 4354//29
f 4967//29 4921//29 4353//29
f 4347//29 4921//29 4967//29
f 4343//29 4318//29 5034//29
f 4337//29 4338//29 5034//29
f 4325//29 4307//29 5036//29
f 4312//29 4317//29 4314//29
f 4304//29 4341//29 5012//29
f 4299//29 4361//29 5035//29
f 4295//29 4964//29 4963//29
f 4294//29 4963//29 4962//29
f 4285//29 4177//29 4955//29
f 4284//29 4291//29 4954//29
f 4277//29 4281//29 4275//29
f 4262//29 4118//29 4950//29
f 4256//29 4267//29 4952//29
f 4253//29 5033//29 4248//29
f 4245//29 4208//29 5032//29
f 4235//29 4252//29 5032//29
f 4229//29 4254//29 5033//29
f 4956//29 4922//29 4223//29
f 4217//29 4922//29 4956//29
f 4215//29 4196//29 5032//29
f 4205//29 4183//29 5031//29
f 4189//29 4195//29 4192//29
f 4180//29 4213//29 5009//29
f 4178//29 4982//29 4955//29
f 4168//29 4099//29 4986//29
f 4153//29 4170//29 4987//29
f 4146//29 4154//29 5028//29
f 4142//29 5008//29 4139//29
f 4133//29 4144//29 5008//29
f 4121//29 4127//29 4948//29
f 4114//29 4104//29 5030//29
f 4091//29 4101//29 4097//29
f 4076//29 3983//29 4989//29
f 4067//29 4082//29 4990//29
f 4060//29 4068//29 5027//29
f 4055//29 5005//29 4053//29
f 4050//29 4057//29 5005//29
f 4940//29 4043//29 4044//29
f 4944//29 4923//29 4043//29
f 4038//29 4923//29 4944//29
f 4033//29 4030//29 4031//29
f 4031//29 4030//29 4029//29
f 4023//29 4002//29 5029//29
f 4016//29 3986//29 5028//29
f 4008//29 4010//29 4004//29
f 4000//29 4005//29 4001//29
f 3998//29 4073//29 5029//29
f 3991//29 5006//29 5007//29
f 3985//29 4943//29 4942//29
f 3984//29 4942//29 4989//29
f 3971//29 3878//29 4932//29
f 3965//29 3977//29 4992//29
f 3958//29 3969//29 5021//29
f 3955//29 5002//29 3953//29
f 3949//29 3951//29 3921//29
f 3948//29 3950//29 5025//29
f 3945//29 3956//29 5002//29
f 4935//29 3938//29 3939//29
f 4936//29 4924//29 3938//29
f 3932//29 4924//29 4936//29
f 3930//29 3904//29 5026//29
f 3922//29 3923//29 5026//29
f 3910//29 3890//29 5027//29
f 3897//29 3903//29 3899//29
f 3889//29 3928//29 5003//29
f 3887//29 3946//29 5025//29
f 3880//29 4934//29 4933//29
f 3879//29 4933//29 4932//29
f 3872//29 3847//29 4995//29
f 3870//29 5024//29 5023//29
f 3865//29 3868//29 3832//29
f 3856//29 3805//29 4993//29
f 3850//29 3855//29 4977//29
f 3843//29 3851//29 4979//29
f 3836//29 4839//29 4928//29
f 3823//29 3811//29 5022//29
f 3817//29 3785//29 5021//29
f 3796//29 3807//29 3802//29
f 3784//29 3833//29 5000//29
f 3782//29 4547//29 4971//29
f 3776//29 3322//29 4973//29
f 3775//29 3777//29 5020//29
f 3772//29 5020//29 5019//29
f 3763//29 5019//29 5018//29
f 3762//29 4925//29 3334//29
f 3757//29 4789//29 5017//29
f 3746//29 3744//29 5016//29
f 3740//29 3751//29 3739//29
f 3724//29 3722//29 5015//29
f 3718//29 3728//29 3717//29
f 3701//29 4968//29 4970//29
f 3694//29 3711//29 5013//29
f 3681//29 4959//29 4960//29
f 3679//29 3691//29 5010//29
f 3657//29 4946//29 4947//29
f 3658//29 3671//29 5007//29
f 3637//29 4938//29 4939//29
f 3638//29 3651//29 5004//29
f 3617//29 4929//29 4930//29
f 3618//29 3631//29 5001//29
f 3602//29 3600//29 4999//29
f 3592//29 3609//29 3591//29
f 3581//29 3579//29 4998//29
f 3573//29 3486//29 3574//29
f 3562//29 3554//29 4995//29
f 3556//29 4697//29 4996//29
f 829//29 827//29 3368//29
f 4994//29 3733//29 3542//29
f 3537//29 3747//29 4992//29
f 3529//29 3540//29 3528//29
f 3527//29 3528//29 3526//29
f 3525//29 3526//29 3523//29
f 3518//29 3492//29 3491//29
f 4989//29 4926//29 3510//29
f 3498//29 4926//29 4989//29
f 3497//29 3504//29 3496//29
f 3495//29 3496//29 3494//29
f 3493//29 3494//29 3491//29
f 3490//29 3439//29 3438//29
f 3482//29 3488//29 3072//29
f 4986//29 3479//29 3480//29
f 4984//29 3464//29 3479//29
f 3475//29 3463//29 3457//29
f 3451//29 4985//29 4954//29
f 3449//29 3453//29 3447//29
f 3444//29 3445//29 3443//29
f 3442//29 3443//29 3441//29
f 3440//29 3441//29 3438//29
f 3427//29 3408//29 3407//29
f 4983//29 3589//29 3426//29
f 3418//29 3605//29 4981//29
f 3413//29 3421//29 3412//29
f 3411//29 3412//29 3410//29
f 3409//29 3410//29 3407//29
f 3406//29 3371//29 3370//29
f 3403//29 3404//29 3401//29
f 4978//29 3377//29 3400//29
f 3388//29 3396//29 3377//29
f 3373//29 4979//29 4977//29
f 3367//29 3358//29 4976//29
f 3346//29 4976//29 4974//29
f 3344//29 4446//29 4969//29
f 3333//29 3332//29 3335//29
f 3334//29 4925//29 3332//29
f 3326//29 3328//29 4972//29
f 3310//29 3308//29 4971//29
f 3282//29 4969//29 4970//29
f 3267//29 4970//29 4968//29
f 3266//29 4968//29 4966//29
f 3259//29 4966//29 4967//29
f 3244//29 4967//29 4965//29
f 3221//29 4965//29 4961//29
f 4963//29 3234//29 3220//29
f 3215//29 3214//29 4960//29
f 3198//29 4960//29 4959//29
f 3197//29 4959//29 4958//29
f 3196//29 4958//29 4956//29
f 3182//29 4956//29 4957//29
f 3174//29 4957//29 4953//29
f 3167//29 3161//29 3165//29
f 3151//29 4953//29 4951//29
f 4953//29 5033//29 4952//29
f 3150//29 4951//29 4949//29
f 3145//29 4952//29 4950//29
f 3114//29 4949//29 4948//29
f 3101//29 3095//29 4947//29
f 3087//29 4947//29 4946//29
f 3086//29 4946//29 4945//29
f 3085//29 4945//29 4944//29
f 3084//29 4944//29 4940//29
f 3078//29 3072//29 3076//29
f 3055//29 3049//29 4941//29
f 3040//29 4941//29 4939//29
f 3039//29 4939//29 4938//29
f 3038//29 4938//29 4937//29
f 3026//29 4937//29 4936//29
f 3016//29 4936//29 4935//29
f 3010//29 3004//29 3008//29
f 2993//29 4935//29 4931//29
f 4933//29 3008//29 2992//29
f 2984//29 2978//29 4930//29
f 2970//29 4930//29 4929//29
f 2969//29 4929//29 4927//29
f 2962//29 2956//29 4928//29
f 1932//41 3848//41 3847//41
f 3872//41 1937//41 1936//41
f 1936//41 3847//41 3872//41
f 3847//41 1936//41 1932//41
f 1396//31 1395//31 4418//31
f 4419//31 4418//31 1395//31
f 1395//31 1372//31 4419//31
f 4418//31 4498//31 1396//31
f 1489//31 1488//31 4293//31
f 4294//31 4293//31 1488//31
f 1488//31 1484//31 4294//31
f 4295//31 4294//31 1484//31
f 1484//31 1483//31 4295//31
f 4320//31 4295//31 1483//31
f 1483//31 1478//31 4320//31
f 4293//31 4386//31 1489//31
f 1582//31 1581//31 4177//31
f 4178//31 4177//31 1581//31
f 1581//31 1580//31 4178//31
f 4191//31 4178//31 1580//31
f 1580//31 1569//31 4191//31
f 4177//31 4285//31 1582//31
f 1688//31 1687//31 4099//31
f 4100//31 4099//31 1687//31
f 1687//31 1705//31 4100//31
f 4099//31 4168//31 1688//31
f 1802//31 1801//31 3983//31
f 3984//31 3983//31 1801//31
f 1801//31 1793//31 3984//31
f 3985//31 3984//31 1793//31
f 1793//31 1792//31 3985//31
f 4013//31 3985//31 1792//31
f 1792//31 1785//31 4013//31
f 3983//31 4076//31 1802//31
f 1904//31 1903//31 3878//31
f 3879//31 3878//31 1903//31
f 1903//31 1902//31 3879//31
f 3880//31 3879//31 1902//31
f 1902//31 1901//31 3880//31
f 3902//31 3880//31 1901//31
f 1901//31 1891//31 3902//31
f 3878//31 3971//31 1904//31
f 1952//30 1951//30 4839//30
f 4837//30 4839//30 1951//30
f 1951//30 2627//30 4837//30
f 4839//30 3836//30 1952//30
f 4398//40 4400//40 1332//40
f 1330//40 1332//40 4400//40
f 4400//40 4429//40 1330//40
f 1332//40 1328//40 4398//40
f 4308//40 4307//40 1422//40
f 1423//40 1422//40 4307//40
f 4307//40 4325//40 1423//40
f 1422//40 1415//40 4308//40
f 4184//40 4183//40 1526//40
f 1527//40 1526//40 4183//40
f 4183//40 4205//40 1527//40
f 1526//40 1519//40 4184//40
f 4261//40 4260//40 1624//40
f 1631//40 1624//40 4260//40
f 4260//40 4278//40 1631//40
f 1624//40 1617//40 4261//40
f 3987//40 3986//40 1736//40
f 1737//40 1736//40 3986//40
f 3986//40 4016//40 1737//40
f 1736//40 1727//40 3987//40
f 3891//40 3890//40 1842//40
f 1843//40 1842//40 3890//40
f 3890//40 3910//40 1843//40
f 1842//40 1833//40 3891//40
f 3897//57 1887//57 1886//57
f 1886//57 3885//57 3897//57
f 1888//58 3896//58 3895//58
f 3895//58 1890//58 1888//58
f 4005//57 1781//57 1818//57
f 1818//57 4001//57 4005//57
f 1791//58 4000//58 3997//58
f 3997//58 1814//58 1791//58
f 4091//57 1697//57 1696//57
f 1696//57 4088//57 4091//57
f 4090//58 4089//58 1699//58
f 1699//58 1698//58 4090//58
f 4189//57 1566//57 1565//57
f 1565//57 4186//57 4189//57
f 1567//58 4188//58 4187//58
f 4187//58 1570//58 1567//58
f 4312//57 1469//57 1468//57
f 1468//57 4301//57 4312//57
f 1470//58 4311//58 4310//58
f 4310//58 1471//58 1470//58
f 4413//57 1370//57 1367//57
f 1367//57 4408//57 4413//57
f 1371//58 4410//58 4409//58
f 4409//58 1368//58 1371//58
f 3865//57 3864//57 1946//57
f 1946//57 1949//57 3865//57
f 3868//58 1948//58 1945//58
f 1945//58 3832//58 3868//58
f 1991//31 1990//31 3805//31
f 3806//31 3805//31 1990//31
f 1990//31 2012//31 3806//31
f 3805//31 3856//31 1991//31
f 1306//41 4476//41 4475//41
f 4470//41 1317//41 1316//41
f 1316//41 4475//41 4470//41
f 4475//41 1316//41 1306//41
f 1405//41 4385//41 4384//41
f 4376//41 1413//41 1412//41
f 1412//41 4384//41 4376//41
f 4384//41 1412//41 1405//41
f 1632//41 4271//41 4259//41
f 4265//41 1616//41 1615//41
f 1615//41 4259//41 4265//41
f 4259//41 1615//41 1632//41
f 1601//41 4155//41 4154//41
f 4146//41 1611//41 1610//41
f 1610//41 4154//41 4146//41
f 4154//41 1610//41 1601//41
f 1713//41 4069//41 4068//41
f 4060//41 1723//41 1722//41
f 1722//41 4068//41 4060//41
f 4068//41 1722//41 1713//41
f 1822//41 3970//41 3969//41
f 3958//41 1829//41 1828//41
f 1828//41 3969//41 3958//41
f 3969//41 1828//41 1822//41
f 3776//41 2140//41 867//41
f 847//41 3289//41 3322//41
f 3322//41 867//41 847//41
f 3289//41 847//41 860//41
f 860//41 3294//41 3289//41
f 2139//41 3781//41 3294//41
f 3294//41 860//41 2139//41
f 867//41 3322//41 3776//41
f 2677//31 2676//31 4788//31
f 4786//31 4788//31 2676//31
f 2676//31 2614//31 4786//31
f 4784//31 4786//31 2614//31
f 2614//31 2616//31 4784//31
f 4773//31 4784//31 2616//31
f 2616//31 2618//31 4773//31
f 2947//31 4773//31 2618//31
f 2618//31 1213//31 2947//31
f 2950//31 2947//31 1213//31
f 1213//31 1220//31 2950//31
f 2969//31 2950//31 1220//31
f 1220//31 1207//31 2969//31
f 2970//31 2969//31 1207//31
f 1207//31 1190//31 2970//31
f 2971//31 2970//31 1190//31
f 1190//31 1198//31 2971//31
f 2993//31 2971//31 1198//31
f 1198//31 1184//31 2993//31
f 3016//31 2993//31 1184//31
f 1184//31 1144//31 3016//31
f 3017//31 3016//31 1144//31
f 1144//31 1143//31 3017//31
f 3038//31 3017//31 1143//31
f 1143//31 1138//31 3038//31
f 3039//31 3038//31 1138//31
f 1138//31 1137//31 3039//31
f 3040//31 3039//31 1137//31
f 1137//31 1120//31 3040//31
f 3043//31 3040//31 1120//31
f 1120//31 1127//31 3043//31
f 3084//31 3043//31 1127//31
f 1127//31 1114//31 3084//31
f 3085//31 3084//31 1114//31
f 1114//31 1091//31 3085//31
f 3086//31 3085//31 1091//31
f 1091//31 1090//31 3086//31
f 3087//31 3086//31 1090//31
f 1090//31 1074//31 3087//31
f 3088//31 3087//31 1074//31
f 1074//31 1054//31 3088//31
f 1054//31 1056//31 3121//31
f 3121//31 3088//31 1054//31
f 3150//31 3121//31 1056//31
f 1056//31 1046//31 3150//31
f 3151//31 3150//31 1046//31
f 1046//31 1025//31 3151//31
f 3174//31 3151//31 1025//31
f 1025//31 988//31 3174//31
f 3177//31 3174//31 988//31
f 988//31 990//31 3177//31
f 3196//31 3177//31 990//31
f 990//31 980//31 3196//31
f 3197//31 3196//31 980//31
f 980//31 979//31 3197//31
f 3198//31 3197//31 979//31
f 979//31 969//31 3198//31
f 3209//31 3198//31 969//31
f 969//31 966//31 3209//31
f 3221//31 3209//31 966//31
f 966//31 956//31 3221//31
f 3244//31 3221//31 956//31
f 956//31 917//31 3244//31
f 3244//31 917//31 926//31
f 926//31 3247//31 3244//31
f 910//31 3266//31 3247//31
f 3247//31 926//31 910//31
f 3267//31 3266//31 910//31
f 910//31 894//31 3267//31
f 3270//31 3267//31 894//31
f 894//31 903//31 3270//31
f 3336//31 3270//31 903//31
f 903//31 2744//31 3336//31
f 3333//31 3336//31 2744//31
f 2744//31 2686//31 3333//31
f 3334//31 3333//31 2686//31
f 2686//31 2688//31 3334//31
f 3761//31 3334//31 2688//31
f 2688//31 2694//31 3761//31
f 4788//31 4793//31 2677//31
f 2126//40 1258//40 4600//40
f 4603//40 4600//40 1258//40
f 1258//40 1230//40 4603//40
f 1230//40 1238//40 4654//40
f 4654//40 4603//40 1230//40
f 4657//40 4654//40 1238//40
f 1238//40 2152//40 4657//40
f 4600//40 4632//40 2126//40
f 4649//30 3401//30 2588//30
f 2584//30 2588//30 3401//30
f 3401//30 3404//30 2584//30
f 2585//30 2584//30 3404//30
f 3404//30 3370//30 2585//30
f 2356//30 2585//30 3370//30
f 3370//30 3368//30 2356//30
f 2354//30 2356//30 3368//30
f 3368//30 3523//30 2354//30
f 2352//30 2354//30 3523//30
f 3523//30 3526//30 2352//30
f 2350//30 2352//30 3526//30
f 3526//30 3528//30 2350//30
f 2345//30 2350//30 3528//30
f 3528//30 3540//30 2345//30
f 1183//30 2345//30 3540//30
f 3540//30 2992//30 1183//30
f 1161//30 1183//30 2992//30
f 2992//30 3008//30 1161//30
f 1162//30 1161//30 3008//30
f 3008//30 3004//30 1162//30
f 2409//30 1162//30 3004//30
f 3004//30 3491//30 2409//30
f 2407//30 2409//30 3491//30
f 3491//30 3494//30 2407//30
f 2405//30 2407//30 3494//30
f 3494//30 3496//30 2405//30
f 2397//30 2405//30 3496//30
f 3496//30 3504//30 2397//30
f 1092//30 2397//30 3504//30
f 3504//30 3076//30 1092//30
f 1093//30 1092//30 3076//30
f 3076//30 3072//30 1093//30
f 2476//30 1093//30 3072//30
f 3072//30 3488//30 2476//30
f 2474//30 2476//30 3488//30
f 3488//30 3438//30 2474//30
f 2472//30 2474//30 3438//30
f 3438//30 3441//30 2472//30
f 2470//30 2472//30 3441//30
f 3441//30 3443//30 2470//30
f 2470//30 3443//30 3445//30
f 3445//30 2465//30 2470//30
f 3447//30 2466//30 2465//30
f 2465//30 3445//30 3447//30
f 1003//30 2466//30 3447//30
f 3447//30 3165//30 1003//30
f 1004//30 1003//30 3165//30
f 3165//30 3161//30 1004//30
f 2539//30 1004//30 3161//30
f 3161//30 3407//30 2539//30
f 2537//30 2539//30 3407//30
f 3407//30 3410//30 2537//30
f 2535//30 2537//30 3410//30
f 3410//30 3412//30 2535//30
f 2527//30 2535//30 3412//30
f 3412//30 3421//30 2527//30
f 955//30 2527//30 3421//30
f 3421//30 3220//30 955//30
f 936//30 955//30 3220//30
f 3220//30 3234//30 936//30
f 933//30 936//30 3234//30
f 3234//30 3230//30 933//30
f 3230//30 4721//30 2300//30
f 2300//30 933//30 3230//30
f 2298//30 2300//30 4721//30
f 4721//30 4735//30 2298//30
f 2297//30 2298//30 4735//30
f 4735//30 4737//30 2297//30
f 2268//30 2297//30 4737//30
f 4737//30 4754//30 2268//30
f 2272//30 2268//30 4754//30
f 4754//30 4757//30 2272//30
f 2792//30 2272//30 4757//30
f 4757//30 4868//30 2792//30
f 2789//30 2792//30 4868//30
f 4868//30 4918//30 2789//30
f 2790//30 2789//30 4918//30
f 4918//30 4905//30 2790//30
f 2588//30 2608//30 4649//30
f 3786//40 3785//40 1963//40
f 1964//40 1963//40 3785//40
f 3785//40 3817//40 1964//40
f 1963//40 1981//40 3786//40
f 2733//30 2736//30 4438//30
f 4447//30 4438//30 2736//30
f 2736//30 1361//30 4447//30
f 4438//30 4437//30 2733//30
f 1432//30 1431//30 4921//30
f 4353//30 4921//30 1431//30
f 1431//30 1430//30 4353//30
f 4354//30 4353//30 1430//30
f 1430//30 1429//30 4354//30
f 4356//30 4354//30 1429//30
f 1429//30 1462//30 4356//30
f 4921//30 4347//30 1432//30
f 1532//30 1530//30 4922//30
f 4223//30 4922//30 1530//30
f 1530//30 1529//30 4223//30
f 4226//30 4223//30 1529//30
f 1529//30 1558//30 4226//30
f 4922//30 4217//30 1532//30
f 1642//30 1641//30 4127//30
f 4128//30 4127//30 1641//30
f 1641//30 1671//30 4128//30
f 4127//30 4121//30 1642//30
f 1741//30 1740//30 4923//30
f 4043//30 4923//30 1740//30
f 1740//30 1739//30 4043//30
f 4044//30 4043//30 1739//30
f 1739//30 1738//30 4044//30
f 4045//30 4044//30 1738//30
f 1738//30 1773//30 4045//30
f 4923//30 4038//30 1741//30
f 1850//30 1849//30 4924//30
f 3938//30 4924//30 1849//30
f 1849//30 1848//30 3938//30
f 3939//30 3938//30 1848//30
f 1848//30 1847//30 3939//30
f 3940//30 3939//30 1847//30
f 1847//30 1880//30 3940//30
f 4924//30 3932//30 1850//30
f 1875//57 3952//57 3951//57
f 3951//57 1872//57 1875//57
f 3953//58 1874//58 1871//58
f 1871//58 3921//58 3953//58
f 1766//57 4052//57 4051//57
f 4051//57 1768//57 1766//57
f 4053//58 1765//58 1764//58
f 1764//58 4028//58 4053//58
f 4136//57 4135//57 1662//57
f 1662//57 1661//57 4136//57
f 4139//58 1660//58 1659//58
f 1659//58 4134//58 4139//58
f 1548//57 4243//57 4242//57
f 4242//57 1549//57 1548//57
f 4248//58 1547//58 1546//58
f 1546//58 4241//58 4248//58
f 1458//57 4371//57 4370//57
f 4370//57 1455//57 1458//57
f 4366//58 1456//58 1453//58
f 1453//58 4335//58 4366//58
f 1354//57 4455//57 4454//57
f 4454//57 1348//57 1354//57
f 4460//58 1353//58 1352//58
f 1352//58 4453//58 4460//58
f 3796//57 2001//57 2000//57
f 2000//57 3792//57 3796//57
f 3794//58 3793//58 2003//58
f 2003//58 2002//58 3794//58
f 1972//59 1975//59 3827//59
f 3827//59 3826//59 1972//59
f 1971//60 3822//60 3828//60
f 3828//60 1973//60 1971//60
f 1987//60 1993//60 3854//60
f 3854//60 3804//60 1987//60
f 1988//59 3852//59 3855//59
f 3855//59 1927//59 1988//59
f 4431//59 1340//59 1344//59
f 1344//59 4434//59 4431//59
f 1341//60 4432//60 4435//60
f 4435//60 1327//60 1341//60
f 1384//59 4491//59 4488//59
f 4488//59 1386//59 1384//59
f 1385//60 1388//60 4487//60
f 4487//60 4486//60 1385//60
f 4338//59 1440//59 1438//59
f 1438//59 4339//59 4338//59
f 1441//60 4342//60 4340//60
f 4340//60 1442//60 1441//60
f 1486//59 4363//59 4388//59
f 4388//59 1487//59 1486//59
f 4361//60 1485//60 1490//60
f 1490//60 4387//60 4361//60
f 1537//59 1540//59 4209//59
f 4209//59 4208//59 1537//59
f 1538//60 4212//60 4210//60
f 4210//60 1539//60 1538//60
f 1594//59 4236//59 4234//59
f 4234//59 1595//59 1594//59
f 1593//60 1585//60 4233//60
f 4233//60 4232//60 1593//60
f 4108//59 1647//59 1653//59
f 1653//59 4109//59 4108//59
f 1648//60 4113//60 4110//60
f 4110//60 1649//60 1648//60
f 1678//59 4162//59 4161//59
f 4161//59 1679//59 1678//59
f 1677//60 1680//60 4160//60
f 4160//60 4159//60 1677//60
f 1762//59 1749//59 4031//59
f 4031//59 4029//59 1762//59
f 1760//60 4022//60 4030//60
f 4030//60 1750//60 1760//60
f 1795//59 4081//59 4075//59
f 4075//59 1796//59 1795//59
f 4073//60 1794//60 1797//60
f 1797//60 4074//60 4073//60
f 1856//59 1859//59 3924//59
f 3924//59 3923//59 1856//59
f 1857//60 3927//60 3925//60
f 3925//60 1858//60 1857//60
f 1906//59 3947//59 3976//59
f 3976//59 1907//59 1906//59
f 3946//60 1905//60 1910//60
f 1910//60 3975//60 3946//60
f 4512//61 2158//61 2157//61
f 2157//61 4509//61 4512//61
f 4511//41 2169//41 2168//41
f 2190//41 4572//41 4571//41
f 4571//41 2168//41 2190//41
f 2168//41 4571//41 4511//41
f 4565//62 2184//62 2178//62
f 2178//62 4562//62 4565//62
f 4515//40 4514//40 2179//40
f 2180//40 2179//40 4514//40
f 4514//40 4560//40 2180//40
f 2179//40 2171//40 4515//40
f 2208//63 4690//63 4689//63
f 4689//63 2204//63 2208//63
f 4687//41 2200//41 2199//41
f 2228//41 4585//41 4584//41
f 4584//41 2199//41 2228//41
f 2199//41 4584//41 4687//41
f 4583//64 2225//64 2224//64
f 2224//64 4587//64 4583//64
f 3555//40 3554//40 2222//40
f 2223//40 2222//40 3554//40
f 3554//40 3562//40 2223//40
f 2222//40 2212//40 3555//40
f 4529//40 4524//40 1295//40
f 1294//40 1295//40 4524//40
f 4524//40 4523//40 1294//40
f 1295//40 1302//40 4529//40
f 4510//65 4505//65 2164//65
f 2164//65 2159//65 4510//65
f 4537//30 4536//30 1299//30
f 1300//30 1299//30 4536//30
f 4536//30 4531//30 1300//30
f 1299//30 2704//30 4537//30
f 4552//40 1289//40 1288//40
f 1288//40 4553//40 4552//40
f 4546//31 4545//31 2127//31
f 2776//31 2127//31 4545//31
f 4545//31 4903//31 2776//31
f 2127//31 2131//31 4546//31
f 4568//66 4566//66 2186//66
f 2186//66 2185//66 4568//66
f 2230//67 2226//67 4589//67
f 4589//67 4588//67 2230//67
f 2590//31 4635//31 4637//31
f 4637//31 2591//31 2590//31
f 1259//41 4610//41 4620//41
f 4620//41 1265//41 1259//41
f 2660//30 4803//30 4801//30
f 4801//30 2661//30 2660//30
f 4691//68 2206//68 2203//68
f 2203//68 4694//68 4691//68
f 1251//41 4664//41 4668//41
f 4656//41 2154//41 1255//41
f 1255//41 4668//41 4656//41
f 4668//41 1255//41 1251//41
f 2182//69 2186//69 4566//69
f 2183//70 2182//70 4567//70
f 2176//71 2183//71 4561//71
f 1292//72 2176//72 4559//72
f 1290//73 1292//73 4555//73
f 1291//74 1290//74 4554//74
f 1287//75 1291//75 4557//75
f 1288//76 1287//76 4556//76
f 4556//76 4553//76 1288//76
f 4557//75 4556//75 1287//75
f 4554//74 4557//74 1291//74
f 4555//73 4554//73 1290//73
f 4559//72 4555//72 1292//72
f 4561//71 4559//71 2176//71
f 4567//70 4561//70 2183//70
f 4566//69 4567//69 2182//69
f 1293//1 1289//1 4552//1
f 2134//2 1293//2 4558//2
f 2132//77 2134//77 4551//77
f 2130//4 2132//4 4550//4
f 2131//51 2130//51 4549//51
f 4549//51 4546//51 2131//51
f 4550//4 4549//4 2130//4
f 4551//77 4550//77 2132//77
f 4558//2 4551//2 2134//2
f 4552//1 4558//1 1293//1
f 2784//78 2776//78 4903//78
f 2788//79 2784//79 4904//79
f 2787//80 2788//80 4912//80
f 2198//81 2787//81 4914//81
f 2197//82 2198//82 4915//82
f 2194//83 2197//83 4580//83
f 2188//84 2194//84 4579//84
f 2185//85 2188//85 4573//85
f 4573//85 4568//85 2185//85
f 4579//84 4573//84 2188//84
f 4580//83 4579//83 2194//83
f 4915//82 4580//82 2197//82
f 4914//81 4915//81 2198//81
f 4912//80 4914//80 2787//80
f 4904//79 4912//79 2788//79
f 4903//78 4904//78 2784//78
f 2707//86 2164//86 4505//86
f 2708//87 2707//87 4543//87
f 2701//88 2708//88 4542//88
f 2699//89 2701//89 4541//89
f 2700//90 2699//90 4534//90
f 2705//91 2700//91 4533//91
f 2706//92 2705//92 4538//92
f 2709//93 2706//93 4540//93
f 2704//94 2709//94 4539//94
f 4539//94 4537//94 2704//94
f 4540//93 4539//93 2709//93
f 4538//92 4540//92 2706//92
f 4533//91 4538//91 2705//91
f 4534//90 4533//90 2700//90
f 4541//89 4534//89 2699//89
f 4542//88 4541//88 2701//88
f 4543//87 4542//87 2708//87
f 4505//86 4543//86 2707//86
f 1296//95 1294//95 4523//95
f 1297//96 1296//96 4522//96
f 1298//97 1297//97 4525//97
f 2175//98 1298//98 4526//98
f 2170//99 2175//99 4521//99
f 2167//100 2170//100 4516//100
f 2159//101 2167//101 4520//101
f 4520//101 4510//101 2159//101
f 4516//100 4520//100 2167//100
f 4521//99 4516//99 2170//99
f 4526//98 4521//98 2175//98
f 4525//97 4526//97 1298//97
f 4522//96 4525//96 1297//96
f 4523//95 4522//95 1296//95
f 1301//16 1300//16 4531//16
f 1305//17 1301//17 4532//17
f 1304//18 1305//18 4528//18
f 1303//102 1304//102 4527//102
f 1302//46 1303//46 4530//46
f 4530//46 4529//46 1302//46
f 4527//102 4530//102 1303//102
f 4528//18 4527//18 1304//18
f 4532//17 4528//17 1305//17
f 4531//16 4532//16 1301//16
f 2663//103 2661//103 4801//103
f 2670//104 2663//104 4802//104
f 2669//105 2670//105 4805//105
f 2666//106 2669//106 4810//106
f 2664//107 2666//107 4807//107
f 2665//108 2664//108 4806//108
f 2668//109 2665//109 4809//109
f 2672//110 2668//110 4808//110
f 2203//111 2672//111 4811//111
f 4811//111 4694//111 2203//111
f 4808//110 4811//110 2672//110
f 4809//109 4808//109 2668//109
f 4806//108 4809//108 2665//108
f 4807//107 4806//107 2664//107
f 4810//106 4807//106 2666//106
f 4805//105 4810//105 2669//105
f 4802//104 4805//104 2670//104
f 4801//103 4802//103 2663//103
f 2210//112 2206//112 4691//112
f 2201//113 2210//113 4693//113
f 1245//114 2201//114 4686//114
f 1235//115 1245//115 4661//115
f 1250//116 1235//116 4660//116
f 1246//117 1250//117 4667//117
f 1251//118 1246//118 4665//118
f 4665//118 4664//118 1251//118
f 4667//117 4665//117 1246//117
f 4660//116 4667//116 1250//116
f 4661//115 4660//115 1235//115
f 4686//114 4661//114 1245//114
f 4693//113 4686//113 2201//113
f 4691//112 4693//112 2210//112
f 2153//24 2154//24 4656//24
f 2155//12 2153//12 4655//12
f 2156//119 2155//119 4658//119
f 2671//120 2156//120 4659//120
f 2660//15 2671//15 4813//15
f 4813//15 4803//15 2660//15
f 4659//120 4813//120 2671//120
f 4658//119 4659//119 2156//119
f 4655//12 4658//12 2155//12
f 4656//24 4655//24 2153//24
f 1264//121 1265//121 4620//121
f 1261//122 1264//122 4619//122
f 1262//123 1261//123 4621//123
f 1277//124 1262//124 4609//124
f 2227//125 1277//125 4606//125
f 2229//126 2227//126 4581//126
f 2234//127 2229//127 4592//127
f 2226//128 2234//128 4594//128
f 4594//128 4589//128 2226//128
f 4592//127 4594//127 2234//127
f 4581//126 4592//126 2229//126
f 4606//125 4581//125 2227//125
f 4609//124 4606//124 1277//124
f 4621//123 4609//123 1262//123
f 4619//122 4621//122 1261//122
f 4620//121 4619//121 1264//121
f 2599//52 2591//52 4637//52
f 2121//129 2599//129 4639//129
f 1267//130 2121//130 4627//130
f 1263//9 1267//9 4633//9
f 1259//10 1263//10 4622//10
f 4622//10 4610//10 1259//10
f 4633//9 4622//9 1263//9
f 4627//130 4633//130 1267//130
f 4639//129 4627//129 2121//129
f 4637//52 4639//52 2599//52
f 2236//131 2230//131 4588//131
f 2237//132 2236//132 4591//132
f 2238//133 2237//133 4595//133
f 2595//134 2238//134 4596//134
f 2596//135 2595//135 4597//135
f 2598//136 2596//136 4640//136
f 2593//137 2598//137 4647//137
f 2590//138 2593//138 4641//138
f 4641//138 4635//138 2590//138
f 4647//137 4641//137 2593//137
f 4640//136 4647//136 2598//136
f 4597//135 4640//135 2596//135
f 4596//134 4597//134 2595//134
f 4595//133 4596//133 2238//133
f 4591//132 4595//132 2237//132
f 4588//131 4591//131 2236//131
f 4506//139 4509//139 2157//139
f 4503//140 4506//140 2161//140
f 4504//141 4503//141 2160//141
f 4507//142 4504//142 2163//142
f 4508//143 4507//143 2162//143
f 4513//144 4508//144 2166//144
f 4511//145 4513//145 2165//145
f 2165//145 2169//145 4511//145
f 2166//144 2165//144 4513//144
f 2162//143 2166//143 4508//143
f 2163//142 2162//142 4507//142
f 2160//141 2163//141 4504//141
f 2161//140 2160//140 4503//140
f 2157//139 2161//139 4506//139
f 4519//146 4515//146 2171//146
f 4518//147 4519//147 2172//147
f 4517//148 4518//148 2173//148
f 4512//149 4517//149 2174//149
f 2174//149 2158//149 4512//149
f 2173//148 2174//148 4517//148
f 2172//147 2173//147 4518//147
f 2171//146 2172//146 4519//146
f 4564//150 4562//150 2178//150
f 4563//151 4564//151 2177//151
f 4560//152 4563//152 2181//152
f 2181//152 2180//152 4560//152
f 2177//151 2181//151 4563//151
f 2178//150 2177//150 4564//150
f 4574//153 4572//153 2190//153
f 4578//154 4574//154 2193//154
f 4576//155 4578//155 2196//155
f 4577//156 4576//156 2195//156
f 4575//157 4577//157 2192//157
f 4570//158 4575//158 2191//158
f 4569//159 4570//159 2187//159
f 4565//160 4569//160 2189//160
f 2189//160 2184//160 4565//160
f 2187//159 2189//159 4569//159
f 2191//158 2187//158 4570//158
f 2192//157 2191//157 4575//157
f 2195//156 2192//156 4577//156
f 2196//155 2195//155 4576//155
f 2193//154 2196//154 4578//154
f 2190//153 2193//153 4574//153
f 3559//161 3555//161 2212//161
f 3557//162 3559//162 2213//162
f 3558//163 3557//163 2216//163
f 3556//164 3558//164 2215//164
f 4697//165 3556//165 2214//165
f 4695//166 4697//166 2211//166
f 4689//167 4695//167 2205//167
f 2205//167 2204//167 4689//167
f 2211//166 2205//166 4695//166
f 2214//165 2211//165 4697//165
f 2215//164 2214//164 3556//164
f 2216//163 2215//163 3558//163
f 2213//162 2216//162 3557//162
f 2212//161 2213//161 3559//161
f 4696//168 4690//168 2208//168
f 4692//169 4696//169 2207//169
f 4688//170 4692//170 2209//170
f 4687//171 4688//171 2202//171
f 2202//171 2200//171 4687//171
f 2209//170 2202//170 4688//170
f 2207//169 2209//169 4692//169
f 2208//168 2207//168 4696//168
f 4593//172 4587//172 2224//172
f 4590//173 4593//173 2231//173
f 3564//174 4590//174 2235//174
f 3563//175 3564//175 2220//175
f 3560//176 3563//176 2219//176
f 3561//177 3560//177 2221//177
f 3565//178 3561//178 2218//178
f 3562//179 3565//179 2217//179
f 2217//179 2223//179 3562//179
f 2218//178 2217//178 3565//178
f 2221//177 2218//177 3561//177
f 2219//176 2221//176 3560//176
f 2220//175 2219//175 3563//175
f 2235//174 2220//174 3564//174
f 2231//173 2235//173 4590//173
f 2224//172 2231//172 4593//172
f 4586//180 4585//180 2228//180
f 4582//181 4586//181 2232//181
f 4583//182 4582//182 2233//182
f 2233//182 2225//182 4583//182
f 2232//181 2233//181 4582//181
f 2228//180 2232//180 4586//180
f 3966//183 3970//183 1822//183
f 3967//184 3966//184 1825//184
f 3968//185 3967//185 1820//185
f 3964//186 3968//186 1819//186
f 3965//187 3964//187 1823//187
f 3977//188 3965//188 1821//188
f 3982//189 3977//189 1824//189
f 3980//190 3982//190 1916//190
f 3976//191 3980//191 1913//191
f 1913//191 1907//191 3976//191
f 1916//190 1913//190 3980//190
f 1824//189 1916//189 3982//189
f 1821//188 1824//188 3977//188
f 1823//187 1821//187 3965//187
f 1819//186 1823//186 3964//186
f 1820//185 1819//185 3968//185
f 1825//184 1820//184 3967//184
f 1822//183 1825//183 3966//183
f 1853//192 1850//192 3932//192
f 1852//193 1853//193 3933//193
f 1851//194 1852//194 3936//194
f 1854//195 1851//195 3935//195
f 1855//196 1854//196 3934//196
f 1862//197 1855//197 3937//197
f 1859//198 1862//198 3931//198
f 3931//198 3924//198 1859//198
f 3937//197 3931//197 1862//197
f 3934//196 3937//196 1855//196
f 3935//195 3934//195 1854//195
f 3936//194 3935//194 1851//194
f 3933//193 3936//193 1852//193
f 3932//192 3933//192 1853//192
f 1873//199 1872//199 3951//199
f 1918//200 1873//200 3949//200
f 1917//201 1918//201 3950//201
f 1906//202 1917//202 3948//202
f 3948//202 3947//202 1906//202
f 3950//201 3948//201 1917//201
f 3949//200 3950//200 1918//200
f 3951//199 3949//199 1873//199
f 1908//203 1904//203 3971//203
f 1909//204 1908//204 3972//204
f 1915//205 1909//205 3974//205
f 1914//206 1915//206 3973//206
f 1911//207 1914//207 3981//207
f 1912//208 1911//208 3979//208
f 1910//209 1912//209 3978//209
f 3978//209 3975//209 1910//209
f 3979//208 3978//208 1912//208
f 3981//207 3979//207 1911//207
f 3973//206 3981//206 1914//206
f 3974//205 3973//205 1915//205
f 3972//204 3974//204 1909//204
f 3971//203 3972//203 1908//203
f 3893//210 3891//210 1833//210
f 3894//211 3893//211 1835//211
f 3892//212 3894//212 1837//212
f 3888//213 3892//213 1836//213
f 3889//214 3888//214 1838//214
f 3928//215 3889//215 1834//215
f 3929//216 3928//216 1839//216
f 3926//217 3929//217 1860//217
f 3925//218 3926//218 1863//218
f 1863//218 1858//218 3925//218
f 1860//217 1863//217 3926//217
f 1839//216 1860//216 3929//216
f 1834//215 1839//215 3928//215
f 1838//214 1834//214 3889//214
f 1836//213 1838//213 3888//213
f 1837//212 1836//212 3892//212
f 1835//211 1837//211 3894//211
f 1833//210 1835//210 3893//210
f 3886//219 3885//219 1886//219
f 3883//220 3886//220 1922//220
f 3881//221 3883//221 1921//221
f 3882//30 3881//30 1920//30
f 3884//222 3882//222 1919//222
f 3887//223 3884//223 1923//223
f 3946//224 3887//224 1924//224
f 1924//224 1905//224 3946//224
f 1923//223 1924//223 3887//223
f 1919//222 1923//222 3884//222
f 1920//30 1919//30 3882//30
f 1921//221 1920//221 3881//221
f 1922//220 1921//220 3883//220
f 1886//219 1922//219 3886//219
f 3919//225 3921//225 1871//225
f 3920//226 3919//226 1867//226
f 3918//227 3920//227 1866//227
f 3916//31 3918//31 1865//31
f 3917//228 3916//228 1868//228
f 3922//229 3917//229 1870//229
f 3923//230 3922//230 1869//230
f 1869//230 1856//230 3923//230
f 1870//229 1869//229 3922//229
f 1868//228 1870//228 3917//228
f 1865//31 1868//31 3916//31
f 1866//227 1865//227 3918//227
f 1867//226 1866//226 3920//226
f 1871//225 1867//225 3919//225
f 1899//231 1890//231 3895//231
f 1864//232 1899//232 3898//232
f 1861//233 1864//233 3904//233
f 1857//234 1861//234 3930//234
f 3930//234 3927//234 1857//234
f 3904//233 3930//233 1861//233
f 3898//232 3904//232 1864//232
f 3895//231 3898//231 1899//231
f 4071//183 4069//183 1713//183
f 4072//184 4071//184 1715//184
f 4070//235 4072//235 1717//235
f 4066//236 4070//236 1716//236
f 4067//187 4066//187 1718//187
f 4082//188 4067//188 1714//188
f 4085//189 4082//189 1719//189
f 4077//190 4085//190 1803//190
f 4075//191 4077//191 1800//191
f 1800//191 1796//191 4075//191
f 1803//190 1800//190 4077//190
f 1719//189 1803//189 4085//189
f 1714//188 1719//188 4082//188
f 1718//187 1714//187 4067//187
f 1716//236 1718//236 4066//236
f 1717//235 1716//235 4070//235
f 1715//184 1717//184 4072//184
f 1713//183 1715//183 4071//183
f 1744//237 1741//237 4038//237
f 1743//193 1744//193 4037//193
f 1742//194 1743//194 4041//194
f 1745//195 1742//195 4040//195
f 1746//196 1745//196 4039//196
f 1747//197 1746//197 4042//197
f 1749//198 1747//198 4036//198
f 4036//198 4031//198 1749//198
f 4042//197 4036//197 1747//197
f 4039//196 4042//196 1746//196
f 4040//195 4039//195 1745//195
f 4041//194 4040//194 1742//194
f 4037//193 4041//193 1743//193
f 4038//237 4037//237 1744//237
f 1771//199 1768//199 4051//199
f 1804//200 1771//200 4056//200
f 1798//201 1804//201 4059//201
f 1795//202 1798//202 4087//202
f 4087//202 4081//202 1795//202
f 4059//201 4087//201 1798//201
f 4056//200 4059//200 1804//200
f 4051//199 4056//199 1771//199
f 1806//203 1802//203 4076//203
f 1807//204 1806//204 4078//204
f 1809//205 1807//205 4080//205
f 1808//206 1809//206 4079//206
f 1805//238 1808//238 4086//238
f 1799//239 1805//239 4084//239
f 1797//209 1799//209 4083//209
f 4083//209 4074//209 1797//209
f 4084//239 4083//239 1799//239
f 4086//238 4084//238 1805//238
f 4079//206 4086//206 1808//206
f 4080//205 4079//205 1809//205
f 4078//204 4080//204 1807//204
f 4076//203 4078//203 1806//203
f 3988//210 3987//210 1727//210
f 3989//211 3988//211 1728//211
f 3990//212 3989//212 1730//212
f 3991//213 3990//213 1729//213
f 4035//214 3991//214 1731//214
f 4034//240 4035//240 1752//240
f 4032//216 4034//216 1748//216
f 4033//217 4032//217 1753//217
f 4030//218 4033//218 1751//218
f 1751//218 1750//218 4030//218
f 1753//217 1751//217 4033//217
f 1748//216 1753//216 4032//216
f 1752//240 1748//240 4034//240
f 1731//214 1752//214 4035//214
f 1729//213 1731//213 3991//213
f 1730//212 1729//212 3990//212
f 1728//211 1730//211 3989//211
f 1727//210 1728//210 3988//210
f 3999//219 4001//219 1818//219
f 3996//220 3999//220 1813//220
f 3993//221 3996//221 1812//221
f 3994//30 3993//30 1811//30
f 3995//222 3994//222 1810//222
f 3998//223 3995//223 1817//223
f 4073//224 3998//224 1816//224
f 1816//224 1794//224 4073//224
f 1817//223 1816//223 3998//223
f 1810//222 1817//222 3995//222
f 1811//30 1810//30 3994//30
f 1812//221 1811//221 3993//221
f 1813//220 1812//220 3996//220
f 1818//219 1813//219 3999//219
f 4026//241 4028//241 1764//241
f 4027//242 4026//242 1756//242
f 4025//227 4027//227 1755//227
f 4024//31 4025//31 1754//31
f 4020//228 4024//228 1758//228
f 4021//229 4020//229 1759//229
f 4029//230 4021//230 1761//230
f 1761//230 1762//230 4029//230
f 1759//229 1761//229 4021//229
f 1758//228 1759//228 4020//228
f 1754//31 1758//31 4024//31
f 1755//227 1754//227 4025//227
f 1756//242 1755//242 4027//242
f 1764//241 1756//241 4026//241
f 1815//231 1814//231 3997//231
f 1763//232 1815//232 3992//232
f 1757//233 1763//233 4002//233
f 1760//234 1757//234 4023//234
f 4023//234 4022//234 1760//234
f 4002//233 4023//233 1757//233
f 3992//232 4002//232 1763//232
f 3997//231 3992//231 1815//231
f 4157//183 4155//183 1601//183
f 4158//184 4157//184 1603//184
f 4156//235 4158//235 1605//235
f 4152//236 4156//236 1604//236
f 4153//187 4152//187 1606//187
f 4170//188 4153//188 1602//188
f 4169//189 4170//189 1607//189
f 4164//190 4169//190 1689//190
f 4161//191 4164//191 1685//191
f 1685//191 1679//191 4161//191
f 1689//190 1685//190 4164//190
f 1607//189 1689//189 4169//189
f 1602//188 1607//188 4170//188
f 1606//187 1602//187 4153//187
f 1604//236 1606//236 4152//236
f 1605//235 1604//235 4156//235
f 1603//184 1605//184 4158//184
f 1601//183 1603//183 4157//183
f 1645//237 1642//237 4121//237
f 1644//193 1645//193 4124//193
f 1640//194 1644//194 4126//194
f 1643//243 1640//243 4123//243
f 1646//196 1643//196 4122//196
f 1657//244 1646//244 4125//244
f 1653//198 1657//198 4120//198
f 4120//198 4109//198 1653//198
f 4125//244 4120//244 1657//244
f 4122//196 4125//196 1646//196
f 4123//243 4122//243 1643//243
f 4126//194 4123//194 1640//194
f 4124//193 4126//193 1644//193
f 4121//237 4124//237 1645//237
f 1665//199 1662//199 4135//199
f 1693//200 1665//200 4137//200
f 1682//201 1693//201 4145//201
f 1678//202 1682//202 4166//202
f 4166//202 4162//202 1678//202
f 4145//201 4166//201 1682//201
f 4137//200 4145//200 1693//200
f 4135//199 4137//199 1665//199
f 1691//203 1688//203 4168//203
f 1692//204 1691//204 4171//204
f 1695//205 1692//205 4173//205
f 1694//206 1695//206 4172//206
f 1690//238 1694//238 4176//238
f 1686//208 1690//208 4175//208
f 1680//209 1686//209 4174//209
f 4174//209 4160//209 1680//209
f 4175//208 4174//208 1686//208
f 4176//238 4175//238 1690//238
f 4172//206 4176//206 1694//206
f 4173//205 4172//205 1695//205
f 4171//204 4173//204 1692//204
f 4168//203 4171//203 1691//203
f 4266//245 4261//245 1617//245
f 4263//246 4266//246 1626//246
f 4264//212 4263//212 1627//212
f 4258//213 4264//213 1620//213
f 4262//214 4258//214 1619//214
f 4118//215 4262//215 1622//215
f 4119//247 4118//247 1625//247
f 4116//217 4119//217 1655//217
f 4110//218 4116//218 1656//218
f 1656//218 1649//218 4110//218
f 1655//217 1656//217 4116//217
f 1625//247 1655//247 4119//247
f 1622//215 1625//215 4118//215
f 1619//214 1622//214 4262//214
f 1620//213 1619//213 4258//213
f 1627//212 1620//212 4264//212
f 1626//246 1627//246 4263//246
f 1617//245 1626//245 4266//245
f 4094//219 4088//219 1696//219
f 4092//220 4094//220 1700//220
f 4095//221 4092//221 1702//221
f 4167//30 4095//30 1704//30
f 4165//222 4167//222 1684//222
f 4163//223 4165//223 1681//223
f 4159//224 4163//224 1683//224
f 1683//224 1677//224 4159//224
f 1681//223 1683//223 4163//223
f 1684//222 1681//222 4165//222
f 1704//30 1684//30 4167//30
f 1702//221 1704//221 4095//221
f 1700//220 1702//220 4092//220
f 1696//219 1700//219 4094//219
f 4140//241 4134//241 1659//241
f 4138//242 4140//242 1663//242
f 4117//227 4138//227 1664//227
f 4115//31 4117//31 1666//31
f 4111//228 4115//228 1652//228
f 4112//229 4111//229 1651//229
f 4108//230 4112//230 1654//230
f 1654//230 1647//230 4108//230
f 1651//229 1654//229 4112//229
f 1652//228 1651//228 4111//228
f 1666//31 1652//31 4115//31
f 1664//227 1666//227 4117//227
f 1663//242 1664//242 4138//242
f 1659//241 1663//241 4140//241
f 1703//231 1699//231 4089//231
f 1658//232 1703//232 4093//232
f 1650//233 1658//233 4104//233
f 1648//234 1650//234 4114//234
f 4114//234 4113//234 1648//234
f 4104//233 4114//233 1650//233
f 4093//232 4104//232 1658//232
f 4089//231 4093//231 1703//231
f 4280//183 4271//183 1632//183
f 4276//184 4280//184 1628//184
f 4277//185 4276//185 1634//185
f 4281//236 4277//236 1633//236
f 4282//187 4281//187 1637//187
f 4283//188 4282//188 1510//188
f 4284//189 4283//189 1507//189
f 4291//190 4284//190 1508//190
f 4234//191 4291//191 1509//191
f 1509//191 1595//191 4234//191
f 1508//190 1509//190 4291//190
f 1507//189 1508//189 4284//189
f 1510//188 1507//188 4283//188
f 1637//187 1510//187 4282//187
f 1633//236 1637//236 4281//236
f 1634//185 1633//185 4277//185
f 1628//184 1634//184 4276//184
f 1632//183 1628//183 4280//183
f 1535//237 1532//237 4217//237
f 1534//193 1535//193 4220//193
f 1531//194 1534//194 4222//194
f 1533//243 1531//243 4219//243
f 1536//196 1533//196 4218//196
f 1543//244 1536//244 4221//244
f 1540//198 1543//198 4216//198
f 4216//198 4209//198 1540//198
f 4221//244 4216//244 1543//244
f 4218//196 4221//196 1536//196
f 4219//243 4218//243 1533//243
f 4222//194 4219//194 1531//194
f 4220//193 4222//193 1534//193
f 4217//237 4220//237 1535//237
f 1552//199 1549//199 4242//199
f 1600//200 1552//200 4247//200
f 1590//201 1600//201 4252//201
f 1594//202 1590//202 4235//202
f 4235//202 4236//202 1594//202
f 4252//201 4235//201 1590//201
f 4247//200 4252//200 1600//200
f 4242//199 4247//199 1552//199
f 1583//203 1582//203 4285//203
f 1589//204 1583//204 4286//204
f 1587//205 1589//205 4287//205
f 1588//248 1587//248 4288//248
f 1586//238 1588//238 4290//238
f 1584//208 1586//208 4289//208
f 1585//209 1584//209 4292//209
f 4292//209 4233//209 1585//209
f 4289//208 4292//208 1584//208
f 4290//238 4289//238 1586//238
f 4288//248 4290//248 1588//248
f 4287//205 4288//205 1587//205
f 4286//204 4287//204 1589//204
f 4285//203 4286//203 1583//203
f 4185//210 4184//210 1519//210
f 4181//211 4185//211 1520//211
f 4182//212 4181//212 1521//212
f 4179//213 4182//213 1517//213
f 4180//214 4179//214 1516//214
f 4213//215 4180//215 1515//215
f 4214//247 4213//247 1518//247
f 4211//217 4214//217 1541//217
f 4210//218 4211//218 1544//218
f 1544//218 1539//218 4210//218
f 1541//217 1544//217 4211//217
f 1518//247 1541//247 4214//247
f 1515//215 1518//215 4213//215
f 1516//214 1515//214 4180//214
f 1517//213 1516//213 4179//213
f 1521//212 1517//212 4182//212
f 1520//211 1521//211 4181//211
f 1519//210 1520//210 4185//210
f 4240//219 4186//219 1565//219
f 4239//220 4240//220 1597//220
f 4230//221 4239//221 1596//221
f 4231//30 4230//30 1598//30
f 4238//222 4231//222 1591//222
f 4237//223 4238//223 1592//223
f 4232//224 4237//224 1599//224
f 1599//224 1593//224 4232//224
f 1592//223 1599//223 4237//223
f 1591//222 1592//222 4238//222
f 1598//30 1591//30 4231//30
f 1596//221 1598//221 4230//221
f 1597//220 1596//220 4239//220
f 1565//219 1597//219 4240//219
f 4251//241 4241//241 1546//241
f 4246//242 4251//242 1550//242
f 4250//227 4246//227 1551//227
f 4249//31 4250//31 1553//31
f 4244//228 4249//228 1554//228
f 4245//229 4244//229 1556//229
f 4208//230 4245//230 1555//230
f 1555//230 1537//230 4208//230
f 1556//229 1555//229 4245//229
f 1554//228 1556//228 4244//228
f 1553//31 1554//31 4249//31
f 1551//227 1553//227 4250//227
f 1550//242 1551//242 4246//242
f 1546//241 1550//241 4251//241
f 1575//231 1570//231 4187//231
f 1545//232 1575//232 4190//232
f 1542//233 1545//233 4196//233
f 1538//234 1542//234 4215//234
f 4215//234 4212//234 1538//234
f 4196//233 4215//233 1542//233
f 4190//232 4196//232 1545//232
f 4187//231 4190//231 1575//231
f 4382//249 4385//249 1405//249
f 4383//184 4382//184 1406//184
f 4381//250 4383//250 1403//250
f 4379//186 4381//186 1402//186
f 4380//187 4379//187 1404//187
f 4393//188 4380//188 1401//188
f 4392//189 4393//189 1407//189
f 4390//190 4392//190 1494//190
f 4388//191 4390//191 1492//191
f 1492//191 1487//191 4388//191
f 1494//190 1492//190 4390//190
f 1407//189 1494//189 4392//189
f 1401//188 1407//188 4393//188
f 1404//187 1401//187 4380//187
f 1402//186 1404//186 4379//186
f 1403//250 1402//250 4381//250
f 1406//184 1403//184 4383//184
f 1405//249 1406//249 4382//249
f 1435//237 1432//237 4347//237
f 1434//193 1435//193 4348//193
f 1433//194 1434//194 4351//194
f 1436//243 1433//243 4350//243
f 1437//196 1436//196 4349//196
f 1443//197 1437//197 4352//197
f 1438//198 1443//198 4346//198
f 4346//198 4339//198 1438//198
f 4352//197 4346//197 1443//197
f 4349//196 4352//196 1437//196
f 4350//243 4349//243 1436//243
f 4351//194 4350//194 1433//194
f 4348//193 4351//193 1434//193
f 4347//237 4348//237 1435//237
f 1454//251 1455//251 4370//251
f 1499//252 1454//252 4365//252
f 1500//253 1499//253 4364//253
f 1486//254 1500//254 4362//254
f 4362//254 4363//254 1486//254
f 4364//253 4362//253 1500//253
f 4365//252 4364//252 1499//252
f 4370//251 4365//251 1454//251
f 1493//203 1489//203 4386//203
f 1498//204 1493//204 4389//204
f 1496//205 1498//205 4391//205
f 1497//248 1496//248 4394//248
f 1495//238 1497//238 4396//238
f 1491//208 1495//208 4395//208
f 1490//209 1491//209 4397//209
f 4397//209 4387//209 1490//209
f 4395//208 4397//208 1491//208
f 4396//238 4395//238 1495//238
f 4394//248 4396//248 1497//248
f 4391//205 4394//205 1496//205
f 4389//204 4391//204 1498//204
f 4386//203 4389//203 1493//203
f 4309//210 4308//210 1415//210
f 4305//211 4309//211 1419//211
f 4306//212 4305//212 1420//212
f 4303//213 4306//213 1417//213
f 4304//214 4303//214 1416//214
f 4341//215 4304//215 1418//215
f 4345//247 4341//247 1421//247
f 4344//217 4345//217 1439//217
f 4340//218 4344//218 1445//218
f 1445//218 1442//218 4340//218
f 1439//217 1445//217 4344//217
f 1421//247 1439//247 4345//247
f 1418//215 1421//215 4341//215
f 1416//214 1418//214 4304//214
f 1417//213 1416//213 4303//213
f 1420//212 1417//212 4306//212
f 1419//211 1420//211 4305//211
f 1415//210 1419//210 4309//210
f 4302//219 4301//219 1468//219
f 4300//255 4302//255 1504//255
f 4296//256 4300//256 1503//256
f 4297//30 4296//30 1502//30
f 4298//222 4297//222 1501//222
f 4299//257 4298//257 1505//257
f 4361//224 4299//224 1506//224
f 1506//224 1485//224 4361//224
f 1505//257 1506//257 4299//257
f 1501//222 1505//222 4298//222
f 1502//30 1501//30 4297//30
f 1503//256 1502//256 4296//256
f 1504//255 1503//255 4300//255
f 1468//219 1504//219 4302//219
f 4336//225 4335//225 1453//225
f 4334//226 4336//226 1450//226
f 4331//227 4334//227 1449//227
f 4332//31 4331//31 1448//31
f 4333//258 4332//258 1447//258
f 4337//259 4333//259 1452//259
f 4338//260 4337//260 1451//260
f 1451//260 1440//260 4338//260
f 1452//259 1451//259 4337//259
f 1447//258 1452//258 4333//258
f 1448//31 1447//31 4332//31
f 1449//227 1448//227 4331//227
f 1450//226 1449//226 4334//226
f 1453//225 1450//225 4336//225
f 1472//231 1471//231 4310//231
f 1446//261 1472//261 4313//261
f 1444//262 1446//262 4318//262
f 1441//234 1444//234 4343//234
f 4343//234 4342//234 1441//234
f 4318//262 4343//262 1444//262
f 4313//261 4318//261 1446//261
f 4310//231 4313//231 1472//231
f 4479//183 4476//183 1306//183
f 4481//184 4479//184 1307//184
f 4480//235 4481//235 1308//235
f 4477//186 4480//186 1310//186
f 4478//187 4477//187 1311//187
f 4494//188 4478//188 1309//188
f 4495//189 4494//189 1312//189
f 4493//190 4495//190 1392//190
f 4488//191 4493//191 1391//191
f 1391//191 1386//191 4488//191
f 1392//190 1391//190 4493//190
f 1312//189 1392//189 4495//189
f 1309//188 1312//188 4494//188
f 1311//187 1309//187 4478//187
f 1310//186 1311//186 4477//186
f 1308//235 1310//235 4480//235
f 1307//184 1308//184 4481//184
f 1306//183 1307//183 4479//183
f 2739//237 2733//237 4437//237
f 2742//193 2739//193 4440//193
f 2741//194 2742//194 4443//194
f 2737//195 2741//195 4444//195
f 2738//196 2737//196 4445//196
f 1343//197 2738//197 4442//197
f 1344//198 1343//198 4436//198
f 4436//198 4434//198 1344//198
f 4442//197 4436//197 1343//197
f 4445//196 4442//196 2738//196
f 4444//195 4445//195 2737//195
f 4443//194 4444//194 2741//194
f 4440//193 4443//193 2742//193
f 4437//237 4440//237 2739//237
f 1349//251 1348//251 4454//251
f 1393//252 1349//252 4459//252
f 1379//253 1393//253 4468//253
f 1384//254 1379//254 4485//254
f 4485//254 4491//254 1384//254
f 4468//253 4485//253 1379//253
f 4459//252 4468//252 1393//252
f 4454//251 4459//251 1349//251
f 1400//203 1396//203 4498//203
f 1398//204 1400//204 4499//204
f 1399//205 1398//205 4502//205
f 1397//206 1399//206 4501//206
f 1394//207 1397//207 4500//207
f 1389//208 1394//208 4497//208
f 1388//209 1389//209 4496//209
f 4496//209 4487//209 1388//209
f 4497//208 4496//208 1389//208
f 4500//207 4497//207 1394//207
f 4501//206 4500//206 1397//206
f 4502//205 4501//205 1399//205
f 4499//204 4502//204 1398//204
f 4498//203 4499//203 1400//203
f 4399//210 4398//210 1328//210
f 4406//211 4399//211 1329//211
f 4403//263 4406//263 1326//263
f 4404//264 4403//264 1325//264
f 4401//214 4404//214 1321//214
f 4402//240 4401//240 1320//240
f 4405//247 4402//247 1322//247
f 4407//217 4405//217 1324//217
f 4435//218 4407//218 1323//218
f 1323//218 1327//218 4435//218
f 1324//217 1323//217 4407//217
f 1322//247 1324//247 4405//247
f 1320//240 1322//240 4402//240
f 1321//214 1320//214 4401//214
f 1325//264 1321//264 4404//264
f 1326//263 1325//263 4403//263
f 1329//211 1326//211 4406//211
f 1328//210 1329//210 4399//210
f 4492//219 4408//219 1367//219
f 4484//220 4492//220 1390//220
f 4482//256 4484//256 1383//256
f 4483//30 4482//30 1381//30
f 4489//222 4483//222 1380//222
f 4490//223 4489//223 1382//223
f 4486//224 4490//224 1387//224
f 1387//224 1385//224 4486//224
f 1382//223 1387//223 4490//223
f 1380//222 1382//222 4489//222
f 1381//30 1380//30 4483//30
f 1383//256 1381//256 4482//256
f 1390//220 1383//220 4484//220
f 1367//219 1390//219 4492//219
f 4463//241 4453//241 1352//241
f 4458//242 4463//242 1347//242
f 4462//227 4458//227 1346//227
f 4461//31 4462//31 1350//31
f 4456//258 4461//258 1351//258
f 4457//229 4456//229 1356//229
f 4431//230 4457//230 1355//230
f 1355//230 1340//230 4431//230
f 1356//229 1355//229 4457//229
f 1351//258 1356//258 4456//258
f 1350//31 1351//31 4461//31
f 1346//227 1350//227 4462//227
f 1347//242 1346//242 4458//242
f 1352//241 1347//241 4463//241
f 1369//231 1368//231 4409//231
f 1345//261 1369//261 4411//261
f 1342//262 1345//262 4420//262
f 1341//234 1342//234 4433//234
f 4433//234 4432//234 1341//234
f 4420//262 4433//262 1342//262
f 4411//261 4420//261 1345//261
f 4409//231 4411//231 1369//231
f 1996//203 1991//203 3856//203
f 1997//204 1996//204 3857//204
f 1999//265 1997//265 3859//265
f 1994//266 1999//266 3858//266
f 1995//207 1994//207 3862//207
f 1992//208 1995//208 3860//208
f 1993//209 1992//209 3861//209
f 3861//209 3854//209 1993//209
f 3860//208 3861//208 1992//208
f 3862//207 3860//207 1995//207
f 3858//266 3862//266 1994//266
f 3859//265 3858//265 1999//265
f 3857//204 3859//204 1997//204
f 3856//203 3857//203 1996//203
f 3788//267 3786//267 1981//267
f 3789//211 3788//211 1983//211
f 3787//212 3789//212 1985//212
f 3783//213 3787//213 1984//213
f 3784//214 3783//214 1986//214
f 3833//215 3784//215 1982//215
f 3834//247 3833//247 1977//247
f 3831//217 3834//217 1976//217
f 3828//218 3831//218 1978//218
f 1978//218 1973//218 3828//218
f 1976//217 1978//217 3831//217
f 1977//247 1976//247 3834//247
f 1982//215 1977//215 3833//215
f 1986//214 1982//214 3784//214
f 1984//213 1986//213 3783//213
f 1985//212 1984//212 3787//212
f 1983//211 1985//211 3789//211
f 1981//267 1983//267 3788//267
f 3800//219 3792//219 2000//219
f 3799//220 3800//220 2004//220
f 3791//256 3799//256 2008//256
f 3795//30 3791//30 2006//30
f 3797//222 3795//222 2005//222
f 3798//257 3797//257 2010//257
f 3804//224 3798//224 2011//224
f 2011//224 1987//224 3804//224
f 2010//257 2011//257 3798//257
f 2005//222 2010//222 3797//222
f 2006//30 2005//30 3795//30
f 2008//256 2006//256 3791//256
f 2004//220 2008//220 3799//220
f 2000//219 2004//219 3800//219
f 3844//183 3848//183 1932//183
f 3845//184 3844//184 1934//184
f 3846//185 3845//185 1930//185
f 3842//268 3846//268 1929//268
f 3843//269 3842//269 1933//269
f 3851//270 3843//270 1931//270
f 3849//189 3851//189 1926//189
f 3850//190 3849//190 1925//190
f 3855//191 3850//191 1928//191
f 1928//191 1927//191 3855//191
f 1925//190 1928//190 3850//190
f 1926//189 1925//189 3849//189
f 1931//270 1926//270 3851//270
f 1933//269 1931//269 3843//269
f 1929//268 1933//268 3842//268
f 1930//185 1929//185 3846//185
f 1934//184 1930//184 3845//184
f 1932//183 1934//183 3844//183
f 1955//237 1952//237 3836//237
f 1954//193 1955//193 3837//193
f 1953//194 1954//194 3840//194
f 1956//195 1953//195 3839//195
f 1957//196 1956//196 3838//196
f 1979//197 1957//197 3841//197
f 1975//198 1979//198 3835//198
f 3835//198 3827//198 1975//198
f 3841//197 3835//197 1979//197
f 3838//196 3841//196 1957//196
f 3839//195 3838//195 1956//195
f 3840//194 3839//194 1953//194
f 3837//193 3840//193 1954//193
f 3836//237 3837//237 1955//237
f 1947//199 1946//199 3864//199
f 1998//200 1947//200 3866//200
f 1989//201 1998//201 3863//201
f 1988//202 1989//202 3853//202
f 3853//202 3852//202 1988//202
f 3863//201 3853//201 1989//201
f 3866//200 3863//200 1998//200
f 3864//199 3866//199 1947//199
f 2009//231 2003//231 3793//231
f 1980//232 2009//232 3790//232
f 1968//233 1980//233 3811//233
f 1971//234 1968//234 3823//234
f 3823//234 3822//234 1971//234
f 3811//233 3823//233 1968//233
f 3790//232 3811//232 1980//232
f 3793//231 3790//231 2009//231
f 3829//225 3832//225 1945//225
f 3830//226 3829//226 1967//226
f 3825//227 3830//227 1966//227
f 3824//31 3825//31 1965//31
f 3820//228 3824//228 1969//228
f 3821//229 3820//229 1970//229
f 3826//230 3821//230 1974//230
f 1974//230 1972//230 3826//230
f 1970//229 1974//229 3821//229
f 1969//228 1970//228 3820//228
f 1965//31 1969//31 3824//31
f 1966//227 1965//227 3825//227
f 1967//226 1966//226 3830//226
f 1945//225 1967//225 3829//225
f 3809//271 3806//271 2012//271
f 3810//272 3809//272 2015//272
f 3813//273 3810//273 2017//273
f 3812//274 3813//274 2016//274
f 3808//275 3812//275 2020//275
f 3803//276 3808//276 2019//276
f 3796//277 3803//277 2018//277
f 2018//277 2001//277 3796//277
f 2019//276 2018//276 3803//276
f 2020//275 2019//275 3808//275
f 2016//274 2020//274 3812//274
f 2017//273 2016//273 3813//273
f 2015//272 2017//272 3810//272
f 2012//271 2015//271 3809//271
f 1939//278 1937//278 3872//278
f 1940//279 1939//279 3875//279
f 1938//280 1940//280 3877//280
f 1935//281 1938//281 3876//281
f 1941//282 1935//282 3874//282
f 1944//283 1941//283 3873//283
f 1942//284 1944//284 3870//284
f 1943//73 1942//73 3869//73
f 1949//285 1943//285 3871//285
f 3871//285 3865//285 1949//285
f 3869//73 3871//73 1943//73
f 3870//284 3869//284 1942//284
f 3873//283 3870//283 1944//283
f 3874//282 3873//282 1941//282
f 3876//281 3874//281 1935//281
f 3877//280 3876//280 1938//280
f 3875//279 3877//279 1940//279
f 3872//278 3875//278 1939//278
f 4840//286 4837//286 2627//286
f 4843//287 4840//287 2630//287
f 4844//288 4843//288 2632//288
f 4841//289 4844//289 2634//289
f 4842//290 4841//290 2633//290
f 3867//291 4842//291 2635//291
f 3868//292 3867//292 1950//292
f 1950//292 1948//292 3868//292
f 2635//291 1950//291 3867//291
f 2633//290 2635//290 4842//290
f 2634//289 2633//289 4841//289
f 2632//288 2634//288 4844//288
f 2630//287 2632//287 4843//287
f 2627//286 2630//286 4840//286
f 1960//293 1964//293 3817//293
f 1961//294 1960//294 3819//294
f 1962//295 1961//295 3815//295
f 1958//296 1962//296 3814//296
f 1959//297 1958//297 3818//297
f 2014//298 1959//298 3816//298
f 2013//299 2014//299 3802//299
f 2007//300 2013//300 3807//300
f 2002//301 2007//301 3801//301
f 3801//301 3794//301 2002//301
f 3807//300 3801//300 2007//300
f 3802//299 3807//299 2013//299
f 3816//298 3802//298 2014//298
f 3818//297 3816//297 1959//297
f 3814//296 3818//296 1958//296
f 3815//295 3814//295 1962//295
f 3819//294 3815//294 1961//294
f 3817//293 3819//293 1960//293
f 4416//271 4419//271 1372//271
f 4417//272 4416//272 1376//272
f 4421//273 4417//273 1374//273
f 4414//302 4421//302 1373//302
f 4415//275 4414//275 1377//275
f 4412//276 4415//276 1375//276
f 4413//303 4412//303 1378//303
f 1378//303 1370//303 4413//303
f 1375//276 1378//276 4412//276
f 1377//275 1375//275 4415//275
f 1373//302 1377//302 4414//302
f 1374//273 1373//273 4421//273
f 1376//272 1374//272 4417//272
f 1372//271 1376//271 4416//271
f 1319//278 1317//278 4470//278
f 1318//279 1319//279 4472//279
f 1315//304 1318//304 4473//304
f 1313//305 1315//305 4474//305
f 1314//282 1313//282 4471//282
f 1358//283 1314//283 4469//283
f 1359//284 1358//284 4466//284
f 1357//73 1359//73 4465//73
f 1354//285 1357//285 4464//285
f 4464//285 4455//285 1354//285
f 4465//73 4464//73 1357//73
f 4466//284 4465//284 1359//284
f 4469//283 4466//283 1358//283
f 4471//282 4469//282 1314//282
f 4474//305 4471//305 1313//305
f 4473//304 4474//304 1315//304
f 4472//279 4473//279 1318//279
f 4470//278 4472//278 1319//278
f 4449//286 4447//286 1361//286
f 4450//287 4449//287 1362//287
f 4448//306 4450//306 1364//306
f 4451//307 4448//307 1363//307
f 4452//290 4451//290 1365//290
f 4467//291 4452//291 1366//291
f 4460//308 4467//308 1360//308
f 1360//308 1353//308 4460//308
f 1366//291 1360//291 4467//291
f 1365//290 1366//290 4452//290
f 1363//307 1365//307 4451//307
f 1364//306 1363//306 4448//306
f 1362//287 1364//287 4450//287
f 1361//286 1362//286 4449//286
f 1331//293 1330//293 4429//293
f 1339//294 1331//294 4430//294
f 1337//309 1339//309 4426//309
f 1338//310 1337//310 4425//310
f 1336//297 1338//297 4428//297
f 1333//298 1336//298 4427//298
f 1334//299 1333//299 4422//299
f 1335//311 1334//311 4424//311
f 1371//301 1335//301 4423//301
f 4423//301 4410//301 1371//301
f 4424//311 4423//311 1335//311
f 4422//299 4424//299 1334//299
f 4427//298 4422//298 1333//298
f 4428//297 4427//297 1336//297
f 4425//310 4428//310 1338//310
f 4426//309 4425//309 1337//309
f 4430//294 4426//294 1339//294
f 4429//293 4430//293 1331//293
f 4324//271 4320//271 1478//271
f 4322//272 4324//272 1479//272
f 4323//273 4322//273 1482//273
f 4321//274 4323//274 1481//274
f 4319//275 4321//275 1480//275
f 4315//276 4319//276 1477//276
f 4312//277 4315//277 1476//277
f 1476//277 1469//277 4312//277
f 1477//276 1476//276 4315//276
f 1480//275 1477//275 4319//275
f 1481//274 1480//274 4321//274
f 1482//273 1481//273 4323//273
f 1479//272 1482//272 4322//272
f 1478//271 1479//271 4324//271
f 1414//278 1413//278 4376//278
f 1410//312 1414//312 4377//312
f 1411//280 1410//280 4378//280
f 1408//305 1411//305 4374//305
f 1409//282 1408//282 4373//282
f 1457//283 1409//283 4375//283
f 1459//284 1457//284 4368//284
f 1460//73 1459//73 4367//73
f 1458//285 1460//285 4372//285
f 4372//285 4371//285 1458//285
f 4367//73 4372//73 1460//73
f 4368//284 4367//284 1459//284
f 4375//283 4368//283 1457//283
f 4373//282 4375//282 1409//282
f 4374//305 4373//305 1408//305
f 4378//280 4374//280 1411//280
f 4377//312 4378//312 1410//312
f 4376//278 4377//278 1414//278
f 4359//286 4356//286 1462//286
f 4358//287 4359//287 1465//287
f 4355//306 4358//306 1467//306
f 4357//313 4355//313 1464//313
f 4360//314 4357//314 1463//314
f 4369//291 4360//291 1466//291
f 4366//308 4369//308 1461//308
f 1461//308 1456//308 4366//308
f 1466//291 1461//291 4369//291
f 1463//314 1466//314 4360//314
f 1464//313 1463//313 4357//313
f 1467//306 1464//306 4355//306
f 1465//287 1467//287 4358//287
f 1462//286 1465//286 4359//286
f 1424//293 1423//293 4325//293
f 1425//294 1424//294 4326//294
f 1428//295 1425//295 4328//295
f 1426//296 1428//296 4327//296
f 1427//297 1426//297 4330//297
f 1475//298 1427//298 4329//298
f 1474//299 1475//299 4314//299
f 1473//300 1474//300 4317//300
f 1470//301 1473//301 4316//301
f 4316//301 4311//301 1470//301
f 4317//300 4316//300 1473//300
f 4314//299 4317//299 1474//299
f 4329//298 4314//298 1475//298
f 4330//297 4329//297 1427//297
f 4327//296 4330//296 1426//296
f 4328//295 4327//295 1428//295
f 4326//294 4328//294 1425//294
f 4325//293 4326//293 1424//293
f 4197//315 4191//315 1569//315
f 4201//272 4197//272 1571//272
f 4199//273 4201//273 1574//273
f 4200//274 4199//274 1577//274
f 4198//275 4200//275 1579//275
f 4193//316 4198//316 1578//316
f 4189//303 4193//303 1576//303
f 1576//303 1566//303 4189//303
f 1578//316 1576//316 4193//316
f 1579//275 1578//275 4198//275
f 1577//274 1579//274 4200//274
f 1574//273 1577//273 4199//273
f 1571//272 1574//272 4201//272
f 1569//315 1571//315 4197//315
f 1618//317 1616//317 4265//317
f 1623//279 1618//279 4269//279
f 1621//280 1623//280 4270//280
f 1514//305 1621//305 4268//305
f 1511//282 1514//282 4267//282
f 1512//283 1511//283 4256//283
f 1513//318 1512//318 4255//318
f 1557//73 1513//73 4257//73
f 1548//285 1557//285 4253//285
f 4253//285 4243//285 1548//285
f 4257//73 4253//73 1557//73
f 4255//318 4257//318 1513//318
f 4256//283 4255//283 1512//283
f 4267//282 4256//282 1511//282
f 4268//305 4267//305 1514//305
f 4270//280 4268//280 1621//280
f 4269//279 4270//279 1623//279
f 4265//317 4269//317 1618//317
f 4228//286 4226//286 1558//286
f 4227//287 4228//287 1560//287
f 4224//306 4227//306 1562//306
f 4225//307 4224//307 1563//307
f 4229//290 4225//290 1559//290
f 4254//291 4229//291 1561//291
f 4248//308 4254//308 1564//308
f 1564//308 1547//308 4248//308
f 1561//291 1564//291 4254//291
f 1559//290 1561//290 4229//290
f 1563//307 1559//307 4225//307
f 1562//306 1563//306 4224//306
f 1560//287 1562//287 4227//287
f 1558//286 1560//286 4228//286
f 1528//293 1527//293 4205//293
f 1524//294 1528//294 4206//294
f 1525//309 1524//309 4207//309
f 1522//310 1525//310 4204//310
f 1523//297 1522//297 4203//297
f 1573//298 1523//298 4202//298
f 1572//299 1573//299 4192//299
f 1568//300 1572//300 4195//300
f 1567//301 1568//301 4194//301
f 4194//301 4188//301 1567//301
f 4195//300 4194//300 1568//300
f 4192//299 4195//299 1572//299
f 4202//298 4192//298 1573//298
f 4203//297 4202//297 1523//297
f 4204//310 4203//310 1522//310
f 4207//309 4204//309 1525//309
f 4206//294 4207//294 1524//294
f 4205//293 4206//293 1528//293
f 4107//271 4100//271 1705//271
f 4106//272 4107//272 1707//272
f 4102//273 4106//273 1711//273
f 4103//302 4102//302 1712//302
f 4105//275 4103//275 1709//275
f 4098//276 4105//276 1708//276
f 4091//303 4098//303 1710//303
f 1710//303 1697//303 4091//303
f 1708//276 1710//276 4098//276
f 1709//275 1708//275 4105//275
f 1712//302 1709//302 4103//302
f 1711//273 1712//273 4102//273
f 1707//272 1711//272 4106//272
f 1705//271 1707//271 4107//271
f 1613//278 1611//278 4146//278
f 1614//279 1613//279 4148//279
f 1612//304 1614//304 4150//304
f 1608//305 1612//305 4149//305
f 1609//282 1608//282 4151//282
f 1668//283 1609//283 4147//283
f 1669//318 1668//318 4142//318
f 1667//73 1669//73 4141//73
f 1661//285 1667//285 4143//285
f 4143//285 4136//285 1661//285
f 4141//73 4143//73 1667//73
f 4142//318 4141//318 1669//318
f 4147//283 4142//283 1668//283
f 4151//282 4147//282 1609//282
f 4149//305 4151//305 1608//305
f 4150//304 4149//304 1612//304
f 4148//279 4150//279 1614//279
f 4146//278 4148//278 1613//278
f 4131//286 4128//286 1671//286
f 4130//287 4131//287 1672//287
f 4129//306 4130//306 1675//306
f 4132//307 4129//307 1674//307
f 4133//314 4132//314 1673//314
f 4144//291 4133//291 1676//291
f 4139//308 4144//308 1670//308
f 1670//308 1660//308 4139//308
f 1676//291 1670//291 4144//291
f 1673//314 1676//314 4133//314
f 1674//307 1673//307 4132//307
f 1675//306 1674//306 4129//306
f 1672//287 1675//287 4130//287
f 1671//286 1672//286 4131//286
f 1638//293 1631//293 4278//293
f 1629//319 1638//319 4275//319
f 1630//295 1629//295 4273//295
f 1635//310 1630//310 4272//310
f 1636//297 1635//297 4279//297
f 1639//298 1636//298 4274//298
f 1706//299 1639//299 4097//299
f 1701//300 1706//300 4101//300
f 1698//301 1701//301 4096//301
f 4096//301 4090//301 1698//301
f 4101//300 4096//300 1701//300
f 4097//299 4101//299 1706//299
f 4274//298 4097//298 1639//298
f 4279//297 4274//297 1636//297
f 4272//310 4279//310 1635//310
f 4273//295 4272//295 1630//295
f 4275//319 4273//319 1629//319
f 4278//293 4275//293 1638//293
f 4007//271 4013//271 1785//271
f 4012//272 4007//272 1780//272
f 4015//273 4012//273 1779//273
f 4014//302 4015//302 1786//302
f 4011//275 4014//275 1790//275
f 4004//276 4011//276 1788//276
f 4005//303 4004//303 1787//303
f 1787//303 1781//303 4005//303
f 1788//276 1787//276 4004//276
f 1790//275 1788//275 4011//275
f 1786//302 1790//302 4014//302
f 1779//273 1786//273 4015//273
f 1780//272 1779//272 4012//272
f 1785//271 1780//271 4007//271
f 1725//278 1723//278 4060//278
f 1726//279 1725//279 4062//279
f 1724//304 1726//304 4064//304
f 1720//305 1724//305 4063//305
f 1721//282 1720//282 4065//282
f 1769//320 1721//320 4061//320
f 1770//284 1769//284 4055//284
f 1767//73 1770//73 4054//73
f 1766//285 1767//285 4058//285
f 4058//285 4052//285 1766//285
f 4054//73 4058//73 1767//73
f 4055//284 4054//284 1770//284
f 4061//320 4055//320 1769//320
f 4065//282 4061//282 1721//282
f 4063//305 4065//305 1720//305
f 4064//304 4063//304 1724//304
f 4062//279 4064//279 1726//279
f 4060//278 4062//278 1725//278
f 4048//321 4045//321 1773//321
f 4047//287 4048//287 1774//287
f 4046//306 4047//306 1777//306
f 4049//307 4046//307 1776//307
f 4050//314 4049//314 1775//314
f 4057//322 4050//322 1778//322
f 4053//308 4057//308 1772//308
f 1772//308 1765//308 4053//308
f 1778//322 1772//322 4057//322
f 1775//314 1778//314 4050//314
f 1776//307 1775//307 4049//307
f 1777//306 1776//306 4046//306
f 1774//287 1777//287 4047//287
f 1773//321 1774//321 4048//321
f 1734//293 1737//293 4016//293
f 1735//294 1734//294 4019//294
f 1732//295 1735//295 4018//295
f 1733//310 1732//310 4017//310
f 1789//297 1733//297 4010//297
f 1784//298 1789//298 4008//298
f 1782//299 1784//299 4003//299
f 1783//311 1782//311 4009//311
f 1791//301 1783//301 4006//301
f 4006//301 4000//301 1791//301
f 4009//311 4006//311 1783//311
f 4003//299 4009//299 1782//299
f 4008//298 4003//298 1784//298
f 4010//297 4008//297 1789//297
f 4017//310 4010//310 1733//310
f 4018//295 4017//295 1732//295
f 4019//294 4018//294 1735//294
f 4016//293 4019//293 1734//293
f 3906//271 3902//271 1891//271
f 3907//272 3906//272 1894//272
f 3909//273 3907//273 1896//273
f 3908//302 3909//302 1895//302
f 3905//275 3908//275 1900//275
f 3900//276 3905//276 1898//276
f 3897//303 3900//303 1897//303
f 1897//303 1887//303 3897//303
f 1898//276 1897//276 3900//276
f 1900//275 1898//275 3905//275
f 1895//302 1900//302 3908//302
f 1896//273 1895//273 3909//273
f 1894//272 1896//272 3907//272
f 1891//271 1894//271 3906//271
f 1831//278 1829//278 3958//278
f 1832//312 1831//312 3960//312
f 1830//280 1832//280 3962//280
f 1826//305 1830//305 3961//305
f 1827//282 1826//282 3963//282
f 1877//283 1827//283 3959//283
f 1878//284 1877//284 3955//284
f 1876//73 1878//73 3954//73
f 1875//285 1876//285 3957//285
f 3957//285 3952//285 1875//285
f 3954//73 3957//73 1876//73
f 3955//284 3954//284 1878//284
f 3959//283 3955//283 1877//283
f 3963//282 3959//282 1827//282
f 3961//305 3963//305 1826//305
f 3962//280 3961//280 1830//280
f 3960//312 3962//312 1832//312
f 3958//278 3960//278 1831//278
f 3943//286 3940//286 1880//286
f 3942//287 3943//287 1881//287
f 3941//306 3942//306 1884//306
f 3944//307 3941//307 1883//307
f 3945//314 3944//314 1882//314
f 3956//291 3945//291 1885//291
f 3953//308 3956//308 1879//308
f 1879//308 1874//308 3953//308
f 1885//291 1879//291 3956//291
f 1882//314 1885//314 3945//314
f 1883//307 1882//307 3944//307
f 1884//306 1883//306 3941//306
f 1881//287 1884//287 3942//287
f 1880//286 1881//286 3943//286
f 1845//293 1843//293 3910//293
f 1846//294 1845//294 3912//294
f 1844//295 1846//295 3914//295
f 1840//310 1844//310 3913//310
f 1841//297 1840//297 3915//297
f 1893//298 1841//298 3911//298
f 1892//299 1893//299 3899//299
f 1889//311 1892//311 3903//311
f 1888//301 1889//301 3901//301
f 3901//301 3896//301 1888//301
f 3903//311 3901//311 1889//311
f 3899//299 3903//299 1892//299
f 3911//298 3899//298 1893//298
f 3915//297 3911//297 1841//297
f 3913//310 3915//310 1840//310
f 3914//295 3913//295 1844//295
f 3912//294 3914//294 1846//294
f 3910//293 3912//293 1845//293
f 4649//323 2608//323 2607//323
f 4642//324 2607//324 2604//324
f 4630//325 2604//325 2124//325
f 4628//38 2124//38 2123//38
f 4629//326 2123//326 2122//326
f 4631//327 2122//327 2125//327
f 4634//328 2125//328 2126//328
f 2126//328 4632//328 4634//328
f 2125//327 4634//327 4631//327
f 2122//326 4631//326 4629//326
f 2123//38 4629//38 4628//38
f 2124//325 4628//325 4630//325
f 2604//324 4630//324 4642//324
f 2607//323 4642//323 4649//323
f 4657//329 2152//329 2151//329
f 3760//330 2151//330 2150//330
f 3758//331 2150//331 2147//331
f 3759//36 2147//36 2146//36
f 3756//332 2146//332 2149//332
f 3757//333 2149//333 2148//333
f 4789//334 2148//334 2677//334
f 2677//334 4793//334 4789//334
f 2148//333 4789//333 3757//333
f 2149//332 3757//332 3756//332
f 2146//36 3756//36 3759//36
f 2147//331 3759//331 3758//331
f 2150//330 3758//330 3760//330
f 2151//329 3760//329 4657//329
f 3761//335 2694//335 2689//335
f 3763//336 2689//336 2145//336
f 3772//337 2145//337 2143//337
f 3773//26 2143//26 2142//26
f 3774//338 2142//338 2141//338
f 3775//339 2141//339 2144//339
f 3777//340 2144//340 2140//340
f 2140//340 3776//340 3777//340
f 2144//339 3777//339 3775//339
f 2141//338 3775//338 3774//338
f 2142//26 3774//26 3773//26
f 2143//337 3773//337 3772//337
f 2145//336 3772//336 3763//336
f 2689//335 3763//335 3761//335
f 3781//341 2139//341 2138//341
f 3778//342 2138//342 2136//342
f 3779//343 2136//343 2135//343
f 3780//13 2135//13 2137//13
f 3782//344 2137//344 2133//344
f 4547//345 2133//345 2129//345
f 2129//346 4548//346 4547//346
f 4548//347 2128//347 2790//347
f 2790//347 4905//347 4548//347
f 2129//348 2128//348 4548//348
f 2133//344 4547//344 3782//344
f 2137//13 3782//13 3780//13
f 2135//343 3780//343 3779//343
f 2136//342 3779//342 3778//342
f 2138//341 3778//341 3781//341
f 4756//5 4755//5 2276//5
f 4761//27 4756//27 2270//27
f 4762//36 4761//36 2285//36
f 4745//2 4762//2 2277//2
f 4746//1 4745//1 2263//1
f 4739//20 4746//20 2267//20
f 4751//19 4739//19 2266//19
f 4750//38 4751//38 2282//38
f 4747//17 4750//17 2281//17
f 4748//16 4747//16 2283//16
f 2283//16 2284//16 4748//16
f 2281//17 2283//17 4747//17
f 2282//38 2281//38 4750//38
f 2266//19 2282//19 4751//19
f 2267//20 2266//20 4739//20
f 2263//1 2267//1 4746//1
f 2277//2 2263//2 4745//2
f 2285//36 2277//36 4762//36
f 2270//27 2285//27 4761//27
f 2276//5 2270//5 4756//5
f 2284//30 2262//30 4772//30
f 4698//30 4772//30 2262//30
f 2262//30 2251//30 4698//30
f 4708//30 4698//30 2251//30
f 2251//30 2245//30 4708//30
f 2245//30 2243//30 4710//30
f 4710//30 4708//30 2245//30
f 4723//30 4710//30 2243//30
f 2243//30 2302//30 4723//30
f 4772//30 4748//30 2284//30
f 4728//15 4723//15 2302//15
f 4732//14 4728//14 2305//14
f 4731//13 4732//13 2306//13
f 4726//12 4731//12 2309//12
f 4727//24 4726//24 2310//24
f 4730//10 4727//10 2307//10
f 4729//9 4730//9 2312//9
f 4725//26 4729//26 2311//26
f 4724//7 4725//7 2313//7
f 4722//6 4724//6 2308//6
f 2308//6 2304//6 4722//6
f 2313//7 2308//7 4724//7
f 2311//26 2313//26 4725//26
f 2312//9 2311//9 4729//9
f 2307//10 2312//10 4730//10
f 2310//24 2307//24 4727//24
f 2309//12 2310//12 4726//12
f 2306//13 2309//13 4731//13
f 2305//14 2306//14 4732//14
f 2302//15 2305//15 4728//15
f 4722//31 2304//31 2303//31
f 2301//31 4734//31 4733//31
f 4733//31 2303//31 2301//31
f 4736//31 4734//31 2301//31
f 2301//31 2299//31 4736//31
f 4738//31 4736//31 2299//31
f 2299//31 2296//31 4738//31
f 4755//31 4738//31 2296//31
f 2296//31 2276//31 4755//31
f 2303//31 4733//31 4722//31
f 3538//5 3541//5 2346//5
f 3535//27 3538//27 2348//27
f 3536//36 3535//36 2342//36
f 3534//2 3536//2 2339//2
f 3532//28 3534//28 2338//28
f 3530//20 3532//20 2341//20
f 3531//19 3530//19 2340//19
f 3533//38 3531//38 2344//38
f 3539//17 3533//17 2343//17
f 3537//16 3539//16 2347//16
f 2347//16 2349//16 3537//16
f 2343//17 2347//17 3539//17
f 2344//38 2343//38 3533//38
f 2340//19 2344//19 3531//19
f 2341//20 2340//20 3530//20
f 2338//28 2341//28 3532//28
f 2339//2 2338//2 3534//2
f 2342//36 2339//36 3536//36
f 2348//27 2342//27 3535//27
f 2346//5 2348//5 3538//5
f 2349//30 2327//30 3747//30
f 3739//30 3747//30 2327//30
f 2327//30 2325//30 3739//30
f 3733//30 3739//30 2325//30
f 2325//30 2315//30 3733//30
f 3542//30 3733//30 2315//30
f 2315//30 2314//30 3542//30
f 3552//30 3542//30 2314//30
f 2314//30 2368//30 3552//30
f 3747//30 3537//30 2349//30
f 3547//15 3552//15 2368//15
f 3545//14 3547//14 2367//14
f 3546//13 3545//13 2363//13
f 3543//12 3546//12 2365//12
f 3544//24 3543//24 2364//24
f 3548//10 3544//10 2358//10
f 3549//9 3548//9 2357//9
f 3551//26 3549//26 2360//26
f 3550//7 3551//7 2359//7
f 3553//52 3550//52 2361//52
f 2361//52 2362//52 3553//52
f 2359//7 2361//7 3550//7
f 2360//26 2359//26 3551//26
f 2357//9 2360//9 3549//9
f 2358//10 2357//10 3548//10
f 2364//24 2358//24 3544//24
f 2365//12 2364//12 3543//12
f 2363//13 2365//13 3546//13
f 2367//14 2363//14 3545//14
f 2368//15 2367//15 3547//15
f 2362//31 2366//31 3524//31
f 3525//31 3524//31 2366//31
f 2366//31 2355//31 3525//31
f 3527//31 3525//31 2355//31
f 2355//31 2353//31 3527//31
f 3529//31 3527//31 2353//31
f 2353//31 2351//31 3529//31
f 3541//31 3529//31 2351//31
f 2351//31 2346//31 3541//31
f 3524//31 3553//31 2362//31
f 3508//5 3505//5 2398//5
f 3509//27 3508//27 2400//27
f 3507//36 3509//36 2402//36
f 3503//2 3507//2 2401//2
f 3501//28 3503//28 2403//28
f 3506//20 3501//20 2395//20
f 3502//19 3506//19 2394//19
f 3500//38 3502//38 2404//38
f 3499//17 3500//17 2399//17
f 3498//16 3499//16 2396//16
f 2396//16 2393//16 3498//16
f 2399//17 2396//17 3499//17
f 2404//38 2399//38 3500//38
f 2394//19 2404//19 3502//19
f 2395//20 2394//20 3506//20
f 2403//28 2395//28 3501//28
f 2401//2 2403//2 3503//2
f 2402//36 2401//36 3507//36
f 2400//27 2402//27 3509//27
f 2398//5 2400//5 3508//5
f 2393//30 2392//30 4926//30
f 3510//30 4926//30 2392//30
f 2392//30 2381//30 3510//30
f 3717//30 3510//30 2381//30
f 2381//30 2379//30 3717//30
f 3521//30 3717//30 2379//30
f 2379//30 2369//30 3521//30
f 3522//30 3521//30 2369//30
f 2369//30 2418//30 3522//30
f 4926//30 3498//30 2393//30
f 3519//15 3522//15 2418//15
f 3516//14 3519//14 2420//14
f 3517//13 3516//13 2414//13
f 3513//12 3517//12 2412//12
f 3514//11 3513//11 2411//11
f 3511//25 3514//25 2413//25
f 3512//9 3511//9 2415//9
f 3515//26 3512//26 2417//26
f 3520//7 3515//7 2416//7
f 3518//6 3520//6 2419//6
f 2419//6 2422//6 3518//6
f 2416//7 2419//7 3520//7
f 2417//26 2416//26 3515//26
f 2415//9 2417//9 3512//9
f 2413//25 2415//25 3511//25
f 2411//11 2413//11 3514//11
f 2412//12 2411//12 3513//12
f 2414//13 2412//13 3517//13
f 2420//14 2414//14 3516//14
f 2418//15 2420//15 3519//15
f 2422//31 2421//31 3492//31
f 3493//31 3492//31 2421//31
f 2421//31 2410//31 3493//31
f 3495//31 3493//31 2410//31
f 2410//31 2408//31 3495//31
f 3497//31 3495//31 2408//31
f 2408//31 2406//31 3497//31
f 3505//31 3497//31 2406//31
f 2406//31 2398//31 3505//31
f 3492//31 3518//31 2422//31
f 3448//5 3446//5 2467//5
f 3449//27 3448//27 2468//27
f 3453//36 3449//36 2469//36
f 3454//2 3453//2 2462//2
f 3452//1 3454//1 2461//1
f 3450//20 3452//20 2464//20
f 3451//19 3450//19 2463//19
f 3474//38 3451//38 2446//38
f 3456//17 3474//17 2455//17
f 3457//16 3456//16 2442//16
f 2442//16 2439//16 3457//16
f 2455//17 2442//17 3456//17
f 2446//38 2455//38 3474//38
f 2463//19 2446//19 3451//19
f 2464//20 2463//20 3450//20
f 2461//1 2464//1 3452//1
f 2462//2 2461//2 3454//2
f 2469//36 2462//36 3453//36
f 2468//27 2469//27 3449//27
f 2467//5 2468//5 3448//5
f 3457//30 2439//30 2436//30
f 2435//30 3479//30 3464//30
f 3464//30 2436//30 2435//30
f 3480//30 3479//30 2435//30
f 2435//30 2423//30 3480//30
f 3572//30 3480//30 2423//30
f 2423//30 2426//30 3572//30
f 3567//30 3572//30 2426//30
f 2426//30 2491//30 3567//30
f 2436//30 3464//30 3457//30
f 3573//15 3567//15 2491//15
f 3486//14 3573//14 2495//14
f 3487//13 3486//13 2481//13
f 3483//12 3487//12 2480//12
f 3484//11 3483//11 2483//11
f 3485//25 3484//25 2482//25
f 3481//9 3485//9 2484//9
f 3482//26 3481//26 2486//26
f 3489//7 3482//7 2485//7
f 3490//6 3489//6 2479//6
f 2479//6 2477//6 3490//6
f 2485//7 2479//7 3489//7
f 2486//26 2485//26 3482//26
f 2484//9 2486//9 3481//9
f 2482//25 2484//25 3485//25
f 2483//11 2482//11 3484//11
f 2480//12 2483//12 3483//12
f 2481//13 2480//13 3487//13
f 2495//14 2481//14 3486//14
f 2491//15 2495//15 3573//15
f 2477//31 2478//31 3439//31
f 3440//31 3439//31 2478//31
f 2478//31 2475//31 3440//31
f 3442//31 3440//31 2475//31
f 2475//31 2473//31 3442//31
f 2473//31 2471//31 3444//31
f 3444//31 3442//31 2473//31
f 3446//31 3444//31 2471//31
f 2471//31 2467//31 3446//31
f 3439//31 3490//31 2477//31
f 3425//5 3422//5 2528//5
f 3420//27 3425//27 2532//27
f 3416//36 3420//36 2533//36
f 3417//2 3416//2 2529//2
f 3414//1 3417//1 2525//1
f 3415//21 3414//21 2524//21
f 3419//19 3415//19 2523//19
f 3424//38 3419//38 2526//38
f 3423//17 3424//17 2530//17
f 3418//16 3423//16 2534//16
f 2534//16 2531//16 3418//16
f 2530//17 2534//17 3423//17
f 2526//38 2530//38 3424//38
f 2523//19 2526//19 3419//19
f 2524//21 2523//21 3415//21
f 2525//1 2524//1 3414//1
f 2529//2 2525//2 3417//2
f 2533//36 2529//36 3416//36
f 2532//27 2533//27 3420//27
f 2528//5 2532//5 3425//5
f 2531//30 2512//30 3605//30
f 3591//30 3605//30 2512//30
f 2512//30 2508//30 3591//30
f 3589//30 3591//30 2508//30
f 2508//30 2500//30 3589//30
f 3426//30 3589//30 2500//30
f 2500//30 2499//30 3426//30
f 3428//30 3426//30 2499//30
f 2499//30 2541//30 3428//30
f 3605//30 3418//30 2531//30
f 3433//15 3428//15 2541//15
f 3437//14 3433//14 2544//14
f 3436//13 3437//13 2545//13
f 3431//12 3436//12 2548//12
f 3432//24 3431//24 2549//24
f 3435//10 3432//10 2546//10
f 3434//9 3435//9 2551//9
f 3430//26 3434//26 2550//26
f 3429//7 3430//7 2552//7
f 3427//6 3429//6 2547//6
f 2547//6 2543//6 3427//6
f 2552//7 2547//7 3429//7
f 2550//26 2552//26 3430//26
f 2551//9 2550//9 3434//9
f 2546//10 2551//10 3435//10
f 2549//24 2546//24 3432//24
f 2548//12 2549//12 3431//12
f 2545//13 2548//13 3436//13
f 2544//14 2545//14 3437//14
f 2541//15 2544//15 3433//15
f 2543//31 2542//31 3408//31
f 3409//31 3408//31 2542//31
f 2542//31 2540//31 3409//31
f 3411//31 3409//31 2540//31
f 2540//31 2538//31 3411//31
f 3413//31 3411//31 2538//31
f 2538//31 2536//31 3413//31
f 3422//31 3413//31 2536//31
f 2536//31 2528//31 3422//31
f 3408//31 3427//31 2543//31
f 3406//51 3405//51 2586//51
f 3371//27 3406//27 2587//27
f 3375//36 3371//36 2579//36
f 3374//2 3375//2 2578//2
f 3369//1 3374//1 2581//1
f 3376//21 3369//21 2580//21
f 3372//19 3376//19 2582//19
f 3373//38 3372//38 2583//38
f 3395//17 3373//17 2567//17
f 3396//16 3395//16 2560//16
f 2560//16 2559//16 3396//16
f 2567//17 2560//17 3395//17
f 2583//38 2567//38 3373//38
f 2582//19 2583//19 3372//19
f 2580//21 2582//21 3376//21
f 2581//1 2580//1 3369//1
f 2578//2 2581//2 3374//2
f 2579//36 2578//36 3375//36
f 2587//27 2579//27 3371//27
f 2586//51 2587//51 3406//51
f 2559//30 2554//30 3377//30
f 3400//30 3377//30 2554//30
f 2554//30 2553//30 3400//30
f 4636//30 3400//30 2553//30
f 2553//30 2592//30 4636//30
f 3377//30 3396//30 2559//30
f 4648//15 4636//15 2592//15
f 4638//14 4648//14 2594//14
f 4646//13 4638//13 2597//13
f 4651//12 4646//12 2601//12
f 4653//11 4651//11 2600//11
f 4652//10 4653//10 2605//10
f 4645//9 4652//9 2610//9
f 4643//26 4645//26 2606//26
f 4644//7 4643//7 2611//7
f 4650//6 4644//6 2609//6
f 2609//6 2603//6 4650//6
f 2611//7 2609//7 4644//7
f 2606//26 2611//26 4643//26
f 2610//9 2606//9 4645//9
f 2605//10 2610//10 4652//10
f 2600//11 2605//11 4653//11
f 2601//12 2600//12 4651//12
f 2597//13 2601//13 4646//13
f 2594//14 2597//14 4638//14
f 2592//15 2594//15 4648//15
f 2603//31 2602//31 3402//31
f 3403//31 3402//31 2602//31
f 2602//31 2589//31 3403//31
f 3405//31 3403//31 2589//31
f 2589//31 2586//31 3405//31
f 3402//31 4650//31 2603//31
f 4845//5 4838//5 2628//5
f 4782//27 4845//27 2631//27
f 4780//36 4782//36 2636//36
f 4781//2 4780//2 2626//2
f 4775//28 4781//28 2622//28
f 4779//21 4775//21 2620//21
f 4777//19 4779//19 2619//19
f 4778//38 4777//38 2623//38
f 4776//17 4778//17 2625//17
f 4774//16 4776//16 2624//16
f 2624//16 2621//16 4774//16
f 2625//17 2624//17 4776//17
f 2623//38 2625//38 4778//38
f 2619//19 2623//19 4777//19
f 2620//21 2619//21 4779//21
f 2622//28 2620//28 4775//28
f 2626//2 2622//2 4781//2
f 2636//36 2626//36 4780//36
f 2631//27 2636//27 4782//27
f 2628//5 2631//5 4845//5
f 2621//30 2617//30 4920//30
f 4783//30 4920//30 2617//30
f 2617//30 2615//30 4783//30
f 4785//30 4783//30 2615//30
f 2615//30 2613//30 4785//30
f 4787//30 4785//30 2613//30
f 2613//30 2612//30 4787//30
f 4796//30 4787//30 2612//30
f 2612//30 2678//30 4796//30
f 4920//30 4774//30 2621//30
f 4794//15 4796//15 2678//15
f 4795//14 4794//14 2681//14
f 4792//13 4795//13 2679//13
f 4790//12 4792//12 2682//12
f 4791//11 4790//11 2675//11
f 4797//25 4791//25 2674//25
f 4798//9 4797//9 2680//9
f 4812//26 4798//26 2683//26
f 4804//7 4812//7 2673//7
f 4799//6 4804//6 2667//6
f 2667//6 2659//6 4799//6
f 2673//7 2667//7 4804//7
f 2683//26 2673//26 4812//26
f 2680//9 2683//9 4798//9
f 2674//25 2680//25 4797//25
f 2675//11 2674//11 4791//11
f 2682//12 2675//12 4790//12
f 2679//13 2682//13 4792//13
f 2681//14 2679//14 4795//14
f 2678//15 2681//15 4794//15
f 2659//31 2662//31 4800//31
f 4814//31 4800//31 2662//31
f 2662//31 2637//31 4814//31
f 4817//31 4814//31 2637//31
f 2637//31 2649//31 4817//31
f 4836//31 4817//31 2649//31
f 2649//31 2629//31 4836//31
f 4838//31 4836//31 2629//31
f 2629//31 2628//31 4838//31
f 4800//31 4799//31 2659//31
f 4544//5 4535//5 2702//5
f 3769//27 4544//27 2710//27
f 3770//36 3769//36 2711//36
f 3771//2 3770//2 2698//2
f 3764//28 3771//28 2697//28
f 3767//20 3764//20 2691//20
f 3768//19 3767//19 2690//19
f 3766//38 3768//38 2693//38
f 3765//17 3766//17 2696//17
f 3762//16 3765//16 2695//16
f 2695//16 2692//16 3762//16
f 2696//17 2695//17 3765//17
f 2693//38 2696//38 3766//38
f 2690//19 2693//19 3768//19
f 2691//20 2690//20 3767//20
f 2697//28 2691//28 3764//28
f 2698//2 2697//2 3771//2
f 2711//36 2698//36 3770//36
f 2710//27 2711//27 3769//27
f 2702//5 2710//5 4544//5
f 2692//30 2687//30 4925//30
f 3332//30 4925//30 2687//30
f 2687//30 2685//30 3332//30
f 3335//30 3332//30 2685//30
f 2685//30 2684//30 3335//30
f 3339//30 3335//30 2684//30
f 2684//30 2745//30 3339//30
f 4925//30 3762//30 2692//30
f 3340//15 3339//15 2745//15
f 3341//14 3340//14 2747//14
f 3342//13 3341//13 2749//13
f 3337//12 3342//12 2748//12
f 3338//11 3337//11 2751//11
f 3343//25 3338//25 2746//25
f 3344//9 3343//9 2750//9
f 4446//26 3344//26 2752//26
f 4441//7 4446//7 2743//7
f 4439//6 4441//6 2740//6
f 2740//6 2735//6 4439//6
f 2743//7 2740//7 4441//7
f 2752//26 2743//26 4446//26
f 2750//9 2752//9 3344//9
f 2746//25 2750//25 3343//25
f 2751//11 2746//11 3338//11
f 2748//12 2751//12 3337//12
f 2749//13 2748//13 3342//13
f 2747//14 2749//14 3341//14
f 2745//15 2747//15 3340//15
f 2735//31 2734//31 3345//31
f 3346//31 3345//31 2734//31
f 2734//31 2714//31 3346//31
f 3350//31 3346//31 2714//31
f 2714//31 2703//31 3350//31
f 4535//31 3350//31 2703//31
f 2703//31 2702//31 4535//31
f 3345//31 4439//31 2735//31
f 4906//5 4919//5 2791//5
f 4911//27 4906//27 2778//27
f 4913//36 4911//36 2777//36
f 4917//2 4913//2 2779//2
f 4910//1 4917//1 2785//1
f 4908//20 4910//20 2781//20
f 4909//19 4908//19 2780//19
f 4916//38 4909//38 2783//38
f 4907//17 4916//17 2782//17
f 4902//16 4907//16 2786//16
f 2786//16 2775//16 4902//16
f 2782//17 2786//17 4907//17
f 2783//38 2782//38 4916//38
f 2780//19 2783//19 4909//19
f 2781//20 2780//20 4908//20
f 2785//1 2781//1 4910//1
f 2779//2 2785//2 4917//2
f 2777//36 2779//36 4913//36
f 2778//27 2777//27 4911//27
f 2791//5 2778//5 4906//5
f 2775//30 2760//30 4854//30
f 4848//30 4854//30 2760//30
f 2760//30 2753//30 4848//30
f 4893//30 4848//30 2753//30
f 2753//30 2812//30 4893//30
f 4854//30 4902//30 2775//30
f 4894//15 4893//15 2812//15
f 4886//14 4894//14 2818//14
f 4890//13 4886//13 2819//13
f 4880//12 4890//12 2815//12
f 4870//11 4880//11 2808//11
f 4876//25 4870//25 2794//25
f 4873//9 4876//9 2799//9
f 4874//26 4873//26 2802//26
f 4869//7 4874//7 2800//7
f 4872//6 4869//6 2798//6
f 2798//6 2797//6 4872//6
f 2800//7 2798//7 4869//7
f 2802//26 2800//26 4874//26
f 2799//9 2802//9 4873//9
f 2794//25 2799//25 4876//25
f 2808//11 2794//11 4870//11
f 2815//12 2808//12 4880//12
f 2819//13 2815//13 4890//13
f 2818//14 2819//14 4886//14
f 2812//15 2818//15 4894//15
f 2797//31 2801//31 4881//31
f 4901//31 4881//31 2801//31
f 2801//31 2793//31 4901//31
f 4919//31 4901//31 2793//31
f 2793//31 2791//31 4919//31
f 4881//31 4872//31 2797//31
f 1182//16 1169//16 2994//16
f 1179//17 1182//17 2995//17
f 1180//38 1179//38 3001//38
f 1181//19 1180//19 3003//19
f 1177//21 1181//21 3002//21
f 1175//1 1177//1 3005//1
f 1176//349 1175//349 3013//349
f 1174//36 1176//36 3007//36
f 1164//27 1174//27 3006//27
f 1163//51 1164//51 3014//51
f 1167//52 1163//52 3010//52
f 1165//7 1167//7 3009//7
f 1166//26 1165//26 3015//26
f 1173//9 1166//9 3012//9
f 1172//25 1173//25 3011//25
f 1170//11 1172//11 2997//11
f 1171//12 1170//12 2996//12
f 1178//13 1171//13 2999//13
f 1168//14 1178//14 2998//14
f 1169//15 1168//15 3000//15
f 3000//15 2994//15 1169//15
f 2998//14 3000//14 1168//14
f 2999//13 2998//13 1178//13
f 2996//12 2999//12 1171//12
f 2997//11 2996//11 1170//11
f 3011//25 2997//25 1172//25
f 3012//9 3011//9 1173//9
f 3015//26 3012//26 1166//26
f 3009//7 3015//7 1165//7
f 3010//52 3009//52 1167//52
f 3014//51 3010//51 1163//51
f 3006//27 3014//27 1164//27
f 3007//36 3006//36 1174//36
f 3013//349 3007//349 1176//349
f 3005//1 3013//1 1175//1
f 3002//21 3005//21 1177//21
f 3003//19 3002//19 1181//19
f 3001//38 3003//38 1180//38
f 2995//17 3001//17 1179//17
f 2994//16 2995//16 1182//16
f 1113//16 1100//16 3062//16
f 1111//17 1113//17 3063//17
f 1112//38 1111//38 3069//38
f 1110//19 1112//19 3071//19
f 1109//20 1110//20 3070//20
f 1106//1 1109//1 3073//1
f 1107//2 1106//2 3081//2
f 1105//36 1107//36 3075//36
f 1095//4 1105//4 3074//4
f 1094//51 1095//51 3082//51
f 1098//52 1094//52 3078//52
f 1096//7 1098//7 3077//7
f 1097//26 1096//26 3083//26
f 1104//9 1097//9 3080//9
f 1103//10 1104//10 3079//10
f 1101//24 1103//24 3065//24
f 1102//12 1101//12 3064//12
f 1108//13 1102//13 3067//13
f 1099//14 1108//14 3066//14
f 1100//15 1099//15 3068//15
f 3068//15 3062//15 1100//15
f 3066//14 3068//14 1099//14
f 3067//13 3066//13 1108//13
f 3064//12 3067//12 1102//12
f 3065//24 3064//24 1101//24
f 3079//10 3065//10 1103//10
f 3080//9 3079//9 1104//9
f 3083//26 3080//26 1097//26
f 3077//7 3083//7 1096//7
f 3078//52 3077//52 1098//52
f 3082//51 3078//51 1094//51
f 3074//4 3082//4 1095//4
f 3075//36 3074//36 1105//36
f 3081//2 3075//2 1107//2
f 3073//1 3081//1 1106//1
f 3070//20 3073//20 1109//20
f 3071//19 3070//19 1110//19
f 3069//38 3071//38 1112//38
f 3063//17 3069//17 1111//17
f 3062//16 3063//16 1113//16
f 1022//16 1012//16 3152//16
f 1023//17 1022//17 3155//17
f 1024//38 1023//38 3159//38
f 1021//19 1024//19 3158//19
f 1019//21 1021//21 3170//21
f 1020//1 1019//1 3162//1
f 1009//2 1020//2 3172//2
f 1010//36 1009//36 3171//36
f 1008//4 1010//4 3164//4
f 1005//51 1008//51 3163//51
f 1006//52 1005//52 3167//52
f 1007//7 1006//7 3166//7
f 1016//26 1007//26 3169//26
f 1017//9 1016//9 3168//9
f 1015//25 1017//25 3173//25
f 1018//11 1015//11 3157//11
f 1013//47 1018//47 3156//47
f 1014//119 1013//119 3160//119
f 1011//14 1014//14 3154//14
f 1012//15 1011//15 3153//15
f 3153//15 3152//15 1012//15
f 3154//14 3153//14 1011//14
f 3160//119 3154//119 1014//119
f 3156//47 3160//47 1013//47
f 3157//11 3156//11 1018//11
f 3173//25 3157//25 1015//25
f 3168//9 3173//9 1017//9
f 3169//26 3168//26 1016//26
f 3166//7 3169//7 1007//7
f 3167//52 3166//52 1006//52
f 3163//51 3167//51 1005//51
f 3164//4 3163//4 1008//4
f 3171//36 3164//36 1010//36
f 3172//2 3171//2 1009//2
f 3162//1 3172//1 1020//1
f 3170//21 3162//21 1019//21
f 3158//19 3170//19 1021//19
f 3159//38 3158//38 1024//38
f 3155//17 3159//17 1023//17
f 3152//16 3155//16 1022//16
f 951//16 953//16 3223//16
f 952//17 951//17 3222//17
f 954//38 952//38 3227//38
f 950//19 954//19 3226//19
f 948//21 950//21 3239//21
f 949//1 948//1 3231//1
f 939//2 949//2 3241//2
f 940//36 939//36 3240//36
f 934//27 940//27 3233//27
f 935//5 934//5 3232//5
f 937//6 935//6 3235//6
f 938//7 937//7 3242//7
f 944//26 938//26 3237//26
f 945//9 944//9 3236//9
f 943//10 945//10 3243//10
f 947//24 943//24 3238//24
f 941//12 947//12 3229//12
f 942//13 941//13 3228//13
f 946//120 942//120 3225//120
f 953//15 946//15 3224//15
f 3224//15 3223//15 953//15
f 3225//120 3224//120 946//120
f 3228//13 3225//13 942//13
f 3229//12 3228//12 941//12
f 3238//24 3229//24 947//24
f 3243//10 3238//10 943//10
f 3236//9 3243//9 945//9
f 3237//26 3236//26 944//26
f 3242//7 3237//7 938//7
f 3235//6 3242//6 937//6
f 3232//5 3235//5 935//5
f 3233//27 3232//27 934//27
f 3240//36 3233//36 940//36
f 3241//2 3240//2 939//2
f 3231//1 3241//1 949//1
f 3239//21 3231//21 948//21
f 3226//19 3239//19 950//19
f 3227//38 3226//38 954//38
f 3222//17 3227//17 952//17
f 3223//16 3222//16 951//16
f 2295//16 2294//16 4743//16
f 2293//22 2295//22 4752//22
f 2292//38 2293//38 4763//38
f 2290//19 2292//19 4768//19
f 2288//20 2290//20 4764//20
f 2289//28 2288//28 4758//28
f 2291//2 2289//2 4766//2
f 2287//36 2291//36 4765//36
f 2278//4 2287//4 4769//4
f 2273//5 2278//5 4771//5
f 2274//6 2273//6 4770//6
f 2269//7 2274//7 4767//7
f 2271//26 2269//26 4760//26
f 2264//9 2271//9 4759//9
f 2265//25 2264//25 4753//25
f 2275//11 2265//11 4741//11
f 2279//47 2275//47 4740//47
f 2280//13 2279//13 4742//13
f 2286//14 2280//14 4749//14
f 2294//15 2286//15 4744//15
f 4744//15 4743//15 2294//15
f 4749//14 4744//14 2286//14
f 4742//13 4749//13 2280//13
f 4740//47 4742//47 2279//47
f 4741//11 4740//11 2275//11
f 4753//25 4741//25 2265//25
f 4759//9 4753//9 2264//9
f 4760//26 4759//26 2271//26
f 4767//7 4760//7 2269//7
f 4770//6 4767//6 2274//6
f 4771//5 4770//5 2273//5
f 4769//4 4771//4 2278//4
f 4765//36 4769//36 2287//36
f 4766//2 4765//2 2291//2
f 4758//28 4766//28 2289//28
f 4764//20 4758//20 2288//20
f 4768//19 4764//19 2290//19
f 4763//38 4768//38 2292//38
f 4752//22 4763//22 2293//22
f 4743//16 4752//16 2295//16
f 2329//16 2337//16 3744//16
f 2332//17 2329//17 3746//17
f 2336//18 2332//18 3745//18
f 2331//19 2336//19 3750//19
f 2328//20 2331//20 3753//20
f 2334//28 2328//28 3749//28
f 2335//2 2334//2 3748//2
f 2333//36 2335//36 3755//36
f 2330//27 2333//27 3754//27
f 2326//5 2330//5 3752//5
f 2323//6 2326//6 3751//6
f 2324//7 2323//7 3740//7
f 2321//26 2324//26 3742//26
f 2316//43 2321//43 3741//43
f 2317//25 2316//25 3737//25
f 2322//11 2317//11 3734//11
f 2320//12 2322//12 3735//12
f 2318//13 2320//13 3743//13
f 2319//14 2318//14 3738//14
f 2337//15 2319//15 3736//15
f 3736//15 3744//15 2337//15
f 3738//14 3736//14 2319//14
f 3743//13 3738//13 2318//13
f 3735//12 3743//12 2320//12
f 3734//11 3735//11 2322//11
f 3737//25 3734//25 2317//25
f 3741//43 3737//43 2316//43
f 3742//26 3741//26 2321//26
f 3740//7 3742//7 2324//7
f 3751//6 3740//6 2323//6
f 3752//5 3751//5 2326//5
f 3754//27 3752//27 2330//27
f 3755//36 3754//36 2333//36
f 3748//2 3755//2 2335//2
f 3749//28 3748//28 2334//28
f 3753//20 3749//20 2328//20
f 3750//19 3753//19 2331//19
f 3745//18 3750//18 2336//18
f 3746//17 3745//17 2332//17
f 3744//16 3746//16 2329//16
f 2383//16 2391//16 3722//16
f 2386//17 2383//17 3724//17
f 2390//38 2386//38 3723//38
f 2385//19 2390//19 3727//19
f 2382//21 2385//21 3730//21
f 2388//1 2382//1 3726//1
f 2389//2 2388//2 3725//2
f 2387//36 2389//36 3732//36
f 2384//27 2387//27 3731//27
f 2380//5 2384//5 3729//5
f 2377//6 2380//6 3728//6
f 2378//7 2377//7 3718//7
f 2375//26 2378//26 3720//26
f 2370//9 2375//9 3719//9
f 2371//25 2370//25 3715//25
f 2376//11 2371//11 3712//11
f 2374//12 2376//12 3713//12
f 2372//13 2374//13 3721//13
f 2373//14 2372//14 3716//14
f 2391//15 2373//15 3714//15
f 3714//15 3722//15 2391//15
f 3716//14 3714//14 2373//14
f 3721//13 3716//13 2372//13
f 3713//12 3721//12 2374//12
f 3712//11 3713//11 2376//11
f 3715//25 3712//25 2371//25
f 3719//9 3715//9 2370//9
f 3720//26 3719//26 2375//26
f 3718//7 3720//7 2378//7
f 3728//6 3718//6 2377//6
f 3729//5 3728//5 2380//5
f 3731//27 3729//27 2384//27
f 3732//36 3731//36 2387//36
f 3725//2 3732//2 2389//2
f 3726//1 3725//1 2388//1
f 3730//21 3726//21 2382//21
f 3727//19 3730//19 2385//19
f 3723//38 3727//38 2390//38
f 3724//17 3723//17 2386//17
f 3722//16 3724//16 2383//16
f 2732//16 2731//16 3352//16
f 2729//17 2732//17 3351//17
f 2730//18 2729//18 3357//18
f 2723//19 2730//19 3365//19
f 2721//20 2723//20 3364//20
f 2722//28 2721//28 3353//28
f 2726//2 2722//2 3355//2
f 2717//3 2726//3 3354//3
f 2712//27 2717//27 3360//27
f 2713//5 2712//5 3361//5
f 2716//6 2713//6 3358//6
f 2727//7 2716//7 3367//7
f 2728//8 2727//8 3366//8
f 2725//9 2728//9 3363//9
f 2715//25 2725//25 3362//25
f 2720//11 2715//11 3348//11
f 2724//12 2720//12 3347//12
f 2718//23 2724//23 3349//23
f 2719//14 2718//14 3359//14
f 2731//15 2719//15 3356//15
f 3356//15 3352//15 2731//15
f 3359//14 3356//14 2719//14
f 3349//23 3359//23 2718//23
f 3347//12 3349//12 2724//12
f 3348//11 3347//11 2720//11
f 3362//25 3348//25 2715//25
f 3363//9 3362//9 2725//9
f 3366//8 3363//8 2728//8
f 3367//7 3366//7 2727//7
f 3358//6 3367//6 2716//6
f 3361//5 3358//5 2713//5
f 3360//27 3361//27 2712//27
f 3354//3 3360//3 2717//3
f 3355//2 3354//2 2726//2
f 3353//28 3355//28 2722//28
f 3364//20 3353//20 2721//20
f 3365//19 3364//19 2723//19
f 3357//18 3365//18 2730//18
f 3351//17 3357//17 2729//17
f 3352//16 3351//16 2732//16
f 2107//16 2108//16 3701//16
f 2101//17 2107//17 3704//17
f 2102//18 2101//18 3705//18
f 2105//19 2102//19 3703//19
f 2106//20 2105//20 3702//20
f 2103//28 2106//28 3706//28
f 2104//2 2103//2 3709//2
f 2110//3 2104//3 3708//3
f 2109//27 2110//27 3707//27
f 2117//5 2109//5 3710//5
f 2116//6 2117//6 3711//6
f 2111//7 2116//7 3694//7
f 2112//26 2111//26 3695//26
f 2120//43 2112//43 3693//43
f 2115//25 2120//25 3692//25
f 2113//11 2115//11 3697//11
f 2114//47 2113//47 3696//47
f 2119//13 2114//13 3699//13
f 2118//14 2119//14 3698//14
f 2108//15 2118//15 3700//15
f 3700//15 3701//15 2108//15
f 3698//14 3700//14 2118//14
f 3699//13 3698//13 2119//13
f 3696//47 3699//47 2114//47
f 3697//11 3696//11 2113//11
f 3692//25 3697//25 2115//25
f 3693//43 3692//43 2120//43
f 3695//26 3693//26 2112//26
f 3694//7 3695//7 2111//7
f 3711//6 3694//6 2116//6
f 3710//5 3711//5 2117//5
f 3707//27 3710//27 2109//27
f 3708//3 3707//3 2110//3
f 3709//2 3708//2 2104//2
f 3706//28 3709//28 2103//28
f 3702//20 3706//20 2106//20
f 3703//19 3702//19 2105//19
f 3705//18 3703//18 2102//18
f 3704//17 3705//17 2101//17
f 3701//16 3704//16 2107//16
f 2089//16 2090//16 3681//16
f 2085//17 2089//17 3688//17
f 2086//18 2085//18 3689//18
f 2083//19 2086//19 3683//19
f 2084//20 2083//20 3682//20
f 2081//28 2084//28 3684//28
f 2082//2 2081//2 3687//2
f 2088//36 2082//36 3686//36
f 2087//27 2088//27 3685//27
f 2100//5 2087//5 3690//5
f 2099//6 2100//6 3691//6
f 2093//7 2099//7 3679//7
f 2094//26 2093//26 3680//26
f 2097//9 2094//9 3673//9
f 2096//25 2097//25 3672//25
f 2091//35 2096//35 3676//35
f 2092//12 2091//12 3677//12
f 2095//13 2092//13 3675//13
f 2098//14 2095//14 3674//14
f 2090//15 2098//15 3678//15
f 3678//15 3681//15 2090//15
f 3674//14 3678//14 2098//14
f 3675//13 3674//13 2095//13
f 3677//12 3675//12 2092//12
f 3676//35 3677//35 2091//35
f 3672//25 3676//25 2096//25
f 3673//9 3672//9 2097//9
f 3680//26 3673//26 2094//26
f 3679//7 3680//7 2093//7
f 3691//6 3679//6 2099//6
f 3690//5 3691//5 2100//5
f 3685//27 3690//27 2087//27
f 3686//36 3685//36 2088//36
f 3687//2 3686//2 2082//2
f 3684//28 3687//28 2081//28
f 3682//20 3684//20 2084//20
f 3683//19 3682//19 2083//19
f 3689//18 3683//18 2086//18
f 3688//17 3689//17 2085//17
f 3681//16 3688//16 2089//16
f 1045//16 1043//16 3137//16
f 1040//17 1045//17 3141//17
f 1041//38 1040//38 3147//38
f 1039//19 1041//19 3139//19
f 1038//20 1039//20 3138//20
f 1032//28 1038//28 3140//28
f 1033//2 1032//2 3148//2
f 1044//36 1033//36 3143//36
f 1037//27 1044//27 3142//27
f 1031//5 1037//5 3149//5
f 1036//6 1031//6 3145//6
f 1026//7 1036//7 3144//7
f 1027//26 1026//26 3146//26
f 1030//9 1027//9 3133//9
f 1035//25 1030//25 3132//25
f 1028//11 1035//11 3135//11
f 1029//12 1028//12 3134//12
f 1034//13 1029//13 3131//13
f 1042//14 1034//14 3130//14
f 1043//15 1042//15 3136//15
f 3136//15 3137//15 1043//15
f 3130//14 3136//14 1042//14
f 3131//13 3130//13 1034//13
f 3134//12 3131//12 1029//12
f 3135//11 3134//11 1028//11
f 3132//25 3135//25 1035//25
f 3133//9 3132//9 1030//9
f 3146//26 3133//26 1027//26
f 3144//7 3146//7 1026//7
f 3145//6 3144//6 1036//6
f 3149//5 3145//5 1031//5
f 3142//27 3149//27 1037//27
f 3143//36 3142//36 1044//36
f 3148//2 3143//2 1033//2
f 3140//28 3148//28 1032//28
f 3138//20 3140//20 1038//20
f 3139//19 3138//19 1039//19
f 3147//38 3139//38 1041//38
f 3141//17 3147//17 1040//17
f 3137//16 3141//16 1045//16
f 2065//16 2067//16 3657//16
f 2066//17 2065//17 3663//17
f 2070//38 2066//38 3665//38
f 2061//19 2070//19 3664//19
f 2062//21 2061//21 3669//21
f 2063//1 2062//1 3662//1
f 2064//2 2063//2 3666//2
f 2069//36 2064//36 3668//36
f 2068//27 2069//27 3667//27
f 2080//5 2068//5 3670//5
f 2078//6 2080//6 3671//6
f 2079//7 2078//7 3658//7
f 2076//26 2079//26 3660//26
f 2072//9 2076//9 3659//9
f 2071//25 2072//25 3654//25
f 2077//11 2071//11 3653//11
f 2074//12 2077//12 3652//12
f 2075//13 2074//13 3661//13
f 2073//14 2075//14 3656//14
f 2067//15 2073//15 3655//15
f 3655//15 3657//15 2067//15
f 3656//14 3655//14 2073//14
f 3661//13 3656//13 2075//13
f 3652//12 3661//12 2074//12
f 3653//11 3652//11 2077//11
f 3654//25 3653//25 2071//25
f 3659//9 3654//9 2072//9
f 3660//26 3659//26 2076//26
f 3658//7 3660//7 2079//7
f 3671//6 3658//6 2078//6
f 3670//5 3671//5 2080//5
f 3667//27 3670//27 2068//27
f 3668//36 3667//36 2069//36
f 3666//2 3668//2 2064//2
f 3662//1 3666//1 2063//1
f 3669//21 3662//21 2062//21
f 3664//19 3669//19 2061//19
f 3665//38 3664//38 2070//38
f 3663//17 3665//17 2066//17
f 3657//16 3663//16 2065//16
f 2045//16 2047//16 3637//16
f 2046//17 2045//17 3643//17
f 2050//38 2046//38 3645//38
f 2041//19 2050//19 3644//19
f 2042//21 2041//21 3649//21
f 2043//28 2042//28 3642//28
f 2044//2 2043//2 3646//2
f 2049//36 2044//36 3648//36
f 2048//27 2049//27 3647//27
f 2060//5 2048//5 3650//5
f 2058//6 2060//6 3651//6
f 2059//7 2058//7 3638//7
f 2056//26 2059//26 3640//26
f 2052//9 2056//9 3639//9
f 2051//25 2052//25 3634//25
f 2057//11 2051//11 3633//11
f 2054//12 2057//12 3632//12
f 2055//13 2054//13 3641//13
f 2053//14 2055//14 3636//14
f 2047//15 2053//15 3635//15
f 3635//15 3637//15 2047//15
f 3636//14 3635//14 2053//14
f 3641//13 3636//13 2055//13
f 3632//12 3641//12 2054//12
f 3633//11 3632//11 2057//11
f 3634//25 3633//25 2051//25
f 3639//9 3634//9 2052//9
f 3640//26 3639//26 2056//26
f 3638//7 3640//7 2059//7
f 3651//6 3638//6 2058//6
f 3650//5 3651//5 2060//5
f 3647//27 3650//27 2048//27
f 3648//36 3647//36 2049//36
f 3646//2 3648//2 2044//2
f 3642//28 3646//28 2043//28
f 3649//21 3642//21 2042//21
f 3644//19 3649//19 2041//19
f 3645//38 3644//38 2050//38
f 3643//17 3645//17 2046//17
f 3637//16 3643//16 2045//16
f 2025//16 2027//16 3617//16
f 2026//17 2025//17 3623//17
f 2030//18 2026//18 3625//18
f 2021//19 2030//19 3624//19
f 2022//20 2021//20 3629//20
f 2023//28 2022//28 3622//28
f 2024//2 2023//2 3626//2
f 2029//36 2024//36 3628//36
f 2028//27 2029//27 3627//27
f 2040//5 2028//5 3630//5
f 2038//6 2040//6 3631//6
f 2039//7 2038//7 3618//7
f 2036//26 2039//26 3620//26
f 2032//43 2036//43 3619//43
f 2031//25 2032//25 3614//25
f 2037//11 2031//11 3613//11
f 2034//12 2037//12 3612//12
f 2035//13 2034//13 3621//13
f 2033//14 2035//14 3616//14
f 2027//15 2033//15 3615//15
f 3615//15 3617//15 2027//15
f 3616//14 3615//14 2033//14
f 3621//13 3616//13 2035//13
f 3612//12 3621//12 2034//12
f 3613//11 3612//11 2037//11
f 3614//25 3613//25 2031//25
f 3619//43 3614//43 2032//43
f 3620//26 3619//26 2036//26
f 3618//7 3620//7 2039//7
f 3631//6 3618//6 2038//6
f 3630//5 3631//5 2040//5
f 3627//27 3630//27 2028//27
f 3628//36 3627//36 2029//36
f 3626//2 3628//2 2024//2
f 3622//28 3626//28 2023//28
f 3629//20 3622//20 2022//20
f 3624//19 3629//19 2021//19
f 3625//18 3624//18 2030//18
f 3623//17 3625//17 2026//17
f 3617//16 3623//16 2025//16
f 2774//16 2771//16 4847//16
f 2773//17 2774//17 4846//17
f 2764//18 2773//18 4850//18
f 2765//19 2764//19 4861//19
f 2763//20 2765//20 4853//20
f 2768//28 2763//28 4852//28
f 2761//2 2768//2 4855//2
f 2762//77 2761//77 4865//77
f 2769//27 2762//27 4863//27
f 2770//5 2769//5 4862//5
f 2766//6 2770//6 4866//6
f 2767//7 2766//7 4867//7
f 2758//350 2767//350 4857//350
f 2754//9 2758//9 4856//9
f 2755//25 2754//25 4851//25
f 2759//11 2755//11 4849//11
f 2756//12 2759//12 4858//12
f 2757//23 2756//23 4864//23
f 2772//14 2757//14 4860//14
f 2771//15 2772//15 4859//15
f 4859//15 4847//15 2771//15
f 4860//14 4859//14 2772//14
f 4864//23 4860//23 2757//23
f 4858//12 4864//12 2756//12
f 4849//11 4858//11 2759//11
f 4851//25 4849//25 2755//25
f 4856//9 4851//9 2754//9
f 4857//350 4856//350 2758//350
f 4867//7 4857//7 2767//7
f 4866//6 4867//6 2766//6
f 4862//5 4866//5 2770//5
f 4863//27 4862//27 2769//27
f 4865//77 4863//77 2762//77
f 4855//2 4865//2 2761//2
f 4852//28 4855//28 2768//28
f 4853//20 4852//20 2763//20
f 4861//19 4853//19 2765//19
f 4850//18 4861//18 2764//18
f 4846//17 4850//17 2773//17
f 4847//16 4846//16 2774//16
f 2257//16 2261//16 4720//16
f 2259//17 2257//17 4702//17
f 2260//18 2259//18 4701//18
f 2256//19 2260//19 4705//19
f 2252//20 2256//20 4704//20
f 2253//1 2252//1 4700//1
f 2254//2 2253//2 4699//2
f 2255//3 2254//3 4703//3
f 2258//27 2255//27 4707//27
f 2246//5 2258//5 4706//5
f 2247//6 2246//6 4709//6
f 2249//7 2247//7 4714//7
f 2250//26 2249//26 4716//26
f 2244//43 2250//43 4718//43
f 2241//10 2244//10 4717//10
f 2242//11 2241//11 4711//11
f 2248//47 2242//47 4713//47
f 2239//13 2248//13 4712//13
f 2240//14 2239//14 4719//14
f 2261//15 2240//15 4715//15
f 4715//15 4720//15 2261//15
f 4719//14 4715//14 2240//14
f 4712//13 4719//13 2239//13
f 4713//47 4712//47 2248//47
f 4711//11 4713//11 2242//11
f 4717//10 4711//10 2241//10
f 4718//43 4717//43 2244//43
f 4716//26 4718//26 2250//26
f 4714//7 4716//7 2249//7
f 4709//6 4714//6 2247//6
f 4706//5 4709//5 2246//5
f 4707//27 4706//27 2258//27
f 4703//3 4707//3 2255//3
f 4699//2 4703//2 2254//2
f 4700//1 4699//1 2253//1
f 4704//20 4700//20 2252//20
f 4705//19 4704//19 2256//19
f 4701//18 4705//18 2260//18
f 4702//17 4701//17 2259//17
f 4720//16 4702//16 2257//16
f 2519//16 2522//16 3600//16
f 2521//17 2519//17 3602//17
f 2517//38 2521//38 3601//38
f 2518//19 2517//19 3611//19
f 2516//20 2518//20 3604//20
f 2514//28 2516//28 3603//28
f 2515//2 2514//2 3606//2
f 2520//36 2515//36 3608//36
f 2513//27 2520//27 3607//27
f 2509//5 2513//5 3610//5
f 2510//6 2509//6 3609//6
f 2511//7 2510//7 3592//7
f 2507//26 2511//26 3597//26
f 2501//9 2507//9 3598//9
f 2502//25 2501//25 3593//25
f 2505//11 2502//11 3590//11
f 2506//12 2505//12 3599//12
f 2503//13 2506//13 3595//13
f 2504//14 2503//14 3594//14
f 2522//15 2504//15 3596//15
f 3596//15 3600//15 2522//15
f 3594//14 3596//14 2504//14
f 3595//13 3594//13 2503//13
f 3599//12 3595//12 2506//12
f 3590//11 3599//11 2505//11
f 3593//25 3590//25 2502//25
f 3598//9 3593//9 2501//9
f 3597//26 3598//26 2507//26
f 3592//7 3597//7 2511//7
f 3609//6 3592//6 2510//6
f 3610//5 3609//5 2509//5
f 3607//27 3610//27 2513//27
f 3608//36 3607//36 2520//36
f 3606//2 3608//2 2515//2
f 3603//28 3606//28 2514//28
f 3604//20 3603//20 2516//20
f 3611//19 3604//19 2518//19
f 3601//38 3611//38 2517//38
f 3602//17 3601//17 2521//17
f 3600//16 3602//16 2519//16
f 2460//16 2451//16 3460//16
f 2459//17 2460//17 3469//17
f 2457//38 2459//38 3468//38
f 2458//37 2457//37 3470//37
f 2449//21 2458//21 3462//21
f 2447//1 2449//1 3461//1
f 2448//349 2447//349 3471//349
f 2443//36 2448//36 3473//36
f 2437//27 2443//27 3472//27
f 2438//5 2437//5 3455//5
f 2445//6 2438//6 3463//6
f 2454//7 2445//7 3475//7
f 2444//26 2454//26 3477//26
f 2440//9 2444//9 3478//9
f 2441//25 2440//25 3476//25
f 2452//35 2441//35 3465//35
f 2453//12 2452//12 3466//12
f 2456//13 2453//13 3459//13
f 2450//14 2456//14 3458//14
f 2451//15 2450//15 3467//15
f 3467//15 3460//15 2451//15
f 3458//14 3467//14 2450//14
f 3459//13 3458//13 2456//13
f 3466//12 3459//12 2453//12
f 3465//35 3466//35 2452//35
f 3476//25 3465//25 2441//25
f 3478//9 3476//9 2440//9
f 3477//26 3478//26 2444//26
f 3475//7 3477//7 2454//7
f 3463//6 3475//6 2445//6
f 3455//5 3463//5 2438//5
f 3472//27 3455//27 2437//27
f 3473//36 3472//36 2443//36
f 3471//349 3473//349 2448//349
f 3461//1 3471//1 2447//1
f 3462//21 3461//21 2449//21
f 3470//37 3462//37 2458//37
f 3468//38 3470//38 2457//38
f 3469//17 3468//17 2459//17
f 3460//16 3469//16 2460//16
f 2425//16 2434//16 3579//16
f 2429//17 2425//17 3581//17
f 2433//38 2429//38 3580//38
f 2428//19 2433//19 3584//19
f 2424//21 2428//21 3586//21
f 2431//1 2424//1 3583//1
f 2432//2 2431//2 3582//2
f 2430//36 2432//36 3588//36
f 2427//27 2430//27 3587//27
f 2492//5 2427//5 3585//5
f 2496//6 2492//6 3569//6
f 2497//7 2496//7 3568//7
f 2494//26 2497//26 3575//26
f 2487//9 2494//9 3574//9
f 2488//25 2487//25 3576//25
f 2498//11 2488//11 3566//11
f 2493//12 2498//12 3570//12
f 2489//13 2493//13 3578//13
f 2490//14 2489//14 3577//14
f 2434//15 2490//15 3571//15
f 3571//15 3579//15 2434//15
f 3577//14 3571//14 2490//14
f 3578//13 3577//13 2489//13
f 3570//12 3578//12 2493//12
f 3566//11 3570//11 2498//11
f 3576//25 3566//25 2488//25
f 3574//9 3576//9 2487//9
f 3575//26 3574//26 2494//26
f 3568//7 3575//7 2497//7
f 3569//6 3568//6 2496//6
f 3585//5 3569//5 2492//5
f 3587//27 3585//27 2427//27
f 3588//36 3587//36 2430//36
f 3582//2 3588//2 2432//2
f 3583//1 3582//1 2431//1
f 3586//21 3583//21 2424//21
f 3584//19 3586//19 2428//19
f 3580//38 3584//38 2433//38
f 3581//17 3580//17 2429//17
f 3579//16 3581//16 2425//16
f 2574//16 2576//16 3383//16
f 2575//17 2574//17 3382//17
f 2577//38 2575//38 3385//38
f 2573//19 2577//19 3384//19
f 2570//20 2573//20 3397//20
f 2568//28 2570//28 3393//28
f 2569//2 2568//2 3392//2
f 2557//36 2569//36 3398//36
f 2558//27 2557//27 3394//27
f 2566//5 2558//5 3399//5
f 2564//6 2566//6 3388//6
f 2565//7 2564//7 3387//7
f 2563//26 2565//26 3390//26
f 2555//9 2563//9 3389//9
f 2556//25 2555//25 3386//25
f 2572//11 2556//11 3378//11
f 2561//12 2572//12 3379//12
f 2562//13 2561//13 3391//13
f 2571//14 2562//14 3381//14
f 2576//15 2571//15 3380//15
f 3380//15 3383//15 2576//15
f 3381//14 3380//14 2571//14
f 3391//13 3381//13 2562//13
f 3379//12 3391//12 2561//12
f 3378//11 3379//11 2572//11
f 3386//25 3378//25 2556//25
f 3389//9 3386//9 2555//9
f 3390//26 3389//26 2563//26
f 3387//7 3390//7 2565//7
f 3388//6 3387//6 2564//6
f 3399//5 3388//5 2566//5
f 3394//27 3399//27 2558//27
f 3398//36 3394//36 2557//36
f 3392//2 3398//2 2569//2
f 3393//28 3392//28 2568//28
f 3397//20 3393//20 2570//20
f 3384//19 3397//19 2573//19
f 3385//38 3384//38 2577//38
f 3382//17 3385//17 2575//17
f 3383//16 3382//16 2574//16
f 2655//16 2657//16 4819//16
f 2656//17 2655//17 4818//17
f 2658//38 2656//38 4824//38
f 2650//19 2658//19 4823//19
f 2651//20 2650//20 4833//20
f 2647//28 2651//28 4828//28
f 2648//2 2647//2 4830//2
f 2654//36 2648//36 4832//36
f 2640//27 2654//27 4831//27
f 2641//5 2640//5 4834//5
f 2645//6 2641//6 4835//6
f 2646//7 2645//7 4829//7
f 2644//26 2646//26 4826//26
f 2639//9 2644//9 4825//9
f 2638//25 2639//25 4822//25
f 2653//11 2638//11 4816//11
f 2642//12 2653//12 4815//12
f 2643//13 2642//13 4827//13
f 2652//14 2643//14 4821//14
f 2657//15 2652//15 4820//15
f 4820//15 4819//15 2657//15
f 4821//14 4820//14 2652//14
f 4827//13 4821//13 2643//13
f 4815//12 4827//12 2642//12
f 4816//11 4815//11 2653//11
f 4822//25 4816//25 2638//25
f 4825//9 4822//9 2639//9
f 4826//26 4825//26 2644//26
f 4829//7 4826//7 2646//7
f 4835//6 4829//6 2645//6
f 4834//5 4835//5 2641//5
f 4831//27 4834//27 2640//27
f 4832//36 4831//36 2654//36
f 4830//2 4832//2 2648//2
f 4828//28 4830//28 2647//28
f 4833//20 4828//20 2651//20
f 4823//19 4833//19 2650//19
f 4824//38 4823//38 2658//38
f 4818//17 4824//17 2656//17
f 4819//16 4818//16 2655//16
f 1284//16 1286//16 4598//16
f 1285//22 1284//22 4605//22
f 1283//38 1285//38 4614//38
f 1280//19 1283//19 4613//19
f 1281//20 1280//20 4615//20
f 1282//28 1281//28 4607//28
f 1278//2 1282//2 4617//2
f 1279//36 1278//36 4616//36
f 1276//27 1279//27 4618//27
f 1260//5 1276//5 4608//5
f 1274//6 1260//6 4602//6
f 1275//7 1274//7 4601//7
f 1273//26 1275//26 4624//26
f 1266//9 1273//9 4623//9
f 1271//25 1266//25 4612//25
f 1272//11 1271//11 4611//11
f 1269//12 1272//12 4626//12
f 1270//13 1269//13 4625//13
f 1268//14 1270//14 4604//14
f 1286//15 1268//15 4599//15
f 4599//15 4598//15 1286//15
f 4604//14 4599//14 1268//14
f 4625//13 4604//13 1270//13
f 4626//12 4625//12 1269//12
f 4611//11 4626//11 1272//11
f 4612//25 4611//25 1271//25
f 4623//9 4612//9 1266//9
f 4624//26 4623//26 1273//26
f 4601//7 4624//7 1275//7
f 4602//6 4601//6 1274//6
f 4608//5 4602//5 1260//5
f 4618//27 4608//27 1276//27
f 4616//36 4618//36 1279//36
f 4617//2 4616//2 1278//2
f 4607//28 4617//28 1282//28
f 4615//20 4607//20 1281//20
f 4613//19 4615//19 1280//19
f 4614//38 4613//38 1283//38
f 4605//22 4614//22 1285//22
f 4598//16 4605//16 1284//16
f 1236//16 1240//16 4663//16
f 1237//22 1236//22 4666//22
f 1256//38 1237//38 4662//38
f 1257//19 1256//19 4671//19
f 1249//20 1257//20 4681//20
f 1254//28 1249//28 4677//28
f 1244//2 1254//2 4676//2
f 1233//36 1244//36 4682//36
f 1234//27 1233//27 4683//27
f 1231//5 1234//5 4678//5
f 1232//6 1231//6 4673//6
f 1243//7 1232//7 4672//7
f 1248//26 1243//26 4679//26
f 1241//9 1248//9 4684//9
f 1242//25 1241//25 4685//25
f 1253//11 1242//11 4680//11
f 1252//12 1253//12 4675//12
f 1247//13 1252//13 4674//13
f 1239//14 1247//14 4670//14
f 1240//15 1239//15 4669//15
f 4669//15 4663//15 1240//15
f 4670//14 4669//14 1239//14
f 4674//13 4670//13 1247//13
f 4675//12 4674//12 1252//12
f 4680//11 4675//11 1253//11
f 4685//25 4680//25 1242//25
f 4684//9 4685//9 1241//9
f 4679//26 4684//26 1248//26
f 4672//7 4679//7 1243//7
f 4673//6 4672//6 1232//6
f 4678//5 4673//5 1231//5
f 4683//27 4678//27 1234//27
f 4682//36 4683//36 1233//36
f 4676//2 4682//2 1244//2
f 4677//28 4676//28 1254//28
f 4681//20 4677//20 1249//20
f 4671//19 4681//19 1257//19
f 4662//38 4671//38 1256//38
f 4666//22 4662//22 1237//22
f 4663//16 4666//16 1236//16
f 852//16 866//16 3309//16
f 853//17 852//17 3307//17
f 850//38 853//38 3291//38
f 851//19 850//19 3290//19
f 848//20 851//20 3293//20
f 849//28 848//28 3292//28
f 863//2 849//2 3295//2
f 864//36 863//36 3297//36
f 861//27 864//27 3306//27
f 862//5 861//5 3305//5
f 858//52 862//52 3308//52
f 859//351 858//351 3310//351
f 857//26 859//26 3299//26
f 845//9 857//9 3298//9
f 846//25 845//25 3300//25
f 856//11 846//11 3296//11
f 854//12 856//12 3302//12
f 855//13 854//13 3301//13
f 865//32 855//32 3304//32
f 866//15 865//15 3303//15
f 3303//15 3309//15 866//15
f 3304//32 3303//32 865//32
f 3301//13 3304//13 855//13
f 3302//12 3301//12 854//12
f 3296//11 3302//11 856//11
f 3300//25 3296//25 846//25
f 3298//9 3300//9 845//9
f 3299//26 3298//26 857//26
f 3310//351 3299//351 859//351
f 3308//52 3310//52 858//52
f 3305//5 3308//5 862//5
f 3306//27 3305//27 861//27
f 3297//36 3306//36 864//36
f 3295//2 3297//2 863//2
f 3292//28 3295//28 849//28
f 3293//20 3292//20 848//20
f 3290//19 3293//19 851//19
f 3291//38 3290//38 850//38
f 3307//17 3291//17 853//17
f 3309//16 3307//16 852//16
f 887//16 885//16 3320//16
f 876//17 887//17 3327//17
f 877//38 876//38 3329//38
f 875//19 877//19 3324//19
f 868//20 875//20 3323//20
f 873//28 868//28 3317//28
f 884//2 873//2 3316//2
f 883//36 884//36 3318//36
f 878//27 883//27 3330//27
f 879//5 878//5 3331//5
f 886//52 879//52 3328//52
f 871//351 886//351 3326//351
f 872//26 871//26 3325//26
f 869//9 872//9 3312//9
f 870//25 869//25 3311//25
f 874//11 870//11 3313//11
f 882//12 874//12 3315//12
f 880//13 882//13 3314//13
f 881//32 880//32 3319//32
f 885//15 881//15 3321//15
f 3321//15 3320//15 885//15
f 3319//32 3321//32 881//32
f 3314//13 3319//13 880//13
f 3315//12 3314//12 882//12
f 3313//11 3315//11 874//11
f 3311//25 3313//25 870//25
f 3312//9 3311//9 869//9
f 3325//26 3312//26 872//26
f 3326//351 3325//351 871//351
f 3328//52 3326//52 886//52
f 3331//5 3328//5 879//5
f 3330//27 3331//27 878//27
f 3318//36 3330//36 883//36
f 3316//2 3318//2 884//2
f 3317//28 3316//28 873//28
f 3323//20 3317//20 868//20
f 3324//19 3323//19 875//19
f 3329//38 3324//38 877//38
f 3327//17 3329//17 876//17
f 3320//16 3327//16 887//16
f 909//16 908//16 3273//16
f 907//22 909//22 3275//22
f 906//38 907//38 3274//38
f 904//37 906//37 3285//37
f 905//21 904//21 3278//21
f 901//1 905//1 3276//1
f 902//2 901//2 3286//2
f 892//36 902//36 3280//36
f 893//27 892//27 3279//27
f 888//51 893//51 3287//51
f 891//52 888//52 3282//52
f 900//7 891//7 3281//7
f 889//26 900//26 3288//26
f 890//9 889//9 3284//9
f 899//25 890//25 3283//25
f 897//11 899//11 3269//11
f 898//12 897//12 3268//12
f 895//13 898//13 3272//13
f 896//32 895//32 3277//32
f 908//15 896//15 3271//15
f 3271//15 3273//15 908//15
f 3277//32 3271//32 896//32
f 3272//13 3277//13 895//13
f 3268//12 3272//12 898//12
f 3269//11 3268//11 897//11
f 3283//25 3269//25 899//25
f 3284//9 3283//9 890//9
f 3288//26 3284//26 889//26
f 3281//7 3288//7 900//7
f 3282//52 3281//52 891//52
f 3287//51 3282//51 888//51
f 3279//27 3287//27 893//27
f 3280//36 3279//36 892//36
f 3286//2 3280//2 902//2
f 3276//1 3286//1 901//1
f 3278//21 3276//21 905//21
f 3285//37 3278//37 904//37
f 3274//38 3285//38 906//38
f 3275//22 3274//22 907//22
f 3273//16 3275//16 909//16
f 932//16 919//16 3248//16
f 931//17 932//17 3252//17
f 930//38 931//38 3251//38
f 927//19 930//19 3262//19
f 929//20 927//20 3254//20
f 924//28 929//28 3253//28
f 925//2 924//2 3263//2
f 915//36 925//36 3257//36
f 916//27 915//27 3256//27
f 911//51 916//51 3264//51
f 914//52 911//52 3259//52
f 923//7 914//7 3258//7
f 912//26 923//26 3265//26
f 913//9 912//9 3261//9
f 922//25 913//25 3260//25
f 920//11 922//11 3246//11
f 921//12 920//12 3245//12
f 928//13 921//13 3249//13
f 918//14 928//14 3255//14
f 919//15 918//15 3250//15
f 3250//15 3248//15 919//15
f 3255//14 3250//14 918//14
f 3249//13 3255//13 928//13
f 3245//12 3249//12 921//12
f 3246//11 3245//11 920//11
f 3260//25 3246//25 922//25
f 3261//9 3260//9 913//9
f 3265//26 3261//26 912//26
f 3258//7 3265//7 923//7
f 3259//52 3258//52 914//52
f 3264//51 3259//51 911//51
f 3256//27 3264//27 916//27
f 3257//36 3256//36 915//36
f 3263//2 3257//2 925//2
f 3253//28 3263//28 924//28
f 3254//20 3253//20 929//20
f 3262//19 3254//19 927//19
f 3251//38 3262//38 930//38
f 3252//17 3251//17 931//17
f 3248//16 3252//16 932//16
f 976//16 978//16 3216//16
f 977//17 976//17 3210//17
f 972//38 977//38 3212//38
f 967//19 972//19 3211//19
f 968//20 967//20 3218//20
f 957//28 968//28 3217//28
f 958//2 957//2 3219//2
f 963//36 958//36 3201//36
f 961//27 963//27 3200//27
f 962//51 961//51 3213//51
f 959//52 962//52 3214//52
f 960//351 959//351 3215//351
f 970//26 960//26 3203//26
f 971//9 970//9 3202//9
f 964//25 971//25 3205//25
f 965//11 964//11 3204//11
f 973//12 965//12 3199//12
f 974//13 973//13 3206//13
f 975//32 974//32 3208//32
f 978//15 975//15 3207//15
f 3207//15 3216//15 978//15
f 3208//32 3207//32 975//32
f 3206//13 3208//13 974//13
f 3199//12 3206//12 973//12
f 3204//11 3199//11 965//11
f 3205//25 3204//25 964//25
f 3202//9 3205//9 971//9
f 3203//26 3202//26 970//26
f 3215//351 3203//351 960//351
f 3214//52 3215//52 959//52
f 3213//51 3214//51 962//51
f 3200//27 3213//27 961//27
f 3201//36 3200//36 963//36
f 3219//2 3201//2 958//2
f 3217//28 3219//28 957//28
f 3218//20 3217//20 968//20
f 3211//19 3218//19 967//19
f 3212//38 3211//38 972//38
f 3210//17 3212//17 977//17
f 3216//16 3210//16 976//16
f 1000//16 1002//16 3191//16
f 1001//22 1000//22 3192//22
f 998//38 1001//38 3189//38
f 991//19 998//19 3188//19
f 992//21 991//21 3194//21
f 981//1 992//1 3193//1
f 982//2 981//2 3195//2
f 986//36 982//36 3180//36
f 987//4 986//4 3179//4
f 985//51 987//51 3190//51
f 983//52 985//52 3182//52
f 984//351 983//351 3181//351
f 996//26 984//26 3184//26
f 997//9 996//9 3183//9
f 989//10 997//10 3185//10
f 995//24 989//24 3176//24
f 999//12 995//12 3175//12
f 993//13 999//13 3186//13
f 994//14 993//14 3187//14
f 1002//15 994//15 3178//15
f 3178//15 3191//15 1002//15
f 3187//14 3178//14 994//14
f 3186//13 3187//13 993//13
f 3175//12 3186//12 999//12
f 3176//24 3175//24 995//24
f 3185//10 3176//10 989//10
f 3183//9 3185//9 997//9
f 3184//26 3183//26 996//26
f 3181//351 3184//351 984//351
f 3182//52 3181//52 983//52
f 3190//51 3182//51 985//51
f 3179//4 3190//4 987//4
f 3180//36 3179//36 986//36
f 3195//2 3180//2 982//2
f 3193//1 3195//1 981//1
f 3194//21 3193//21 992//21
f 3188//19 3194//19 991//19
f 3189//38 3188//38 998//38
f 3192//22 3189//22 1001//22
f 3191//16 3192//16 1000//16
f 1066//16 1068//16 3122//16
f 1067//17 1066//17 3126//17
f 1062//38 1067//38 3124//38
f 1057//19 1062//19 3123//19
f 1061//20 1057//20 3128//20
f 1047//28 1061//28 3127//28
f 1048//2 1047//2 3129//2
f 1052//36 1048//36 3112//36
f 1053//27 1052//27 3111//27
f 1051//51 1053//51 3125//51
f 1049//52 1051//52 3114//52
f 1050//7 1049//7 3113//7
f 1059//26 1050//26 3116//26
f 1060//9 1059//9 3115//9
f 1055//25 1060//25 3117//25
f 1058//11 1055//11 3110//11
f 1064//12 1058//12 3109//12
f 1065//13 1064//13 3118//13
f 1063//14 1065//14 3120//14
f 1068//15 1063//15 3119//15
f 3119//15 3122//15 1068//15
f 3120//14 3119//14 1063//14
f 3118//13 3120//13 1065//13
f 3109//12 3118//12 1064//12
f 3110//11 3109//11 1058//11
f 3117//25 3110//25 1055//25
f 3115//9 3117//9 1060//9
f 3116//26 3115//26 1059//26
f 3113//7 3116//7 1050//7
f 3114//52 3113//52 1049//52
f 3125//51 3114//51 1051//51
f 3111//27 3125//27 1053//27
f 3112//36 3111//36 1052//36
f 3129//2 3112//2 1048//2
f 3127//28 3129//28 1047//28
f 3128//20 3127//20 1061//20
f 3123//19 3128//19 1057//19
f 3124//38 3123//38 1062//38
f 3126//17 3124//17 1067//17
f 3122//16 3126//16 1066//16
f 1083//16 1082//16 3090//16
f 1089//17 1083//17 3089//17
f 1088//38 1089//38 3091//38
f 1087//19 1088//19 3097//19
f 1085//20 1087//20 3102//20
f 1086//28 1085//28 3098//28
f 1073//2 1086//2 3104//2
f 1072//36 1073//36 3103//36
f 1069//27 1072//27 3105//27
f 1070//51 1069//51 3099//51
f 1071//52 1070//52 3095//52
f 1081//7 1071//7 3101//7
f 1079//26 1081//26 3100//26
f 1080//9 1079//9 3106//9
f 1077//25 1080//25 3108//25
f 1078//11 1077//11 3107//11
f 1084//12 1078//12 3093//12
f 1075//13 1084//13 3096//13
f 1076//14 1075//14 3094//14
f 1082//15 1076//15 3092//15
f 3092//15 3090//15 1082//15
f 3094//14 3092//14 1076//14
f 3096//13 3094//13 1075//13
f 3093//12 3096//12 1084//12
f 3107//11 3093//11 1078//11
f 3108//25 3107//25 1077//25
f 3106//9 3108//9 1080//9
f 3100//26 3106//26 1079//26
f 3101//7 3100//7 1081//7
f 3095//52 3101//52 1071//52
f 3099//51 3095//51 1070//51
f 3105//27 3099//27 1069//27
f 3103//36 3105//36 1072//36
f 3104//2 3103//2 1073//2
f 3098//28 3104//28 1086//28
f 3102//20 3098//20 1085//20
f 3097//19 3102//19 1087//19
f 3091//38 3097//38 1088//38
f 3089//17 3091//17 1089//17
f 3090//16 3089//16 1083//16
f 1128//16 1134//16 3042//16
f 1136//17 1128//17 3041//17
f 1135//38 1136//38 3044//38
f 1133//19 1135//19 3051//19
f 1131//21 1133//21 3056//21
f 1132//1 1131//1 3052//1
f 1119//2 1132//2 3058//2
f 1118//36 1119//36 3057//36
f 1115//27 1118//27 3059//27
f 1116//51 1115//51 3053//51
f 1117//52 1116//52 3049//52
f 1126//7 1117//7 3055//7
f 1124//26 1126//26 3054//26
f 1125//9 1124//9 3060//9
f 1123//25 1125//25 3061//25
f 1130//11 1123//11 3047//11
f 1129//12 1130//12 3046//12
f 1121//13 1129//13 3050//13
f 1122//14 1121//14 3048//14
f 1134//15 1122//15 3045//15
f 3045//15 3042//15 1134//15
f 3048//14 3045//14 1122//14
f 3050//13 3048//13 1121//13
f 3046//12 3050//12 1129//12
f 3047//11 3046//11 1130//11
f 3061//25 3047//25 1123//25
f 3060//9 3061//9 1125//9
f 3054//26 3060//26 1124//26
f 3055//7 3054//7 1126//7
f 3049//52 3055//52 1117//52
f 3053//51 3049//51 1116//51
f 3059//27 3053//27 1115//27
f 3057//36 3059//36 1118//36
f 3058//2 3057//2 1119//2
f 3052//1 3058//1 1132//1
f 3056//21 3052//21 1131//21
f 3051//19 3056//19 1133//19
f 3044//38 3051//38 1135//38
f 3041//17 3044//17 1136//17
f 3042//16 3041//16 1128//16
f 1158//16 1157//16 3018//16
f 1160//17 1158//17 3020//17
f 1159//38 1160//38 3021//38
f 1156//19 1159//19 3028//19
f 1154//20 1156//20 3030//20
f 1155//28 1154//28 3029//28
f 1146//2 1155//2 3034//2
f 1142//36 1146//36 3033//36
f 1140//27 1142//27 3035//27
f 1139//51 1140//51 3031//51
f 1141//52 1139//52 3026//52
f 1151//7 1141//7 3025//7
f 1149//26 1151//26 3032//26
f 1150//9 1149//9 3036//9
f 1148//25 1150//25 3037//25
f 1153//11 1148//11 3023//11
f 1152//12 1153//12 3022//12
f 1147//13 1152//13 3027//13
f 1145//14 1147//14 3024//14
f 1157//15 1145//15 3019//15
f 3019//15 3018//15 1157//15
f 3024//14 3019//14 1145//14
f 3027//13 3024//13 1147//13
f 3022//12 3027//12 1152//12
f 3023//11 3022//11 1153//11
f 3037//25 3023//25 1148//25
f 3036//9 3037//9 1150//9
f 3032//26 3036//26 1149//26
f 3025//7 3032//7 1151//7
f 3026//52 3025//52 1141//52
f 3031//51 3026//51 1139//51
f 3035//27 3031//27 1140//27
f 3033//36 3035//36 1142//36
f 3034//2 3033//2 1146//2
f 3029//28 3034//28 1155//28
f 3030//20 3029//20 1154//20
f 3028//19 3030//19 1156//19
f 3021//38 3028//38 1159//38
f 3020//17 3021//17 1160//17
f 3018//16 3020//16 1158//16
f 1204//16 1199//16 2973//16
f 1206//17 1204//17 2972//17
f 1205//38 1206//38 2974//38
f 1203//19 1205//19 2980//19
f 1201//20 1203//20 2985//20
f 1202//28 1201//28 2981//28
f 1189//2 1202//2 2987//2
f 1188//36 1189//36 2986//36
f 1185//27 1188//27 2988//27
f 1186//51 1185//51 2982//51
f 1187//52 1186//52 2978//52
f 1197//7 1187//7 2984//7
f 1195//26 1197//26 2983//26
f 1196//9 1195//9 2989//9
f 1193//10 1196//10 2991//10
f 1194//24 1193//24 2990//24
f 1200//12 1194//12 2976//12
f 1191//13 1200//13 2979//13
f 1192//14 1191//14 2977//14
f 1199//15 1192//15 2975//15
f 2975//15 2973//15 1199//15
f 2977//14 2975//14 1192//14
f 2979//13 2977//13 1191//13
f 2976//12 2979//12 1200//12
f 2990//24 2976//24 1194//24
f 2991//10 2990//10 1193//10
f 2989//9 2991//9 1196//9
f 2983//26 2989//26 1195//26
f 2984//7 2983//7 1197//7
f 2978//52 2984//52 1187//52
f 2982//51 2978//51 1186//51
f 2988//27 2982//27 1185//27
f 2986//36 2988//36 1188//36
f 2987//2 2986//2 1189//2
f 2981//28 2987//28 1202//28
f 2985//20 2981//20 1201//20
f 2980//19 2985//19 1203//19
f 2974//38 2980//38 1205//38
f 2972//17 2974//17 1206//17
f 2973//16 2972//16 1204//16
f 1221//16 1227//16 2949//16
f 1229//22 1221//22 2948//22
f 1228//38 1229//38 2951//38
f 1226//19 1228//19 2958//19
f 1224//21 1226//21 2963//21
f 1225//1 1224//1 2959//1
f 1212//2 1225//2 2965//2
f 1211//36 1212//36 2964//36
f 1208//27 1211//27 2966//27
f 1209//51 1208//51 2960//51
f 1210//52 1209//52 2956//52
f 1219//7 1210//7 2962//7
f 1217//26 1219//26 2961//26
f 1218//9 1217//9 2967//9
f 1216//25 1218//25 2968//25
f 1223//11 1216//11 2954//11
f 1222//12 1223//12 2953//12
f 1214//13 1222//13 2957//13
f 1215//32 1214//32 2955//32
f 1227//15 1215//15 2952//15
f 2952//15 2949//15 1227//15
f 2955//32 2952//32 1215//32
f 2957//13 2955//13 1214//13
f 2953//12 2957//12 1222//12
f 2954//11 2953//11 1223//11
f 2968//25 2954//25 1216//25
f 2967//9 2968//9 1218//9
f 2961//26 2967//26 1217//26
f 2962//7 2961//7 1219//7
f 2956//52 2962//52 1210//52
f 2960//51 2956//51 1209//51
f 2966//27 2960//27 1208//27
f 2964//36 2966//36 1211//36
f 2965//2 2964//2 1212//2
f 2959//1 2965//1 1225//1
f 2963//21 2959//21 1224//21
f 2958//19 2963//19 1226//19
f 2951//38 2958//38 1228//38
f 2948//22 2951//22 1229//22
f 2949//16 2948//16 1221//16
f 2823//16 2817//16 4891//16
f 2824//22 2823//22 4896//22
f 2822//18 2824//18 4898//18
f 2809//19 2822//19 4897//19
f 2810//20 2809//20 4892//20
f 2820//28 2810//28 4884//28
f 2825//2 2820//2 4889//2
f 2813//36 2825//36 4899//36
f 2814//27 2813//27 4900//27
f 2821//51 2814//51 4895//51
f 2811//52 2821//52 4885//52
f 2807//7 2811//7 4879//7
f 2806//26 2807//26 4878//26
f 2795//9 2806//9 4882//9
f 2796//25 2795//25 4875//25
f 2803//11 2796//11 4871//11
f 2804//12 2803//12 4877//12
f 2805//13 2804//13 4883//13
f 2816//14 2805//14 4888//14
f 2817//15 2816//15 4887//15
f 4887//15 4891//15 2817//15
f 4888//14 4887//14 2816//14
f 4883//13 4888//13 2805//13
f 4877//12 4883//12 2804//12
f 4871//11 4877//11 2803//11
f 4875//25 4871//25 2796//25
f 4882//9 4875//9 2795//9
f 4878//26 4882//26 2806//26
f 4879//7 4878//7 2807//7
f 4885//52 4879//52 2811//52
f 4895//51 4885//51 2821//51
f 4900//27 4895//27 2814//27
f 4899//36 4900//36 2813//36
f 4889//2 4899//2 2825//2
f 4884//28 4889//28 2820//28
f 4892//20 4884//20 2810//20
f 4897//19 4892//19 2809//19
f 4898//18 4897//18 2822//18
f 4896//22 4898//22 2824//22
f 4891//16 4896//16 2823//16
f 5048//28 5049//28 5050//28
f 5051//2 5048//2 5052//2
f 5053//36 5051//36 5054//36
f 5055//27 5053//27 5056//27
f 5057//5 5055//5 5058//5
f 5059//6 5057//6 5060//6
f 5061//351 5059//351 5062//351
f 5063//350 5061//350 5064//350
f 5065//9 5063//9 5066//9
f 5067//25 5065//25 5068//25
f 5069//11 5067//11 5070//11
f 5071//12 5069//12 5072//12
f 5073//13 5071//13 5074//13
f 5075//14 5073//14 5076//14
f 5077//15 5075//15 5078//15
f 5079//16 5077//16 5080//16
f 5081//17 5079//17 5082//17
f 5083//38 5081//38 5084//38
f 5085//19 5083//19 5086//19
f 5049//20 5085//20 5087//20
f 5087//20 5050//20 5049//20
f 5086//19 5087//19 5085//19
f 5084//38 5086//38 5083//38
f 5082//17 5084//17 5081//17
f 5080//16 5082//16 5079//16
f 5078//15 5080//15 5077//15
f 5076//14 5078//14 5075//14
f 5074//13 5076//13 5073//13
f 5072//12 5074//12 5071//12
f 5070//11 5072//11 5069//11
f 5068//25 5070//25 5067//25
f 5066//9 5068//9 5065//9
f 5064//350 5066//350 5063//350
f 5062//351 5064//351 5061//351
f 5060//6 5062//6 5059//6
f 5058//5 5060//5 5057//5
f 5056//27 5058//27 5055//27
f 5054//36 5056//36 5053//36
f 5052//2 5054//2 5051//2
f 5050//28 5052//28 5048//28
f 5088//29 5058//29 5056//29
f 5088//29 5089//29 5060//29
f 5090//29 5091//29 5080//29
f 5091//29 5088//29 5050//29
f 5060//29 5058//29 5088//29
f 5089//29 5064//29 5062//29
f 5090//29 5072//29 5070//29
f 5090//29 5076//29 5074//29
f 5091//29 5082//29 5080//29
f 5088//29 5052//29 5050//29
f 5062//29 5060//29 5089//29
f 5089//29 5068//29 5066//29
f 5074//29 5072//29 5090//29
f 5080//29 5078//29 5090//29
f 5091//29 5086//29 5084//29
f 5088//29 5054//29 5052//29
f 5066//29 5064//29 5089//29
f 5078//29 5076//29 5090//29
f 5091//29 5087//29 5086//29
f 5056//29 5054//29 5088//29
f 5084//29 5082//29 5091//29
f 5089//29 5070//29 5068//29
f 5050//29 5087//29 5091//29
f 5070//29 5089//29 5090//29
f 5092//30 5093//30 5089//30
f 5089//30 5088//30 5092//30
f 5092//39 5055//39 5057//39
f 5094//39 5095//39 5077//39
f 5092//39 5053//39 5055//39
f 5092//39 5049//39 5048//39
f 5094//39 5085//39 5049//39
f 5095//39 5075//39 5077//39
f 5092//39 5051//39 5053//39
f 5049//39 5092//39 5094//39
f 5094//39 5081//39 5083//39
f 5095//39 5073//39 5075//39
f 5095//39 5069//39 5071//39
f 5093//39 5065//39 5067//39
f 5048//39 5051//39 5092//39
f 5094//39 5079//39 5081//39
f 5071//39 5073//39 5095//39
f 5067//39 5095//39 5093//39
f 5083//39 5085//39 5094//39
f 5067//39 5069//39 5095//39
f 5093//39 5061//39 5063//39
f 5093//39 5057//39 5059//39
f 5077//39 5079//39 5094//39
f 5059//39 5061//39 5093//39
f 5063//39 5065//39 5093//39
f 5057//39 5093//39 5092//39
f 5091//31 5090//31 5096//31
f 5096//31 5097//31 5091//31
f 5097//29 5096//29 5098//29
f 5098//29 5099//29 5097//29
f 5099//30 5098//30 5100//30
f 5100//30 5101//30 5099//30
f 5102//30 5103//30 5095//30
f 5095//30 5094//30 5102//30
f 5104//39 5105//39 5103//39
f 5103//39 5102//39 5104//39
f 5106//31 5107//31 5105//31
f 5105//31 5104//31 5106//31
f 5088//41 5097//41 5094//41
f 5094//41 5097//41 5099//41
f 5104//41 5102//41 5094//41
f 5108//41 5109//41 5106//41
f 5088//41 5091//41 5097//41
f 5094//41 5106//41 5104//41
f 5106//41 5099//41 5108//41
f 5099//41 5106//41 5094//41
f 5094//41 5092//41 5088//41
f 5099//41 5101//41 5108//41
f 5105//40 5107//40 5095//40
f 5095//40 5107//40 5098//40
f 5089//40 5093//40 5095//40
f 5098//40 5096//40 5095//40
f 5095//40 5096//40 5089//40
f 5110//40 5098//40 5107//40
f 5096//40 5090//40 5089//40
f 5110//40 5100//40 5098//40
f 5107//40 5111//40 5110//40
f 5095//40 5103//40 5105//40
f 5108//31 5110//31 5111//31
f 5111//31 5109//31 5108//31
f 5108//29 5112//29 5113//29
f 5101//29 5114//29 5112//29
f 5108//29 5115//29 5116//29
f 5112//29 5108//29 5101//29
f 5110//29 5117//29 5118//29
f 5110//29 5108//29 5119//29
f 5116//29 5120//29 5108//29
f 5101//29 5121//29 5114//29
f 5119//29 5117//29 5110//29
f 5113//29 5115//29 5108//29
f 5101//29 5122//29 5123//29
f 5101//29 5100//29 5124//29
f 5100//29 5125//29 5126//29
f 5100//29 5110//29 5127//29
f 5120//29 5119//29 5108//29
f 5124//29 5122//29 5101//29
f 5100//29 5128//29 5129//29
f 5127//29 5125//29 5100//29
f 5123//29 5121//29 5101//29
f 5126//29 5128//29 5100//29
f 5110//29 5130//29 5131//29
f 5129//29 5124//29 5100//29
f 5118//29 5130//29 5110//29
f 5131//29 5127//29 5110//29
f 5106//39 5109//39 5132//39
f 5132//39 5133//39 5106//39
f 5109//39 5134//39 5135//39
f 5109//39 5136//39 5137//39
f 5109//39 5111//39 5138//39
f 5135//39 5132//39 5109//39
f 5138//39 5136//39 5109//39
f 5111//39 5139//39 5140//39
f 5107//39 5141//39 5142//39
f 5107//39 5143//39 5144//39
f 5106//39 5145//39 5146//39
f 5106//39 5147//39 5148//39
f 5137//39 5134//39 5109//39
f 5140//39 5149//39 5111//39
f 5144//39 5141//39 5107//39
f 5107//39 5146//39 5150//39
f 5148//39 5145//39 5106//39
f 5149//39 5138//39 5111//39
f 5111//39 5142//39 5151//39
f 5150//39 5143//39 5107//39
f 5133//39 5147//39 5106//39
f 5142//39 5111//39 5107//39
f 5151//39 5139//39 5111//39
f 5146//39 5107//39 5106//39
f 5133//28 5132//28 5112//28
f 5147//2 5133//2 5114//2
f 5148//36 5147//36 5121//36
f 5145//27 5148//27 5123//27
f 5146//5 5145//5 5122//5
f 5150//6 5146//6 5124//6
f 5143//351 5150//351 5129//351
f 5144//350 5143//350 5128//350
f 5141//9 5144//9 5126//9
f 5142//25 5141//25 5125//25
f 5151//11 5142//11 5127//11
f 5139//12 5151//12 5131//12
f 5140//13 5139//13 5130//13
f 5149//14 5140//14 5118//14
f 5138//15 5149//15 5117//15
f 5136//16 5138//16 5119//16
f 5137//17 5136//17 5120//17
f 5134//38 5137//38 5116//38
f 5135//19 5134//19 5115//19
f 5132//20 5135//20 5113//20
f 5113//20 5112//20 5132//20
f 5115//19 5113//19 5135//19
f 5116//38 5115//38 5134//38
f 5120//17 5116//17 5137//17
f 5119//16 5120//16 5136//16
f 5117//15 5119//15 5138//15
f 5118//14 5117//14 5149//14
f 5130//119 5118//119 5140//119
f 5131//12 5130//12 5139//12
f 5127//11 5131//11 5151//11
f 5125//25 5127//25 5142//25
f 5126//9 5125//9 5141//9
f 5128//350 5126//350 5144//350
f 5129//351 5128//351 5143//351
f 5124//6 5129//6 5150//6
f 5122//5 5124//5 5146//5
f 5123//27 5122//27 5145//27
f 5121//36 5123//36 5148//36
f 5114//2 5121//2 5147//2
f 5112//28 5114//28 5133//28
f 5152//49 5153//49 5154//49
f 5155//2 5152//2 5156//2
f 5157//36 5155//36 5158//36
f 5159//27 5157//27 5160//27
f 5161//5 5159//5 5162//5
f 5163//6 5161//6 5164//6
f 5165//351 5163//351 5166//351
f 5167//26 5165//26 5168//26
f 5169//9 5167//9 5170//9
f 5171//10 5169//10 5172//10
f 5173//24 5171//24 5174//24
f 5175//12 5173//12 5176//12
f 5177//352 5175//352 5178//352
f 5179//14 5177//14 5180//14
f 5181//50 5179//50 5182//50
f 5183//16 5181//16 5184//16
f 5185//17 5183//17 5186//17
f 5187//353 5185//353 5188//353
f 5189//19 5187//19 5190//19
f 5153//46 5189//46 5191//46
f 5191//46 5154//46 5153//46
f 5190//19 5191//19 5189//19
f 5188//38 5190//38 5187//38
f 5186//17 5188//17 5185//17
f 5184//16 5186//16 5183//16
f 5182//50 5184//50 5181//50
f 5180//14 5182//14 5179//14
f 5178//13 5180//13 5177//13
f 5176//12 5178//12 5175//12
f 5174//24 5176//24 5173//24
f 5172//10 5174//10 5171//10
f 5170//9 5172//9 5169//9
f 5168//26 5170//26 5167//26
f 5166//7 5168//7 5165//7
f 5164//6 5166//6 5163//6
f 5162//5 5164//5 5161//5
f 5160//27 5162//27 5159//27
f 5158//36 5160//36 5157//36
f 5156//2 5158//2 5155//2
f 5154//49 5156//49 5152//49
f 5192//29 5162//29 5160//29
f 5192//29 5193//29 5164//29
f 5194//29 5195//29 5184//29
f 5195//29 5192//29 5154//29
f 5164//29 5162//29 5192//29
f 5193//29 5168//29 5166//29
f 5194//29 5176//29 5174//29
f 5194//29 5180//29 5178//29
f 5195//29 5186//29 5184//29
f 5192//29 5156//29 5154//29
f 5166//29 5164//29 5193//29
f 5193//29 5172//29 5170//29
f 5178//29 5176//29 5194//29
f 5184//29 5182//29 5194//29
f 5195//29 5190//29 5188//29
f 5192//29 5158//29 5156//29
f 5170//29 5168//29 5193//29
f 5182//29 5180//29 5194//29
f 5195//29 5191//29 5190//29
f 5160//29 5158//29 5192//29
f 5188//29 5186//29 5195//29
f 5193//29 5174//29 5172//29
f 5154//29 5191//29 5195//29
f 5174//29 5193//29 5194//29
f 5196//30 5197//30 5193//30
f 5193//30 5192//30 5196//30
f 5196//39 5159//39 5161//39
f 5198//39 5199//39 5181//39
f 5196//39 5157//39 5159//39
f 5196//39 5153//39 5152//39
f 5198//39 5189//39 5153//39
f 5199//39 5179//39 5181//39
f 5196//39 5155//39 5157//39
f 5153//39 5196//39 5198//39
f 5198//39 5185//39 5187//39
f 5199//39 5177//39 5179//39
f 5199//39 5173//39 5175//39
f 5197//39 5169//39 5171//39
f 5152//39 5155//39 5196//39
f 5198//39 5183//39 5185//39
f 5175//39 5177//39 5199//39
f 5171//39 5199//39 5197//39
f 5187//39 5189//39 5198//39
f 5171//39 5173//39 5199//39
f 5197//39 5165//39 5167//39
f 5197//39 5161//39 5163//39
f 5181//39 5183//39 5198//39
f 5163//39 5165//39 5197//39
f 5167//39 5169//39 5197//39
f 5161//39 5197//39 5196//39
f 5195//31 5194//31 5200//31
f 5200//31 5201//31 5195//31
f 5201//29 5200//29 5202//29
f 5202//29 5203//29 5201//29
f 5203//30 5202//30 5204//30
f 5204//30 5205//30 5203//30
f 5206//30 5207//30 5199//30
f 5199//30 5198//30 5206//30
f 5208//39 5209//39 5207//39
f 5207//39 5206//39 5208//39
f 5210//31 5211//31 5209//31
f 5209//31 5208//31 5210//31
f 5192//41 5201//41 5198//41
f 5198//41 5201//41 5203//41
f 5208//41 5206//41 5198//41
f 5212//41 5213//41 5210//41
f 5192//41 5195//41 5201//41
f 5198//41 5210//41 5208//41
f 5210//41 5203//41 5212//41
f 5203//41 5210//41 5198//41
f 5198//41 5196//41 5192//41
f 5203//41 5205//41 5212//41
f 5209//40 5211//40 5199//40
f 5199//40 5211//40 5202//40
f 5193//40 5197//40 5199//40
f 5202//40 5200//40 5199//40
f 5199//40 5200//40 5193//40
f 5214//40 5202//40 5211//40
f 5200//40 5194//40 5193//40
f 5214//40 5204//40 5202//40
f 5211//40 5215//40 5214//40
f 5199//40 5207//40 5209//40
f 5212//31 5214//31 5215//31
f 5215//31 5213//31 5212//31
f 5212//29 5216//29 5217//29
f 5205//29 5218//29 5216//29
f 5212//29 5219//29 5220//29
f 5216//29 5212//29 5205//29
f 5214//29 5221//29 5222//29
f 5214//29 5212//29 5223//29
f 5220//29 5224//29 5212//29
f 5205//29 5225//29 5218//29
f 5223//29 5221//29 5214//29
f 5217//29 5219//29 5212//29
f 5205//29 5226//29 5227//29
f 5205//29 5204//29 5228//29
f 5204//29 5229//29 5230//29
f 5204//29 5214//29 5231//29
f 5224//29 5223//29 5212//29
f 5228//29 5226//29 5205//29
f 5204//29 5232//29 5233//29
f 5231//29 5229//29 5204//29
f 5227//29 5225//29 5205//29
f 5230//29 5232//29 5204//29
f 5214//29 5234//29 5235//29
f 5233//29 5228//29 5204//29
f 5222//29 5234//29 5214//29
f 5235//29 5231//29 5214//29
f 5210//39 5213//39 5236//39
f 5236//39 5237//39 5210//39
f 5213//39 5238//39 5239//39
f 5213//39 5240//39 5241//39
f 5213//39 5215//39 5242//39
f 5239//39 5236//39 5213//39
f 5242//39 5240//39 5213//39
f 5215//39 5243//39 5244//39
f 5211//39 5245//39 5246//39
f 5211//39 5247//39 5248//39
f 5210//39 5249//39 5250//39
f 5210//39 5251//39 5252//39
f 5241//39 5238//39 5213//39
f 5244//39 5253//39 5215//39
f 5248//39 5245//39 5211//39
f 5211//39 5250//39 5254//39
f 5252//39 5249//39 5210//39
f 5253//39 5242//39 5215//39
f 5215//39 5246//39 5255//39
f 5254//39 5247//39 5211//39
f 5237//39 5251//39 5210//39
f 5246//39 5215//39 5211//39
f 5255//39 5243//39 5215//39
f 5250//39 5211//39 5210//39
f 5237//49 5236//49 5216//49
f 5251//2 5237//2 5218//2
f 5252//36 5251//36 5225//36
f 5249//27 5252//27 5227//27
f 5250//5 5249//5 5226//5
f 5254//6 5250//6 5228//6
f 5247//351 5254//351 5233//351
f 5248//26 5247//26 5232//26
f 5245//9 5248//9 5230//9
f 5246//10 5245//10 5229//10
f 5255//24 5246//24 5231//24
f 5243//12 5255//12 5235//12
f 5244//352 5243//352 5234//352
f 5253//14 5244//14 5222//14
f 5242//50 5253//50 5221//50
f 5240//16 5242//16 5223//16
f 5241//17 5240//17 5224//17
f 5238//353 5241//353 5220//353
f 5239//19 5238//19 5219//19
f 5236//46 5239//46 5217//46
f 5217//46 5216//46 5236//46
f 5219//19 5217//19 5239//19
f 5220//38 5219//38 5238//38
f 5224//17 5220//17 5241//17
f 5223//16 5224//16 5240//16
f 5221//50 5223//50 5242//50
f 5222//14 5221//14 5253//14
f 5234//13 5222//13 5244//13
f 5235//12 5234//12 5243//12
f 5231//24 5235//24 5255//24
f 5229//10 5231//10 5246//10
f 5230//9 5229//9 5245//9
f 5232//26 5230//26 5248//26
f 5233//7 5232//7 5247//7
f 5228//6 5233//6 5254//6
f 5226//5 5228//5 5250//5
f 5227//27 5226//27 5249//27
f 5225//36 5227//36 5252//36
f 5218//2 5225//2 5251//2
f 5216//49 5218//49 5237//49
f 5316//16 5317//16 5318//16
f 5319//17 5316//17 5320//17
f 5321//38 5319//38 5322//38
f 5323//19 5321//19 5324//19
f 5325//20 5323//20 5326//20
f 5327//28 5325//28 5328//28
f 5329//2 5327//2 5330//2
f 5331//36 5329//36 5332//36
f 5333//27 5331//27 5334//27
f 5335//5 5333//5 5336//5
f 5336//5 5337//5 5335//5
f 5334//27 5336//27 5333//27
f 5332//36 5334//36 5331//36
f 5330//2 5332//2 5329//2
f 5328//28 5330//28 5327//28
f 5326//20 5328//20 5325//20
f 5324//19 5326//19 5323//19
f 5322//38 5324//38 5321//38
f 5320//17 5322//17 5319//17
f 5318//16 5320//16 5316//16
f 5338//6 5335//6 5337//6
f 5339//7 5338//7 5340//7
f 5341//26 5339//26 5342//26
f 5343//9 5341//9 5344//9
f 5345//25 5343//25 5346//25
f 5347//11 5345//11 5348//11
f 5349//12 5347//12 5350//12
f 5351//13 5349//13 5352//13
f 5353//14 5351//14 5354//14
f 5317//15 5353//15 5355//15
f 5355//15 5318//15 5317//15
f 5354//14 5355//14 5353//14
f 5352//13 5354//13 5351//13
f 5350//12 5352//12 5349//12
f 5348//11 5350//11 5347//11
f 5346//25 5348//25 5345//25
f 5344//9 5346//9 5343//9
f 5342//26 5344//26 5341//26
f 5340//7 5342//7 5339//7
f 5337//6 5340//6 5338//6
f 5356//39 5357//39 5338//39
f 5357//39 5358//39 5335//39
f 5335//39 5338//39 5357//39
f 5359//39 5333//39 5335//39
f 5360//39 5327//39 5329//39
f 5360//39 5361//39 5325//39
f 5362//39 5363//39 5347//39
f 5363//39 5364//39 5345//39
f 5365//39 5343//39 5345//39
f 5366//39 5341//39 5343//39
f 5335//39 5358//39 5359//39
f 5367//39 5331//39 5333//39
f 5368//39 5329//39 5331//39
f 5325//39 5327//39 5360//39
f 5369//39 5353//39 5317//39
f 5370//39 5351//39 5353//39
f 5362//39 5349//39 5351//39
f 5345//39 5347//39 5363//39
f 5343//39 5365//39 5366//39
f 5366//39 5356//39 5339//39
f 5333//39 5359//39 5367//39
f 5329//39 5368//39 5360//39
f 5371//39 5323//39 5325//39
f 5372//39 5321//39 5323//39
f 5353//39 5369//39 5370//39
f 5347//39 5349//39 5362//39
f 5339//39 5341//39 5366//39
f 5331//39 5367//39 5368//39
f 5323//39 5371//39 5372//39
f 5372//39 5373//39 5319//39
f 5373//39 5374//39 5316//39
f 5374//39 5375//39 5317//39
f 5351//39 5370//39 5362//39
f 5338//39 5339//39 5356//39
f 5319//39 5321//39 5372//39
f 5317//39 5316//39 5374//39
f 5345//39 5364//39 5365//39
f 5316//39 5319//39 5373//39
f 5325//39 5361//39 5371//39
f 5317//39 5375//39 5369//39
f 5376//16 5377//16 5375//16
f 5378//19 5379//19 5372//19
f 5380//20 5378//20 5371//20
f 5381//28 5380//28 5361//28
f 5382//2 5381//2 5360//2
f 5383//36 5382//36 5368//36
f 5384//27 5383//27 5367//27
f 5385//5 5384//5 5359//5
f 5372//354 5386//354 5387//354
f 5372//355 5379//355 5386//355
f 5387//356 5373//356 5372//356
f 5374//357 5373//357 5388//357
f 5388//358 5389//358 5374//358
f 5389//359 5376//359 5374//359
f 5387//360 5388//360 5373//360
f 5359//5 5358//5 5385//5
f 5367//27 5359//27 5384//27
f 5368//36 5367//36 5383//36
f 5360//2 5368//2 5382//2
f 5361//28 5360//28 5381//28
f 5371//20 5361//20 5380//20
f 5372//19 5371//19 5378//19
f 5375//16 5374//16 5376//16
f 5388//361 5387//361 5390//361
f 5390//361 5391//361 5388//361
f 5391//361 5392//361 5388//361
f 5392//361 5389//361 5388//361
f 5391//361 5393//361 5392//361
f 5390//362 5387//362 5386//362
f 5386//362 5394//362 5390//362
f 5395//52 5396//52 5397//52
f 5398//7 5395//7 5399//7
f 5400//26 5398//26 5401//26
f 5402//9 5400//9 5403//9
f 5404//25 5402//25 5405//25
f 5406//11 5404//11 5407//11
f 5408//12 5406//12 5409//12
f 5410//50 5411//50 5412//50
f 5412//363 5393//363 5391//363
f 5412//364 5411//364 5393//364
f 5413//365 5414//365 5390//365
f 5390//366 5394//366 5413//366
f 5414//367 5391//367 5390//367
f 5394//368 5408//368 5413//368
f 5391//369 5414//369 5412//369
f 5412//50 5415//50 5410//50
f 5409//12 5413//12 5408//12
f 5407//11 5409//11 5406//11
f 5405//25 5407//25 5404//25
f 5403//9 5405//9 5402//9
f 5401//26 5403//26 5400//26
f 5399//7 5401//7 5398//7
f 5397//52 5399//52 5395//52
f 5416//370 5410//370 5415//370
f 5417//19 5418//19 5419//19
f 5420//20 5417//20 5421//20
f 5422//28 5420//28 5423//28
f 5424//2 5422//2 5425//2
f 5426//36 5424//36 5427//36
f 5428//27 5426//27 5429//27
f 5396//51 5428//51 5430//51
f 5419//371 5431//371 5432//371
f 5419//372 5418//372 5431//372
f 5432//373 5433//373 5419//373
f 5434//357 5433//357 5435//357
f 5435//374 5436//374 5434//374
f 5436//359 5416//359 5434//359
f 5432//360 5435//360 5433//360
f 5430//51 5397//51 5396//51
f 5429//27 5430//27 5428//27
f 5427//36 5429//36 5426//36
f 5425//2 5427//2 5424//2
f 5423//28 5425//28 5422//28
f 5421//20 5423//20 5420//20
f 5419//19 5421//19 5417//19
f 5415//370 5434//370 5416//370
f 5437//361 5435//361 5432//361
f 5437//361 5436//361 5435//361
f 5432//361 5438//361 5437//361
f 5437//361 5439//361 5436//361
f 5432//362 5431//362 5440//362
f 5440//362 5438//362 5432//362
f 5441//6 5442//6 5443//6
f 5444//7 5441//7 5445//7
f 5446//26 5444//26 5447//26
f 5448//9 5446//9 5449//9
f 5450//25 5448//25 5451//25
f 5452//11 5450//11 5453//11
f 5454//12 5452//12 5455//12
f 5456//15 5457//15 5458//15
f 5458//363 5439//363 5437//363
f 5458//364 5457//364 5439//364
f 5459//375 5460//375 5438//375
f 5438//376 5440//376 5459//376
f 5460//367 5437//367 5438//367
f 5440//377 5454//377 5459//377
f 5437//369 5460//369 5458//369
f 5458//15 5461//15 5456//15
f 5455//12 5459//12 5454//12
f 5453//11 5455//11 5452//11
f 5451//25 5453//25 5450//25
f 5449//9 5451//9 5448//9
f 5447//26 5449//26 5446//26
f 5445//7 5447//7 5444//7
f 5443//6 5445//6 5441//6
f 5462//16 5456//16 5461//16
f 5463//19 5464//19 5465//19
f 5466//20 5463//20 5467//20
f 5468//28 5466//28 5469//28
f 5470//2 5468//2 5471//2
f 5472//36 5470//36 5473//36
f 5474//27 5472//27 5475//27
f 5442//5 5474//5 5476//5
f 5465//354 5477//354 5478//354
f 5465//372 5464//372 5477//372
f 5478//373 5479//373 5465//373
f 5480//357 5479//357 5481//357
f 5481//358 5482//358 5480//358
f 5482//359 5462//359 5480//359
f 5478//360 5481//360 5479//360
f 5476//5 5443//5 5442//5
f 5475//27 5476//27 5474//27
f 5473//36 5475//36 5472//36
f 5471//2 5473//2 5470//2
f 5469//28 5471//28 5468//28
f 5467//20 5469//20 5466//20
f 5465//19 5467//19 5463//19
f 5461//16 5480//16 5462//16
f 5478//361 5483//361 5484//361
f 5483//361 5485//361 5484//361
f 5484//361 5481//361 5478//361
f 5484//361 5482//361 5481//361
f 5485//361 5486//361 5484//361
f 5483//362 5478//362 5477//362
f 5477//362 5487//362 5483//362
f 5488//6 5489//6 5490//6
f 5491//7 5488//7 5492//7
f 5493//26 5491//26 5494//26
f 5495//9 5493//9 5496//9
f 5497//25 5495//25 5498//25
f 5499//11 5497//11 5500//11
f 5501//12 5499//12 5502//12
f 5503//50 5504//50 5505//50
f 5505//378 5486//378 5485//378
f 5505//364 5504//364 5486//364
f 5506//365 5507//365 5483//365
f 5483//376 5487//376 5506//376
f 5507//379 5485//379 5483//379
f 5487//368 5501//368 5506//368
f 5485//369 5507//369 5505//369
f 5505//50 5508//50 5503//50
f 5502//12 5506//12 5501//12
f 5500//11 5502//11 5499//11
f 5498//25 5500//25 5497//25
f 5496//9 5498//9 5495//9
f 5494//26 5496//26 5493//26
f 5492//7 5494//7 5491//7
f 5490//6 5492//6 5488//6
f 5509//370 5503//370 5508//370
f 5510//19 5511//19 5512//19
f 5513//20 5510//20 5514//20
f 5515//28 5513//28 5516//28
f 5517//2 5515//2 5518//2
f 5519//36 5517//36 5520//36
f 5521//27 5519//27 5522//27
f 5489//51 5521//51 5523//51
f 5512//354 5524//354 5525//354
f 5512//372 5511//372 5524//372
f 5525//356 5526//356 5512//356
f 5527//357 5526//357 5528//357
f 5528//358 5529//358 5527//358
f 5529//359 5509//359 5527//359
f 5525//360 5528//360 5526//360
f 5523//51 5490//51 5489//51
f 5522//27 5523//27 5521//27
f 5520//36 5522//36 5519//36
f 5518//2 5520//2 5517//2
f 5516//28 5518//28 5515//28
f 5514//20 5516//20 5513//20
f 5512//19 5514//19 5510//19
f 5508//370 5527//370 5509//370
f 5530//361 5528//361 5525//361
f 5530//361 5529//361 5528//361
f 5525//361 5531//361 5530//361
f 5530//361 5532//361 5529//361
f 5531//362 5525//362 5524//362
f 5524//362 5533//362 5531//362
f 5534//6 5535//6 5536//6
f 5537//7 5534//7 5538//7
f 5539//26 5537//26 5540//26
f 5541//9 5539//9 5542//9
f 5543//10 5541//10 5544//10
f 5545//24 5543//24 5546//24
f 5547//12 5545//12 5548//12
f 5549//15 5550//15 5551//15
f 5551//378 5532//378 5530//378
f 5551//364 5550//364 5532//364
f 5552//365 5553//365 5531//365
f 5531//376 5533//376 5552//376
f 5553//379 5530//379 5531//379
f 5533//377 5547//377 5552//377
f 5530//369 5553//369 5551//369
f 5551//15 5554//15 5549//15
f 5548//12 5552//12 5547//12
f 5546//24 5548//24 5545//24
f 5544//10 5546//10 5543//10
f 5542//9 5544//9 5541//9
f 5540//26 5542//26 5539//26
f 5538//7 5540//7 5537//7
f 5536//6 5538//6 5534//6
f 5555//16 5549//16 5554//16
f 5556//19 5557//19 5558//19
f 5559//21 5556//21 5560//21
f 5561//1 5559//1 5562//1
f 5563//2 5561//2 5564//2
f 5565//36 5563//36 5566//36
f 5567//27 5565//27 5568//27
f 5535//5 5567//5 5569//5
f 5558//354 5570//354 5571//354
f 5558//380 5557//380 5570//380
f 5571//373 5572//373 5558//373
f 5573//357 5572//357 5574//357
f 5574//374 5575//374 5573//374
f 5575//359 5555//359 5573//359
f 5571//360 5574//360 5572//360
f 5569//5 5536//5 5535//5
f 5568//27 5569//27 5567//27
f 5566//36 5568//36 5565//36
f 5564//2 5566//2 5563//2
f 5562//1 5564//1 5561//1
f 5560//21 5562//21 5559//21
f 5558//19 5560//19 5556//19
f 5554//16 5573//16 5555//16
f 5576//361 5577//361 5578//361
f 5578//361 5571//361 5576//361
f 5578//361 5575//361 5574//361
f 5578//361 5574//361 5571//361
f 5577//361 5579//361 5578//361
f 5576//362 5571//362 5570//362
f 5570//362 5580//362 5576//362
f 5581//6 5582//6 5583//6
f 5584//7 5581//7 5585//7
f 5586//26 5584//26 5587//26
f 5588//9 5586//9 5589//9
f 5590//10 5588//10 5591//10
f 5592//11 5590//11 5593//11
f 5594//12 5592//12 5595//12
f 5596//15 5597//15 5598//15
f 5598//363 5579//363 5577//363
f 5598//364 5597//364 5579//364
f 5599//365 5600//365 5576//365
f 5576//376 5580//376 5599//376
f 5600//381 5577//381 5576//381
f 5580//368 5594//368 5599//368
f 5577//369 5600//369 5598//369
f 5598//15 5601//15 5596//15
f 5595//12 5599//12 5594//12
f 5593//24 5595//24 5592//24
f 5591//25 5593//25 5590//25
f 5589//9 5591//9 5588//9
f 5587//26 5589//26 5586//26
f 5585//7 5587//7 5584//7
f 5583//6 5585//6 5581//6
f 5602//16 5596//16 5601//16
f 5603//19 5604//19 5605//19
f 5606//21 5603//21 5607//21
f 5608//28 5606//28 5609//28
f 5610//2 5608//2 5611//2
f 5612//36 5610//36 5613//36
f 5614//27 5612//27 5615//27
f 5582//5 5614//5 5616//5
f 5605//371 5617//371 5618//371
f 5605//380 5604//380 5617//380
f 5618//373 5619//373 5605//373
f 5620//357 5619//357 5621//357
f 5621//374 5622//374 5620//374
f 5622//359 5602//359 5620//359
f 5618//382 5621//382 5619//382
f 5616//5 5583//5 5582//5
f 5615//27 5616//27 5614//27
f 5613//36 5615//36 5612//36
f 5611//2 5613//2 5610//2
f 5609//1 5611//1 5608//1
f 5607//20 5609//20 5606//20
f 5605//19 5607//19 5603//19
f 5601//16 5620//16 5602//16
f 5621//361 5618//361 5623//361
f 5623//361 5624//361 5621//361
f 5625//361 5622//361 5621//361
f 5624//361 5625//361 5621//361
f 5623//362 5618//362 5617//362
f 5617//362 5626//362 5623//362
f 5627//52 5628//52 5629//52
f 5630//7 5627//7 5631//7
f 5632//26 5630//26 5633//26
f 5634//9 5632//9 5635//9
f 5636//10 5634//10 5637//10
f 5638//24 5636//24 5639//24
f 5640//12 5638//12 5641//12
f 5642//50 5643//50 5644//50
f 5644//378 5625//378 5624//378
f 5644//364 5643//364 5625//364
f 5645//365 5646//365 5623//365
f 5623//366 5626//366 5645//366
f 5646//379 5624//379 5623//379
f 5626//368 5640//368 5645//368
f 5624//369 5646//369 5644//369
f 5644//15 5647//15 5642//15
f 5641//12 5645//12 5640//12
f 5639//24 5641//24 5638//24
f 5637//10 5639//10 5636//10
f 5635//9 5637//9 5634//9
f 5633//26 5635//26 5632//26
f 5631//7 5633//7 5630//7
f 5629//52 5631//52 5627//52
f 5648//370 5642//370 5647//370
f 5649//19 5650//19 5651//19
f 5652//21 5649//21 5653//21
f 5654//1 5652//1 5655//1
f 5656//2 5654//2 5657//2
f 5658//36 5656//36 5659//36
f 5660//27 5658//27 5661//27
f 5628//5 5660//5 5662//5
f 5651//354 5663//354 5664//354
f 5651//380 5650//380 5663//380
f 5664//356 5665//356 5651//356
f 5666//357 5665//357 5667//357
f 5667//374 5668//374 5666//374
f 5668//359 5648//359 5666//359
f 5664//383 5667//383 5665//383
f 5662//51 5629//51 5628//51
f 5661//27 5662//27 5660//27
f 5659//36 5661//36 5658//36
f 5657//2 5659//2 5656//2
f 5655//1 5657//1 5654//1
f 5653//21 5655//21 5652//21
f 5651//19 5653//19 5649//19
f 5647//370 5666//370 5648//370
f 5669//361 5667//361 5664//361
f 5669//361 5670//361 5667//361
f 5670//361 5668//361 5667//361
f 5664//361 5671//361 5669//361
f 5669//361 5672//361 5670//361
f 5671//362 5664//362 5663//362
f 5663//362 5673//362 5671//362
f 5674//6 5675//6 5676//6
f 5677//7 5674//7 5678//7
f 5679//26 5677//26 5680//26
f 5681//9 5679//9 5682//9
f 5683//10 5681//10 5684//10
f 5685//11 5683//11 5686//11
f 5687//12 5685//12 5688//12
f 5689//15 5690//15 5691//15
f 5691//363 5672//363 5669//363
f 5691//364 5690//364 5672//364
f 5692//365 5693//365 5671//365
f 5671//366 5673//366 5692//366
f 5693//384 5669//384 5671//384
f 5673//368 5687//368 5692//368
f 5669//369 5693//369 5691//369
f 5691//15 5694//15 5689//15
f 5688//12 5692//12 5687//12
f 5686//24 5688//24 5685//24
f 5684//25 5686//25 5683//25
f 5682//9 5684//9 5681//9
f 5680//26 5682//26 5679//26
f 5678//7 5680//7 5677//7
f 5676//6 5678//6 5674//6
f 5695//16 5689//16 5694//16
f 5696//19 5697//19 5698//19
f 5699//20 5696//20 5700//20
f 5701//28 5699//28 5702//28
f 5703//2 5701//2 5704//2
f 5705//36 5703//36 5706//36
f 5707//27 5705//27 5708//27
f 5675//5 5707//5 5709//5
f 5698//354 5710//354 5711//354
f 5698//380 5697//380 5710//380
f 5711//373 5712//373 5698//373
f 5713//357 5712//357 5714//357
f 5714//358 5715//358 5713//358
f 5715//359 5695//359 5713//359
f 5711//385 5714//385 5712//385
f 5709//5 5676//5 5675//5
f 5708//27 5709//27 5707//27
f 5706//36 5708//36 5705//36
f 5704//2 5706//2 5703//2
f 5702//28 5704//28 5701//28
f 5700//20 5702//20 5699//20
f 5698//19 5700//19 5696//19
f 5694//16 5713//16 5695//16
f 5716//362 5711//362 5710//362
f 5710//362 5717//362 5716//362
f 5718//361 5714//361 5711//361
f 5718//361 5715//361 5714//361
f 5711//361 5716//361 5718//361
f 5719//6 5385//6 5358//6
f 5720//7 5719//7 5357//7
f 5721//26 5720//26 5356//26
f 5722//9 5721//9 5366//9
f 5723//25 5722//25 5365//25
f 5724//11 5723//11 5364//11
f 5725//12 5724//12 5363//12
f 5377//15 5726//15 5369//15
f 5369//378 5727//378 5728//378
f 5369//364 5726//364 5727//364
f 5362//365 5370//365 5729//365
f 5729//386 5730//386 5362//386
f 5370//381 5728//381 5729//381
f 5730//377 5725//377 5362//377
f 5728//369 5370//369 5369//369
f 5369//15 5375//15 5377//15
f 5363//12 5362//12 5725//12
f 5364//11 5363//11 5724//11
f 5365//25 5364//25 5723//25
f 5366//9 5365//9 5722//9
f 5356//26 5366//26 5721//26
f 5357//7 5356//7 5720//7
f 5358//6 5357//6 5719//6
f 5731//361 5732//361 5729//361
f 5729//361 5728//361 5731//361
f 5728//361 5727//361 5731//361
f 5732//362 5733//362 5730//362
f 5730//362 5729//362 5732//362
f 5734//39 5689//39 5695//39
f 5735//39 5690//39 5689//39
f 5735//39 5670//39 5672//39
f 5695//39 5718//39 5734//39
f 5695//39 5715//39 5718//39
f 5672//39 5690//39 5735//39
f 5689//39 5734//39 5735//39
f 5736//39 5376//39 5389//39
f 5736//39 5737//39 5377//39
f 5737//39 5731//39 5727//39
f 5377//39 5376//39 5736//39
f 5727//39 5726//39 5737//39
f 5726//39 5377//39 5737//39
f 5457//39 5416//39 5436//39
f 5457//39 5736//39 5410//39
f 5736//39 5457//39 5456//39
f 5410//39 5416//39 5457//39
f 5736//39 5392//39 5393//39
f 5738//39 5462//39 5482//39
f 5436//39 5439//39 5457//39
f 5393//39 5411//39 5736//39
f 5738//39 5456//39 5462//39
f 5411//39 5410//39 5736//39
f 5456//39 5738//39 5736//39
f 5509//39 5550//39 5549//39
f 5550//39 5509//39 5529//39
f 5739//39 5555//39 5575//39
f 5529//39 5532//39 5550//39
f 5739//39 5738//39 5503//39
f 5739//39 5549//39 5555//39
f 5503//39 5509//39 5739//39
f 5738//39 5484//39 5486//39
f 5549//39 5739//39 5509//39
f 5486//39 5504//39 5738//39
f 5504//39 5503//39 5738//39
f 5602//39 5643//39 5642//39
f 5602//39 5622//39 5625//39
f 5735//39 5648//39 5668//39
f 5625//39 5643//39 5602//39
f 5735//39 5739//39 5596//39
f 5735//39 5642//39 5648//39
f 5596//39 5602//39 5735//39
f 5739//39 5578//39 5579//39
f 5642//39 5735//39 5602//39
f 5579//39 5597//39 5739//39
f 5597//39 5596//39 5739//39
f 5668//39 5670//39 5735//39
f 5575//39 5578//39 5739//39
f 5482//39 5484//39 5738//39
f 5389//39 5392//39 5736//39
f 5740//39 5489//39 5442//39
f 5442//39 5396//39 5740//39
f 5740//39 5741//39 5535//39
f 5535//39 5489//39 5740//39
f 5741//39 5582//39 5535//39
f 5396//39 5384//39 5385//39
f 5741//39 5614//39 5582//39
f 5385//39 5740//39 5396//39
f 5535//39 5534//39 5489//39
f 5442//39 5441//39 5396//39
f 5534//39 5537//39 5489//39
f 5441//39 5444//39 5396//39
f 5489//39 5468//39 5470//39
f 5385//39 5719//39 5740//39
f 5396//39 5382//39 5383//39
f 5470//39 5472//39 5489//39
f 5381//39 5402//39 5404//39
f 5740//39 5722//39 5723//39
f 5383//39 5384//39 5396//39
f 5472//39 5474//39 5489//39
f 5404//39 5380//39 5381//39
f 5740//39 5721//39 5722//39
f 5535//39 5582//39 5581//39
f 5474//39 5442//39 5489//39
f 5719//39 5720//39 5740//39
f 5382//39 5400//39 5402//39
f 5614//39 5741//39 5628//39
f 5741//39 5707//39 5675//39
f 5740//39 5720//39 5721//39
f 5581//39 5584//39 5535//39
f 5382//39 5398//39 5400//39
f 5382//39 5396//39 5395//39
f 5675//39 5628//39 5741//39
f 5628//39 5612//39 5614//39
f 5395//39 5398//39 5382//39
f 5628//39 5675//39 5674//39
f 5628//39 5610//39 5612//39
f 5396//39 5444//39 5446//39
f 5381//39 5382//39 5402//39
f 5674//39 5677//39 5628//39
f 5723//39 5733//39 5740//39
f 5628//39 5608//39 5610//39
f 5448//39 5424//39 5426//39
f 5448//39 5450//39 5420//39
f 5733//39 5724//39 5725//39
f 5741//39 5703//39 5705//39
f 5406//39 5378//39 5380//39
f 5406//39 5386//39 5379//39
f 5426//39 5428//39 5448//39
f 5420//39 5422//39 5448//39
f 5452//39 5417//39 5420//39
f 5452//39 5431//39 5418//39
f 5733//39 5723//39 5724//39
f 5705//39 5707//39 5741//39
f 5386//39 5406//39 5408//39
f 5379//39 5378//39 5406//39
f 5468//39 5495//39 5497//39
f 5468//39 5489//39 5488//39
f 5681//39 5654//39 5656//39
f 5654//39 5681//39 5683//39
f 5685//39 5649//39 5652//39
f 5685//39 5663//39 5650//39
f 5422//39 5424//39 5448//39
f 5418//39 5417//39 5452//39
f 5446//39 5448//39 5396//39
f 5380//39 5404//39 5406//39
f 5463//39 5499//39 5501//39
f 5463//39 5466//39 5497//39
f 5468//39 5493//39 5495//39
f 5488//39 5491//39 5468//39
f 5491//39 5493//39 5468//39
f 5556//39 5592//39 5594//39
f 5592//39 5556//39 5559//39
f 5561//39 5588//39 5590//39
f 5561//39 5584//39 5586//39
f 5683//39 5652//39 5654//39
f 5658//39 5677//39 5679//39
f 5663//39 5685//39 5687//39
f 5650//39 5649//39 5685//39
f 5431//39 5452//39 5454//39
f 5420//39 5450//39 5452//39
f 5489//39 5537//39 5539//39
f 5408//39 5394//39 5386//39
f 5497//39 5499//39 5463//39
f 5559//39 5590//39 5592//39
f 5580//39 5570//39 5557//39
f 5584//39 5561//39 5563//39
f 5586//39 5588//39 5561//39
f 5679//39 5681//39 5658//39
f 5652//39 5683//39 5685//39
f 5428//39 5396//39 5448//39
f 5725//39 5730//39 5733//39
f 5497//39 5466//39 5468//39
f 5487//39 5477//39 5464//39
f 5541//39 5543//39 5513//39
f 5557//39 5556//39 5580//39
f 5590//39 5559//39 5561//39
f 5677//39 5658//39 5660//39
f 5687//39 5673//39 5663//39
f 5539//39 5541//39 5489//39
f 5464//39 5463//39 5487//39
f 5603//39 5638//39 5640//39
f 5603//39 5606//39 5636//39
f 5608//39 5634//39 5636//39
f 5513//39 5515//39 5541//39
f 5584//39 5565//39 5567//39
f 5563//39 5565//39 5584//39
f 5656//39 5658//39 5681//39
f 5501//39 5487//39 5463//39
f 5741//39 5717//39 5699//39
f 5717//39 5710//39 5697//39
f 5636//39 5638//39 5603//39
f 5608//39 5632//39 5634//39
f 5608//39 5628//39 5627//39
f 5541//39 5519//39 5521//39
f 5515//39 5517//39 5541//39
f 5545//39 5510//39 5513//39
f 5545//39 5524//39 5511//39
f 5594//39 5580//39 5556//39
f 5454//39 5440//39 5431//39
f 5699//39 5701//39 5741//39
f 5697//39 5696//39 5717//39
f 5636//39 5606//39 5608//39
f 5627//39 5630//39 5608//39
f 5630//39 5632//39 5608//39
f 5517//39 5519//39 5541//39
f 5511//39 5510//39 5545//39
f 5660//39 5628//39 5677//39
f 5696//39 5699//39 5717//39
f 5626//39 5617//39 5604//39
f 5524//39 5545//39 5547//39
f 5513//39 5543//39 5545//39
f 5701//39 5703//39 5741//39
f 5604//39 5603//39 5626//39
f 5521//39 5489//39 5541//39
f 5640//39 5626//39 5603//39
f 5567//39 5535//39 5584//39
f 5547//39 5533//39 5524//39
f 5742//387 5739//387 5735//387
f 5742//387 5743//387 5738//387
f 5738//387 5739//387 5742//387
f 5743//387 5736//387 5738//387
f 5743//387 5737//387 5736//387
f 5735//387 5734//387 5742//387
f 5743//39 5742//39 5744//39
f 5744//39 5745//39 5743//39
f 5745//362 5744//362 5746//362
f 5746//362 5747//362 5745//362
f 5747//31 5746//31 5748//31
f 5748//31 5749//31 5747//31
f 5749//388 5748//388 5750//388
f 5750//388 5751//388 5749//388
f 5751//29 5750//29 5752//29
f 5752//29 5753//29 5751//29
f 5754//389 5755//389 5756//389
f 5757//390 5754//390 5758//390
f 5759//388 5757//388 5760//388
f 5761//391 5759//391 5762//391
f 5752//392 5761//392 5763//392
f 5763//392 5753//392 5752//392
f 5762//391 5763//391 5761//391
f 5760//388 5762//388 5759//388
f 5758//390 5760//390 5757//390
f 5756//389 5758//389 5754//389
f 5756//31 5755//31 5764//31
f 5764//31 5765//31 5756//31
f 5766//393 5767//393 5768//393
f 5769//394 5766//394 5770//394
f 5771//395 5769//395 5772//395
f 5764//396 5771//396 5773//396
f 5773//396 5765//396 5764//396
f 5772//395 5773//395 5771//395
f 5770//397 5772//397 5769//397
f 5768//393 5770//393 5766//393
f 5768//42 5767//42 5774//42
f 5774//42 5775//42 5768//42
f 5775//31 5774//31 5776//31
f 5776//31 5777//31 5775//31
f 5777//388 5776//388 5778//388
f 5778//388 5779//388 5777//388
f 5779//29 5778//29 5780//29
f 5780//29 5781//29 5779//29
f 5781//398 5780//398 5782//398
f 5781//398 5783//398 5784//398
f 5782//398 5785//398 5781//398
f 5785//398 5783//398 5781//398
f 5784//398 5786//398 5781//398
f 5786//398 5787//398 5781//398
f 5780//398 5788//398 5782//398
f 5780//398 5789//398 5790//398
f 5790//398 5788//398 5780//398
f 5780//398 5791//398 5789//398
f 5792//399 5793//399 5741//399
f 5741//399 5740//399 5792//399
f 5794//39 5795//39 5793//39
f 5793//39 5792//39 5794//39
f 5796//361 5797//361 5795//361
f 5795//361 5794//361 5796//361
f 5798//30 5799//30 5797//30
f 5797//30 5796//30 5798//30
f 5800//398 5801//398 5799//398
f 5799//398 5798//398 5800//398
f 5802//29 5803//29 5801//29
f 5801//29 5800//29 5802//29
f 5804//400 5803//400 5802//400
f 5805//401 5804//401 5806//401
f 5807//398 5805//398 5808//398
f 5809//402 5807//402 5810//402
f 5811//403 5809//403 5812//403
f 5812//403 5813//403 5811//403
f 5810//402 5812//402 5809//402
f 5808//398 5810//398 5807//398
f 5806//401 5808//401 5805//401
f 5802//400 5806//400 5804//400
f 5814//30 5815//30 5811//30
f 5811//30 5813//30 5814//30
f 5816//404 5815//404 5814//404
f 5817//405 5816//405 5818//405
f 5819//406 5817//406 5820//406
f 5821//407 5819//407 5822//407
f 5822//407 5823//407 5821//407
f 5820//406 5822//406 5819//406
f 5818//405 5820//405 5817//405
f 5814//404 5818//404 5816//404
f 5824//408 5825//408 5821//408
f 5821//408 5823//408 5824//408
f 5826//30 5827//30 5825//30
f 5825//30 5824//30 5826//30
f 5828//398 5829//398 5827//398
f 5827//398 5826//398 5828//398
f 5755//41 5811//41 5815//41
f 5815//41 5764//41 5755//41
f 5816//41 5771//41 5764//41
f 5755//41 5809//41 5811//41
f 5830//41 5819//41 5821//41
f 5816//41 5769//41 5771//41
f 5816//41 5767//41 5766//41
f 5821//41 5831//41 5830//41
f 5791//41 5767//41 5816//41
f 5766//41 5769//41 5816//41
f 5791//41 5817//41 5819//41
f 5815//41 5816//41 5764//41
f 5716//41 5807//41 5809//41
f 5717//409 5805//409 5807//409
f 5816//410 5817//410 5791//410
f 5807//41 5716//41 5717//41
f 5717//41 5741//41 5804//41
f 5809//41 5755//41 5716//41
f 5741//409 5803//409 5804//409
f 5821//41 5829//41 5832//41
f 5821//41 5825//41 5827//41
f 5752//41 5750//41 5734//41
f 5752//41 5718//41 5716//41
f 5741//41 5793//41 5795//41
f 5767//41 5778//41 5776//41
f 5767//41 5791//41 5780//41
f 5804//411 5805//411 5717//411
f 5827//41 5829//41 5821//41
f 5716//411 5761//411 5752//411
f 5716//410 5754//410 5757//410
f 5795//41 5797//41 5741//41
f 5741//41 5799//41 5801//41
f 5780//41 5778//41 5767//41
f 5832//41 5831//41 5821//41
f 5716//411 5759//411 5761//411
f 5716//412 5755//412 5754//412
f 5734//41 5746//41 5744//41
f 5734//41 5750//41 5748//41
f 5801//41 5803//41 5741//41
f 5830//41 5791//41 5819//41
f 5757//41 5759//41 5716//41
f 5748//41 5746//41 5734//41
f 5776//41 5774//41 5767//41
f 5744//41 5742//41 5734//41
f 5734//41 5718//41 5752//41
f 5797//41 5799//41 5741//41
f 5812//40 5740//40 5733//40
f 5756//40 5765//40 5814//40
f 5733//40 5732//40 5812//40
f 5765//40 5818//40 5814//40
f 5756//40 5813//40 5812//40
f 5814//40 5813//40 5756//40
f 5765//40 5773//40 5818//40
f 5818//40 5772//40 5770//40
f 5732//40 5756//40 5812//40
f 5833//40 5834//40 5823//40
f 5740//40 5796//40 5794//40
f 5773//40 5772//40 5818//40
f 5787//40 5820//40 5818//40
f 5822//40 5787//40 5833//40
f 5740//40 5802//40 5800//40
f 5740//40 5798//40 5796//40
f 5753//413 5763//413 5732//413
f 5753//40 5731//40 5737//40
f 5823//40 5828//40 5826//40
f 5823//40 5834//40 5835//40
f 5818//40 5768//40 5787//40
f 5823//40 5822//40 5833//40
f 5794//40 5792//40 5740//40
f 5732//40 5762//40 5760//40
f 5737//40 5751//40 5753//40
f 5835//40 5828//40 5823//40
f 5822//40 5820//40 5787//40
f 5768//40 5779//40 5781//40
f 5768//40 5775//40 5777//40
f 5740//40 5806//40 5802//40
f 5737//40 5747//40 5749//40
f 5737//40 5743//40 5745//40
f 5760//40 5758//40 5732//40
f 5732//40 5731//40 5753//40
f 5770//40 5768//40 5818//40
f 5777//40 5779//40 5768//40
f 5740//40 5808//40 5806//40
f 5740//414 5812//414 5810//414
f 5745//40 5747//40 5737//40
f 5763//414 5762//414 5732//414
f 5781//40 5787//40 5768//40
f 5810//413 5808//413 5740//413
f 5758//40 5756//40 5732//40
f 5800//40 5798//40 5740//40
f 5826//40 5824//40 5823//40
f 5749//40 5751//40 5737//40
f 5835//29 5832//29 5829//29
f 5829//29 5828//29 5835//29
f 5832//388 5835//388 5836//388
f 5836//388 5837//388 5832//388
f 5837//415 5838//415 5832//415
f 5832//388 5838//388 5839//388
f 5835//388 5840//388 5836//388
f 5839//388 5831//388 5832//388
f 5835//388 5841//388 5842//388
f 5842//388 5840//388 5835//388
f 5835//388 5843//388 5841//388
f 5835//388 5834//388 5843//388
f 5401//39 5399//39 5844//39
f 5399//39 5397//39 5845//39
f 5845//39 5844//39 5399//39
f 5430//39 5846//39 5845//39
f 5425//39 5847//39 5848//39
f 5425//39 5423//39 5849//39
f 5413//39 5409//39 5850//39
f 5409//39 5407//39 5851//39
f 5405//39 5852//39 5851//39
f 5403//39 5853//39 5852//39
f 5845//39 5397//39 5430//39
f 5429//39 5854//39 5846//39
f 5427//39 5848//39 5854//39
f 5849//39 5847//39 5425//39
f 5412//39 5855//39 5856//39
f 5414//39 5857//39 5855//39
f 5413//39 5858//39 5857//39
f 5851//39 5850//39 5409//39
f 5852//39 5405//39 5403//39
f 5403//39 5401//39 5859//39
f 5846//39 5430//39 5429//39
f 5848//39 5427//39 5425//39
f 5421//39 5860//39 5849//39
f 5419//39 5861//39 5860//39
f 5855//39 5412//39 5414//39
f 5850//39 5858//39 5413//39
f 5859//39 5853//39 5403//39
f 5854//39 5429//39 5427//39
f 5860//39 5421//39 5419//39
f 5419//39 5433//39 5862//39
f 5433//39 5434//39 5863//39
f 5434//39 5415//39 5856//39
f 5857//39 5414//39 5413//39
f 5844//39 5859//39 5401//39
f 5862//39 5861//39 5419//39
f 5856//39 5863//39 5434//39
f 5851//39 5407//39 5405//39
f 5863//39 5862//39 5433//39
f 5849//39 5423//39 5421//39
f 5856//39 5415//39 5412//39
f 5863//16 5856//16 5864//16
f 5862//17 5863//17 5865//17
f 5861//38 5862//38 5866//38
f 5860//19 5861//19 5867//19
f 5849//20 5860//20 5868//20
f 5847//1 5849//1 5869//1
f 5848//2 5847//2 5870//2
f 5854//36 5848//36 5871//36
f 5846//27 5854//27 5872//27
f 5845//5 5846//5 5873//5
f 5873//5 5874//5 5845//5
f 5872//27 5873//27 5846//27
f 5871//36 5872//36 5854//36
f 5870//2 5871//2 5848//2
f 5869//1 5870//1 5847//1
f 5868//20 5869//20 5849//20
f 5867//19 5868//19 5860//19
f 5866//38 5867//38 5861//38
f 5865//17 5866//17 5862//17
f 5864//16 5865//16 5863//16
f 5844//6 5845//6 5874//6
f 5859//7 5844//7 5875//7
f 5853//26 5859//26 5876//26
f 5852//9 5853//9 5877//9
f 5851//25 5852//25 5878//25
f 5850//11 5851//11 5879//11
f 5858//12 5850//12 5880//12
f 5857//13 5858//13 5881//13
f 5855//14 5857//14 5882//14
f 5856//15 5855//15 5883//15
f 5883//15 5864//15 5856//15
f 5882//14 5883//14 5855//14
f 5881//13 5882//13 5857//13
f 5880//12 5881//12 5858//12
f 5879//11 5880//11 5850//11
f 5878//25 5879//25 5851//25
f 5877//9 5878//9 5852//9
f 5876//26 5877//26 5853//26
f 5875//7 5876//7 5859//7
f 5874//6 5875//6 5844//6
f 5460//39 5884//39 5885//39
f 5459//39 5886//39 5884//39
f 5455//39 5887//39 5886//39
f 5455//39 5453//39 5888//39
f 5451//39 5889//39 5888//39
f 5451//39 5449//39 5890//39
f 5449//39 5447//39 5891//39
f 5447//39 5445//39 5892//39
f 5443//39 5893//39 5892//39
f 5476//39 5894//39 5893//39
f 5458//39 5885//39 5895//39
f 5884//39 5460//39 5459//39
f 5888//39 5887//39 5455//39
f 5890//39 5889//39 5451//39
f 5892//39 5891//39 5447//39
f 5893//39 5443//39 5476//39
f 5475//39 5896//39 5894//39
f 5475//39 5473//39 5897//39
f 5471//39 5898//39 5897//39
f 5471//39 5469//39 5899//39
f 5467//39 5900//39 5899//39
f 5467//39 5465//39 5901//39
f 5479//39 5902//39 5901//39
f 5480//39 5903//39 5902//39
f 5885//39 5458//39 5460//39
f 5888//39 5453//39 5451//39
f 5892//39 5445//39 5443//39
f 5897//39 5896//39 5475//39
f 5899//39 5898//39 5471//39
f 5901//39 5900//39 5467//39
f 5902//39 5479//39 5480//39
f 5461//39 5895//39 5903//39
f 5886//39 5459//39 5455//39
f 5894//39 5476//39 5475//39
f 5899//39 5469//39 5467//39
f 5903//39 5480//39 5461//39
f 5891//39 5890//39 5449//39
f 5901//39 5465//39 5479//39
f 5897//39 5473//39 5471//39
f 5895//39 5461//39 5458//39
f 5903//16 5895//16 5904//16
f 5902//17 5903//17 5905//17
f 5901//38 5902//38 5906//38
f 5900//19 5901//19 5907//19
f 5899//21 5900//21 5908//21
f 5898//1 5899//1 5909//1
f 5897//349 5898//349 5910//349
f 5896//36 5897//36 5911//36
f 5894//27 5896//27 5912//27
f 5893//5 5894//5 5913//5
f 5913//5 5914//5 5893//5
f 5912//27 5913//27 5894//27
f 5911//36 5912//36 5896//36
f 5910//349 5911//349 5897//349
f 5909//1 5910//1 5898//1
f 5908//20 5909//20 5899//20
f 5907//19 5908//19 5900//19
f 5906//38 5907//38 5901//38
f 5905//17 5906//17 5902//17
f 5904//16 5905//16 5903//16
f 5892//6 5893//6 5914//6
f 5891//7 5892//7 5915//7
f 5890//26 5891//26 5916//26
f 5889//9 5890//9 5917//9
f 5888//10 5889//10 5918//10
f 5887//11 5888//11 5919//11
f 5886//12 5887//12 5920//12
f 5884//13 5886//13 5921//13
f 5885//14 5884//14 5922//14
f 5895//15 5885//15 5923//15
f 5923//15 5904//15 5895//15
f 5922//14 5923//14 5885//14
f 5921//13 5922//13 5884//13
f 5920//12 5921//12 5886//12
f 5919//24 5920//24 5887//24
f 5918//10 5919//10 5888//10
f 5917//9 5918//9 5889//9
f 5916//26 5917//26 5890//26
f 5915//7 5916//7 5891//7
f 5914//6 5915//6 5892//6
f 5505//39 5507//39 5924//39
f 5507//39 5506//39 5925//39
f 5502//39 5926//39 5925//39
f 5500//39 5927//39 5926//39
f 5498//39 5928//39 5927//39
f 5498//39 5496//39 5929//39
f 5494//39 5930//39 5929//39
f 5494//39 5492//39 5931//39
f 5492//39 5490//39 5932//39
f 5523//39 5933//39 5932//39
f 5520//39 5934//39 5935//39
f 5520//39 5518//39 5936//39
f 5505//39 5937//39 5938//39
f 5925//39 5924//39 5507//39
f 5926//39 5502//39 5500//39
f 5929//39 5928//39 5498//39
f 5931//39 5930//39 5494//39
f 5932//39 5490//39 5523//39
f 5522//39 5935//39 5933//39
f 5936//39 5934//39 5520//39
f 5924//39 5937//39 5505//39
f 5927//39 5500//39 5498//39
f 5932//39 5931//39 5492//39
f 5935//39 5522//39 5520//39
f 5512//39 5939//39 5940//39
f 5512//39 5526//39 5941//39
f 5925//39 5506//39 5502//39
f 5933//39 5523//39 5522//39
f 5516//39 5942//39 5936//39
f 5516//39 5514//39 5940//39
f 5941//39 5939//39 5512//39
f 5526//39 5527//39 5943//39
f 5929//39 5496//39 5494//39
f 5940//39 5942//39 5516//39
f 5943//39 5941//39 5526//39
f 5527//39 5508//39 5938//39
f 5936//39 5518//39 5516//39
f 5938//39 5943//39 5527//39
f 5940//39 5514//39 5512//39
f 5938//39 5508//39 5505//39
f 5943//16 5938//16 5944//16
f 5941//17 5943//17 5945//17
f 5939//38 5941//38 5946//38
f 5940//19 5939//19 5947//19
f 5942//20 5940//20 5948//20
f 5936//28 5942//28 5949//28
f 5934//2 5936//2 5950//2
f 5935//36 5934//36 5951//36
f 5933//27 5935//27 5952//27
f 5932//5 5933//5 5953//5
f 5953//5 5954//5 5932//5
f 5952//27 5953//27 5933//27
f 5951//36 5952//36 5935//36
f 5950//2 5951//2 5934//2
f 5949//28 5950//28 5936//28
f 5948//20 5949//20 5942//20
f 5947//19 5948//19 5940//19
f 5946//38 5947//38 5939//38
f 5945//17 5946//17 5941//17
f 5944//16 5945//16 5943//16
f 5931//6 5932//6 5954//6
f 5930//7 5931//7 5955//7
f 5929//26 5930//26 5956//26
f 5928//9 5929//9 5957//9
f 5927//10 5928//10 5958//10
f 5926//11 5927//11 5959//11
f 5925//12 5926//12 5960//12
f 5924//13 5925//13 5961//13
f 5937//14 5924//14 5962//14
f 5938//15 5937//15 5963//15
f 5963//15 5944//15 5938//15
f 5962//14 5963//14 5937//14
f 5961//13 5962//13 5924//13
f 5960//12 5961//12 5925//12
f 5959//11 5960//11 5926//11
f 5958//10 5959//10 5927//10
f 5957//9 5958//9 5928//9
f 5956//26 5957//26 5929//26
f 5955//7 5956//7 5930//7
f 5954//6 5955//6 5931//6
f 5538//39 5536//39 5964//39
f 5569//39 5965//39 5964//39
f 5548//39 5546//39 5966//39
f 5546//39 5544//39 5967//39
f 5542//39 5968//39 5967//39
f 5542//39 5540//39 5969//39
f 5540//39 5538//39 5970//39
f 5964//39 5536//39 5569//39
f 5564//39 5971//39 5972//39
f 5564//39 5562//39 5973//39
f 5560//39 5974//39 5973//39
f 5560//39 5558//39 5975//39
f 5572//39 5976//39 5975//39
f 5573//39 5977//39 5976//39
f 5548//39 5978//39 5979//39
f 5967//39 5966//39 5546//39
f 5969//39 5968//39 5542//39
f 5964//39 5970//39 5538//39
f 5568//39 5980//39 5965//39
f 5568//39 5566//39 5972//39
f 5973//39 5971//39 5564//39
f 5975//39 5974//39 5560//39
f 5976//39 5572//39 5573//39
f 5573//39 5554//39 5981//39
f 5551//39 5982//39 5981//39
f 5553//39 5983//39 5982//39
f 5552//39 5979//39 5983//39
f 5966//39 5978//39 5548//39
f 5970//39 5969//39 5540//39
f 5972//39 5980//39 5568//39
f 5973//39 5562//39 5560//39
f 5981//39 5977//39 5573//39
f 5982//39 5551//39 5553//39
f 5979//39 5552//39 5548//39
f 5965//39 5569//39 5568//39
f 5975//39 5558//39 5572//39
f 5983//39 5553//39 5552//39
f 5972//39 5566//39 5564//39
f 5967//39 5544//39 5542//39
f 5981//39 5554//39 5551//39
f 5977//16 5981//16 5984//16
f 5976//17 5977//17 5985//17
f 5975//38 5976//38 5986//38
f 5974//19 5975//19 5987//19
f 5973//20 5974//20 5988//20
f 5971//28 5973//28 5989//28
f 5972//2 5971//2 5990//2
f 5980//36 5972//36 5991//36
f 5965//27 5980//27 5992//27
f 5964//5 5965//5 5993//5
f 5993//5 5994//5 5964//5
f 5992//27 5993//27 5965//27
f 5991//36 5992//36 5980//36
f 5990//2 5991//2 5972//2
f 5989//1 5990//1 5971//1
f 5988//20 5989//20 5973//20
f 5987//19 5988//19 5974//19
f 5986//38 5987//38 5975//38
f 5985//17 5986//17 5976//17
f 5984//16 5985//16 5977//16
f 5970//6 5964//6 5994//6
f 5969//7 5970//7 5995//7
f 5968//26 5969//26 5996//26
f 5967//9 5968//9 5997//9
f 5966//25 5967//25 5998//25
f 5978//11 5966//11 5999//11
f 5979//12 5978//12 6000//12
f 5983//13 5979//13 6001//13
f 5982//14 5983//14 6002//14
f 5981//15 5982//15 6003//15
f 6003//15 5984//15 5981//15
f 6002//14 6003//14 5982//14
f 6001//13 6002//13 5983//13
f 6000//12 6001//12 5979//12
f 5999//11 6000//11 5978//11
f 5998//10 5999//10 5966//10
f 5997//9 5998//9 5967//9
f 5996//26 5997//26 5968//26
f 5995//7 5996//7 5969//7
f 5994//6 5995//6 5970//6
f 5600//39 6004//39 6005//39
f 5599//39 6006//39 6004//39
f 5595//39 6007//39 6006//39
f 5595//39 5593//39 6008//39
f 5591//39 6009//39 6008//39
f 5591//39 5589//39 6010//39
f 5589//39 5587//39 6011//39
f 5587//39 5585//39 6012//39
f 5583//39 6013//39 6012//39
f 5616//39 6014//39 6013//39
f 5598//39 6005//39 6015//39
f 6004//39 5600//39 5599//39
f 6008//39 6007//39 5595//39
f 6010//39 6009//39 5591//39
f 6012//39 6011//39 5587//39
f 6013//39 5583//39 5616//39
f 5615//39 6016//39 6014//39
f 5615//39 5613//39 6017//39
f 5611//39 6018//39 6017//39
f 5611//39 5609//39 6019//39
f 5607//39 6020//39 6019//39
f 5607//39 5605//39 6021//39
f 5619//39 6022//39 6021//39
f 5620//39 6023//39 6022//39
f 6005//39 5598//39 5600//39
f 6008//39 5593//39 5591//39
f 6012//39 5585//39 5583//39
f 6017//39 6016//39 5615//39
f 6019//39 6018//39 5611//39
f 6021//39 6020//39 5607//39
f 6022//39 5619//39 5620//39
f 5601//39 6015//39 6023//39
f 6006//39 5599//39 5595//39
f 6014//39 5616//39 5615//39
f 6019//39 5609//39 5607//39
f 6023//39 5620//39 5601//39
f 6011//39 6010//39 5589//39
f 6021//39 5605//39 5619//39
f 6017//39 5613//39 5611//39
f 6015//39 5601//39 5598//39
f 6023//16 6015//16 6024//16
f 6022//17 6023//17 6025//17
f 6021//38 6022//38 6026//38
f 6020//19 6021//19 6027//19
f 6019//20 6020//20 6028//20
f 6018//1 6019//1 6029//1
f 6017//2 6018//2 6030//2
f 6016//36 6017//36 6031//36
f 6014//416 6016//416 6032//416
f 6013//5 6014//5 6033//5
f 6033//5 6034//5 6013//5
f 6032//416 6033//416 6014//416
f 6031//36 6032//36 6016//36
f 6030//2 6031//2 6017//2
f 6029//1 6030//1 6018//1
f 6028//20 6029//20 6019//20
f 6027//19 6028//19 6020//19
f 6026//38 6027//38 6021//38
f 6025//17 6026//17 6022//17
f 6024//16 6025//16 6023//16
f 6012//6 6013//6 6034//6
f 6011//7 6012//7 6035//7
f 6010//26 6011//26 6036//26
f 6009//9 6010//9 6037//9
f 6008//10 6009//10 6038//10
f 6007//11 6008//11 6039//11
f 6006//12 6007//12 6040//12
f 6004//13 6006//13 6041//13
f 6005//14 6004//14 6042//14
f 6015//15 6005//15 6043//15
f 6043//15 6024//15 6015//15
f 6042//14 6043//14 6005//14
f 6041//13 6042//13 6004//13
f 6040//12 6041//12 6006//12
f 6039//11 6040//11 6007//11
f 6038//25 6039//25 6008//25
f 6037//9 6038//9 6009//9
f 6036//26 6037//26 6010//26
f 6035//7 6036//7 6011//7
f 6034//6 6035//6 6012//6
f 5633//39 5631//39 6044//39
f 5631//39 5629//39 6045//39
f 6045//39 6044//39 5631//39
f 5662//39 6046//39 6045//39
f 5657//39 6047//39 6048//39
f 5657//39 5655//39 6049//39
f 5645//39 5641//39 6050//39
f 5641//39 5639//39 6051//39
f 5637//39 6052//39 6051//39
f 5635//39 6053//39 6052//39
f 6045//39 5629//39 5662//39
f 5661//39 6054//39 6046//39
f 5659//39 6048//39 6054//39
f 6049//39 6047//39 5657//39
f 5644//39 6055//39 6056//39
f 5646//39 6057//39 6055//39
f 5645//39 6058//39 6057//39
f 6051//39 6050//39 5641//39
f 6052//39 5637//39 5635//39
f 5635//39 5633//39 6059//39
f 6046//39 5662//39 5661//39
f 6048//39 5659//39 5657//39
f 5653//39 6060//39 6049//39
f 5651//39 6061//39 6060//39
f 6055//39 5644//39 5646//39
f 6050//39 6058//39 5645//39
f 6059//39 6053//39 5635//39
f 6054//39 5661//39 5659//39
f 6060//39 5653//39 5651//39
f 5651//39 5665//39 6062//39
f 5665//39 5666//39 6063//39
f 5666//39 5647//39 6056//39
f 6057//39 5646//39 5645//39
f 6044//39 6059//39 5633//39
f 6062//39 6061//39 5651//39
f 6056//39 6063//39 5666//39
f 6051//39 5639//39 5637//39
f 6063//39 6062//39 5665//39
f 6049//39 5655//39 5653//39
f 6056//39 5647//39 5644//39
f 6063//16 6056//16 6064//16
f 6062//17 6063//17 6065//17
f 6061//38 6062//38 6066//38
f 6060//19 6061//19 6067//19
f 6049//21 6060//21 6068//21
f 6047//28 6049//28 6069//28
f 6048//2 6047//2 6070//2
f 6054//36 6048//36 6071//36
f 6046//27 6054//27 6072//27
f 6045//5 6046//5 6073//5
f 6073//5 6074//5 6045//5
f 6072//27 6073//27 6046//27
f 6071//36 6072//36 6054//36
f 6070//2 6071//2 6048//2
f 6069//1 6070//1 6047//1
f 6068//20 6069//20 6049//20
f 6067//19 6068//19 6060//19
f 6066//38 6067//38 6061//38
f 6065//17 6066//17 6062//17
f 6064//16 6065//16 6063//16
f 6044//6 6045//6 6074//6
f 6059//7 6044//7 6075//7
f 6053//26 6059//26 6076//26
f 6052//9 6053//9 6077//9
f 6051//25 6052//25 6078//25
f 6050//24 6051//24 6079//24
f 6058//12 6050//12 6080//12
f 6057//13 6058//13 6081//13
f 6055//14 6057//14 6082//14
f 6056//15 6055//15 6083//15
f 6083//15 6064//15 6056//15
f 6082//14 6083//14 6055//14
f 6081//13 6082//13 6057//13
f 6080//12 6081//12 6058//12
f 6079//11 6080//11 6050//11
f 6078//10 6079//10 6051//10
f 6077//9 6078//9 6052//9
f 6076//26 6077//26 6053//26
f 6075//7 6076//7 6059//7
f 6074//6 6075//6 6044//6
f 5843//29 5834//29 5833//29
f 6104//29 5833//29 5787//29
f 5841//29 5843//29 6104//29
f 5786//29 5350//29 5348//29
f 5784//29 5320//29 5318//29
f 5786//29 5352//29 5350//29
f 5786//29 5318//29 5355//29
f 5784//29 5322//29 5320//29
f 5784//29 6105//29 5328//29
f 6104//29 5348//29 5346//29
f 5786//29 5354//29 5352//29
f 5318//29 5786//29 5784//29
f 5328//29 5326//29 5784//29
f 6104//29 5342//29 5340//29
f 5346//29 5344//29 6104//29
f 5355//29 5354//29 5786//29
f 5326//29 5324//29 5784//29
f 6105//29 5332//29 5330//29
f 6105//29 6104//29 5337//29
f 5344//29 5342//29 6104//29
f 5324//29 5322//29 5784//29
f 6105//29 5334//29 5332//29
f 5337//29 5336//29 6105//29
f 5348//29 6104//29 5786//29
f 5336//29 5334//29 6105//29
f 5330//29 5328//29 6105//29
f 5842//29 5841//29 6105//29
f 5784//29 5880//29 5879//29
f 5784//29 5783//29 5864//29
f 5784//29 5881//29 5880//29
f 5864//29 5883//29 5784//29
f 5783//29 5866//29 5865//29
f 5783//29 6106//29 5869//29
f 6105//29 5879//29 5878//29
f 5784//29 5882//29 5881//29
f 5865//29 5864//29 5783//29
f 5869//29 5868//29 5783//29
f 6105//29 5876//29 5875//29
f 5878//29 5877//29 6105//29
f 5883//29 5882//29 5784//29
f 5868//29 5867//29 5783//29
f 6106//29 5871//29 5870//29
f 6106//29 6105//29 5874//29
f 5877//29 5876//29 6105//29
f 5867//29 5866//29 5783//29
f 6106//29 5872//29 5871//29
f 5874//29 5873//29 6106//29
f 5879//29 6105//29 5784//29
f 5873//29 5872//29 6106//29
f 5870//29 5869//29 6106//29
f 5840//29 5842//29 6106//29
f 5783//29 5785//29 5904//29
f 5904//29 5923//29 5783//29
f 5785//29 5906//29 5905//29
f 6106//29 5916//29 5915//29
f 6106//29 5918//29 5917//29
f 5783//29 5920//29 5919//29
f 5783//29 5922//29 5921//29
f 5905//29 5904//29 5785//29
f 6107//29 6106//29 5914//29
f 5917//29 5916//29 6106//29
f 5919//29 6106//29 5783//29
f 5923//29 5922//29 5783//29
f 5785//29 5908//29 5907//29
f 5785//29 6107//29 5909//29
f 6107//29 5912//29 5911//29
f 5914//29 5913//29 6107//29
f 5919//29 5918//29 6106//29
f 5907//29 5906//29 5785//29
f 6107//29 5910//29 5909//29
f 5913//29 5912//29 6107//29
f 5921//29 5920//29 5783//29
f 5911//29 5910//29 6107//29
f 5909//29 5908//29 5785//29
f 5836//29 5840//29 6107//29
f 5785//29 5782//29 5944//29
f 5944//29 5963//29 5785//29
f 5782//29 5946//29 5945//29
f 5945//29 5944//29 5782//29
f 5782//29 5948//29 5947//29
f 5785//29 5962//29 5961//29
f 5947//29 5946//29 5782//29
f 5782//29 6108//29 5949//29
f 6108//29 6107//29 5954//29
f 6107//29 5956//29 5955//29
f 6107//29 5958//29 5957//29
f 5785//29 5960//29 5959//29
f 5963//29 5962//29 5785//29
f 6108//29 5950//29 5949//29
f 6108//29 5952//29 5951//29
f 5954//29 5953//29 6108//29
f 5957//29 5956//29 6107//29
f 5959//29 6107//29 5785//29
f 5949//29 5948//29 5782//29
f 5953//29 5952//29 6108//29
f 5959//29 5958//29 6107//29
f 5951//29 5950//29 6108//29
f 5961//29 5960//29 5785//29
f 5837//29 5836//29 6108//29
f 5782//29 5788//29 5984//29
f 5984//29 6003//29 5782//29
f 5788//29 5986//29 5985//29
f 6108//29 5996//29 5995//29
f 6108//29 5998//29 5997//29
f 5782//29 6000//29 5999//29
f 5782//29 6002//29 6001//29
f 5985//29 5984//29 5788//29
f 6109//29 6108//29 5994//29
f 5997//29 5996//29 6108//29
f 5999//29 6108//29 5782//29
f 6003//29 6002//29 5782//29
f 5788//29 5988//29 5987//29
f 5788//29 6109//29 5989//29
f 6109//29 5992//29 5991//29
f 5994//29 5993//29 6109//29
f 5999//29 5998//29 6108//29
f 5987//29 5986//29 5788//29
f 6109//29 5990//29 5989//29
f 5993//29 5992//29 6109//29
f 6001//29 6000//29 5782//29
f 5991//29 5990//29 6109//29
f 5989//29 5988//29 5788//29
f 5838//29 5837//29 6109//29
f 5788//29 5790//29 6024//29
f 6024//29 6043//29 5788//29
f 5790//29 6026//29 6025//29
f 6109//29 6036//29 6035//29
f 6109//29 6038//29 6037//29
f 5788//29 6040//29 6039//29
f 5788//29 6042//29 6041//29
f 6025//29 6024//29 5790//29
f 6110//29 6109//29 6034//29
f 6037//29 6036//29 6109//29
f 6039//29 6109//29 5788//29
f 6043//29 6042//29 5788//29
f 5790//29 6028//29 6027//29
f 5790//29 6110//29 6029//29
f 6110//29 6032//29 6031//29
f 6034//29 6033//29 6110//29
f 6039//29 6038//29 6109//29
f 6027//29 6026//29 5790//29
f 6110//29 6030//29 6029//29
f 6033//29 6032//29 6110//29
f 6041//29 6040//29 5788//29
f 6031//29 6030//29 6110//29
f 6029//29 6028//29 5790//29
f 5839//29 5838//29 6110//29
f 5790//29 5789//29 6064//29
f 6064//29 6083//29 5790//29
f 5789//29 6066//29 6065//29
f 6065//29 6064//29 5789//29
f 6111//29 6110//29 6074//29
f 5790//29 6080//29 6079//29
f 6083//29 6082//29 5790//29
f 5789//29 6068//29 6067//29
f 5789//29 6111//29 6069//29
f 6111//29 6072//29 6071//29
f 6074//29 6073//29 6111//29
f 6110//29 6076//29 6075//29
f 5790//29 6081//29 6080//29
f 6067//29 6066//29 5789//29
f 6111//29 6070//29 6069//29
f 6073//29 6072//29 6111//29
f 6110//29 6077//29 6076//29
f 6110//29 6079//29 6078//29
f 6082//29 6081//29 5790//29
f 6071//29 6070//29 6111//29
f 6078//29 6077//29 6110//29
f 6069//29 6068//29 5789//29
f 6079//29 6110//29 5790//29
f 5831//29 5839//29 6111//29
f 5791//29 6084//29 6085//29
f 5789//29 6085//29 6086//29
f 5791//29 6087//29 6084//29
f 5789//29 6088//29 6089//29
f 6085//29 5789//29 5791//29
f 6111//29 6090//29 6091//29
f 6111//29 6092//29 6093//29
f 5789//29 6094//29 6095//29
f 6086//29 6088//29 5789//29
f 5791//29 5830//29 6096//29
f 5830//29 6111//29 6097//29
f 6093//29 6090//29 6111//29
f 6095//29 6111//29 5789//29
f 5791//29 6098//29 6087//29
f 6096//29 6099//29 5791//29
f 6097//29 6100//29 5830//29
f 6095//29 6092//29 6111//29
f 6099//29 6098//29 5791//29
f 5830//29 6101//29 6102//29
f 6100//29 6103//29 5830//29
f 6089//29 6094//29 5789//29
f 6103//29 6101//29 5830//29
f 6102//29 6096//29 5830//29
f 6091//29 6097//29 6111//29
f 6111//29 5830//29 5831//29
f 6075//29 6074//29 6110//29
f 6110//29 6111//29 5839//29
f 6035//29 6034//29 6109//29
f 6109//29 6110//29 5838//29
f 5995//29 5994//29 6108//29
f 6108//29 6109//29 5837//29
f 5955//29 5954//29 6107//29
f 6107//29 6108//29 5836//29
f 5915//29 5914//29 6106//29
f 6106//29 6107//29 5840//29
f 5875//29 5874//29 6105//29
f 6105//29 6106//29 5842//29
f 5340//29 5337//29 6104//29
f 6104//29 6105//29 5841//29
f 5787//29 5786//29 6104//29
f 5833//29 6104//29 5843//29
f 5680//39 5678//39 6112//39
f 5678//39 5676//39 6113//39
f 6113//39 6112//39 5678//39
f 5709//39 6114//39 6113//39
f 5704//39 6115//39 6116//39
f 5704//39 5702//39 6117//39
f 5692//39 5688//39 6118//39
f 5688//39 5686//39 6119//39
f 5684//39 6120//39 6119//39
f 5682//39 6121//39 6120//39
f 6113//39 5676//39 5709//39
f 5708//39 6122//39 6114//39
f 5706//39 6116//39 6122//39
f 6117//39 6115//39 5704//39
f 5691//39 6123//39 6124//39
f 5693//39 6125//39 6123//39
f 5692//39 6126//39 6125//39
f 6119//39 6118//39 5688//39
f 6120//39 5684//39 5682//39
f 5682//39 5680//39 6127//39
f 6114//39 5709//39 5708//39
f 6116//39 5706//39 5704//39
f 5700//39 6128//39 6117//39
f 5698//39 6129//39 6128//39
f 6123//39 5691//39 5693//39
f 6118//39 6126//39 5692//39
f 6127//39 6121//39 5682//39
f 6122//39 5708//39 5706//39
f 6128//39 5700//39 5698//39
f 5698//39 5712//39 6130//39
f 5712//39 5713//39 6131//39
f 5713//39 5694//39 6124//39
f 6125//39 5693//39 5692//39
f 6112//39 6127//39 5680//39
f 6130//39 6129//39 5698//39
f 6124//39 6131//39 5713//39
f 6119//39 5686//39 5684//39
f 6131//39 6130//39 5712//39
f 6117//39 5702//39 5700//39
f 6124//39 5694//39 5691//39
f 6131//370 6124//370 6085//370
f 6130//17 6131//17 6084//17
f 6129//38 6130//38 6087//38
f 6128//19 6129//19 6098//19
f 6117//20 6128//20 6099//20
f 6115//49 6117//49 6096//49
f 6116//349 6115//349 6102//349
f 6122//36 6116//36 6101//36
f 6114//416 6122//416 6103//416
f 6113//5 6114//5 6100//5
f 6100//5 6097//5 6113//5
f 6103//416 6100//416 6114//416
f 6101//36 6103//36 6122//36
f 6102//2 6101//2 6116//2
f 6096//28 6102//28 6115//28
f 6099//46 6096//46 6117//46
f 6098//37 6099//37 6128//37
f 6087//38 6098//38 6129//38
f 6084//17 6087//17 6130//17
f 6085//370 6084//370 6131//370
f 6112//6 6113//6 6097//6
f 6127//129 6112//129 6091//129
f 6121//26 6127//26 6090//26
f 6120//9 6121//9 6093//9
f 6119//33 6120//33 6092//33
f 6118//11 6119//11 6095//11
f 6126//12 6118//12 6094//12
f 6125//13 6126//13 6089//13
f 6123//14 6125//14 6088//14
f 6124//15 6123//15 6086//15
f 6086//15 6085//15 6124//15
f 6088//14 6086//14 6123//14
f 6089//13 6088//13 6125//13
f 6094//12 6089//12 6126//12
f 6095//35 6094//35 6118//35
f 6092//25 6095//25 6119//25
f 6093//9 6092//9 6120//9
f 6090//26 6093//26 6121//26
f 6091//7 6090//7 6127//7
f 6097//6 6091//6 6112//6
f 6132//16 6133//16 6134//16
f 6135//17 6132//17 6136//17
f 6137//38 6135//38 6138//38
f 6139//19 6137//19 6140//19
f 6141//20 6139//20 6142//20
f 6143//28 6141//28 6144//28
f 6145//2 6143//2 6146//2
f 6147//36 6145//36 6148//36
f 6149//27 6147//27 6150//27
f 6151//5 6149//5 6152//5
f 6152//5 6153//5 6151//5
f 6150//27 6152//27 6149//27
f 6148//36 6150//36 6147//36
f 6146//2 6148//2 6145//2
f 6144//28 6146//28 6143//28
f 6142//20 6144//20 6141//20
f 6140//19 6142//19 6139//19
f 6138//38 6140//38 6137//38
f 6136//17 6138//17 6135//17
f 6134//16 6136//16 6132//16
f 6154//6 6151//6 6153//6
f 6155//7 6154//7 6156//7
f 6157//26 6155//26 6158//26
f 6159//9 6157//9 6160//9
f 6161//25 6159//25 6162//25
f 6163//11 6161//11 6164//11
f 6165//12 6163//12 6166//12
f 6167//13 6165//13 6168//13
f 6169//14 6167//14 6170//14
f 6133//15 6169//15 6171//15
f 6171//15 6134//15 6133//15
f 6170//14 6171//14 6169//14
f 6168//13 6170//13 6167//13
f 6166//12 6168//12 6165//12
f 6164//11 6166//11 6163//11
f 6162//25 6164//25 6161//25
f 6160//9 6162//9 6159//9
f 6158//26 6160//26 6157//26
f 6156//7 6158//7 6155//7
f 6153//6 6156//6 6154//6
f 6172//39 6173//39 6154//39
f 6173//39 6174//39 6151//39
f 6151//39 6154//39 6173//39
f 6175//39 6149//39 6151//39
f 6176//39 6143//39 6145//39
f 6176//39 6177//39 6141//39
f 6178//39 6179//39 6163//39
f 6179//39 6180//39 6161//39
f 6181//39 6159//39 6161//39
f 6182//39 6157//39 6159//39
f 6151//39 6174//39 6175//39
f 6183//39 6147//39 6149//39
f 6184//39 6145//39 6147//39
f 6141//39 6143//39 6176//39
f 6185//39 6169//39 6133//39
f 6186//39 6167//39 6169//39
f 6178//39 6165//39 6167//39
f 6161//39 6163//39 6179//39
f 6159//39 6181//39 6182//39
f 6182//39 6172//39 6155//39
f 6149//39 6175//39 6183//39
f 6145//39 6184//39 6176//39
f 6187//39 6139//39 6141//39
f 6188//39 6137//39 6139//39
f 6169//39 6185//39 6186//39
f 6163//39 6165//39 6178//39
f 6155//39 6157//39 6182//39
f 6147//39 6183//39 6184//39
f 6139//39 6187//39 6188//39
f 6188//39 6189//39 6135//39
f 6189//39 6190//39 6132//39
f 6190//39 6191//39 6133//39
f 6167//39 6186//39 6178//39
f 6154//39 6155//39 6172//39
f 6135//39 6137//39 6188//39
f 6133//39 6132//39 6190//39
f 6161//39 6180//39 6181//39
f 6132//39 6135//39 6189//39
f 6141//39 6177//39 6187//39
f 6133//39 6191//39 6185//39
f 6192//16 6193//16 6191//16
f 6194//19 6195//19 6188//19
f 6196//20 6194//20 6187//20
f 6197//28 6196//28 6177//28
f 6198//2 6197//2 6176//2
f 6199//36 6198//36 6184//36
f 6200//27 6199//27 6183//27
f 6201//5 6200//5 6175//5
f 6188//354 6202//354 6203//354
f 6188//417 6195//417 6202//417
f 6203//356 6189//356 6188//356
f 6190//357 6189//357 6204//357
f 6204//358 6205//358 6190//358
f 6205//359 6192//359 6190//359
f 6203//382 6204//382 6189//382
f 6175//5 6174//5 6201//5
f 6183//27 6175//27 6200//27
f 6184//36 6183//36 6199//36
f 6176//2 6184//2 6198//2
f 6177//28 6176//28 6197//28
f 6187//20 6177//20 6196//20
f 6188//19 6187//19 6194//19
f 6191//16 6190//16 6192//16
f 6204//361 6203//361 6206//361
f 6206//361 6207//361 6204//361
f 6207//361 6208//361 6204//361
f 6208//361 6205//361 6204//361
f 6207//361 6209//361 6208//361
f 6206//362 6203//362 6202//362
f 6202//362 6210//362 6206//362
f 6211//6 6212//6 6213//6
f 6214//7 6211//7 6215//7
f 6216//26 6214//26 6217//26
f 6218//9 6216//9 6219//9
f 6220//25 6218//25 6221//25
f 6222//11 6220//11 6223//11
f 6224//12 6222//12 6225//12
f 6226//15 6227//15 6228//15
f 6228//363 6209//363 6207//363
f 6228//364 6227//364 6209//364
f 6229//418 6230//418 6206//418
f 6206//376 6210//376 6229//376
f 6230//367 6207//367 6206//367
f 6210//419 6224//419 6229//419
f 6207//369 6230//369 6228//369
f 6228//15 6231//15 6226//15
f 6225//12 6229//12 6224//12
f 6223//11 6225//11 6222//11
f 6221//25 6223//25 6220//25
f 6219//9 6221//9 6218//9
f 6217//26 6219//26 6216//26
f 6215//7 6217//7 6214//7
f 6213//6 6215//6 6211//6
f 6232//16 6226//16 6231//16
f 6233//19 6234//19 6235//19
f 6236//20 6233//20 6237//20
f 6238//28 6236//28 6239//28
f 6240//2 6238//2 6241//2
f 6242//36 6240//36 6243//36
f 6244//27 6242//27 6245//27
f 6212//5 6244//5 6246//5
f 6235//371 6247//371 6248//371
f 6235//372 6234//372 6247//372
f 6248//373 6249//373 6235//373
f 6250//357 6249//357 6251//357
f 6251//358 6252//358 6250//358
f 6252//359 6232//359 6250//359
f 6248//382 6251//382 6249//382
f 6246//5 6213//5 6212//5
f 6245//27 6246//27 6244//27
f 6243//36 6245//36 6242//36
f 6241//2 6243//2 6240//2
f 6239//28 6241//28 6238//28
f 6237//20 6239//20 6236//20
f 6235//19 6237//19 6233//19
f 6231//16 6250//16 6232//16
f 6253//361 6251//361 6248//361
f 6253//361 6252//361 6251//361
f 6248//361 6254//361 6253//361
f 6253//361 6255//361 6252//361
f 6248//362 6247//362 6256//362
f 6256//362 6254//362 6248//362
f 6257//6 6258//6 6259//6
f 6260//7 6257//7 6261//7
f 6262//26 6260//26 6263//26
f 6264//9 6262//9 6265//9
f 6266//25 6264//25 6267//25
f 6268//11 6266//11 6269//11
f 6270//12 6268//12 6271//12
f 6272//15 6273//15 6274//15
f 6274//363 6255//363 6253//363
f 6274//364 6273//364 6255//364
f 6275//365 6276//365 6254//365
f 6254//376 6256//376 6275//376
f 6276//367 6253//367 6254//367
f 6256//377 6270//377 6275//377
f 6253//369 6276//369 6274//369
f 6274//15 6277//15 6272//15
f 6271//12 6275//12 6270//12
f 6269//11 6271//11 6268//11
f 6267//25 6269//25 6266//25
f 6265//9 6267//9 6264//9
f 6263//26 6265//26 6262//26
f 6261//7 6263//7 6260//7
f 6259//6 6261//6 6257//6
f 6278//16 6272//16 6277//16
f 6279//19 6280//19 6281//19
f 6282//20 6279//20 6283//20
f 6284//28 6282//28 6285//28
f 6286//2 6284//2 6287//2
f 6288//36 6286//36 6289//36
f 6290//27 6288//27 6291//27
f 6258//5 6290//5 6292//5
f 6281//354 6293//354 6294//354
f 6281//372 6280//372 6293//372
f 6294//356 6295//356 6281//356
f 6296//357 6295//357 6297//357
f 6297//358 6298//358 6296//358
f 6298//359 6278//359 6296//359
f 6294//382 6297//382 6295//382
f 6292//5 6259//5 6258//5
f 6291//27 6292//27 6290//27
f 6289//36 6291//36 6288//36
f 6287//2 6289//2 6286//2
f 6285//28 6287//28 6284//28
f 6283//20 6285//20 6282//20
f 6281//19 6283//19 6279//19
f 6277//16 6296//16 6278//16
f 6294//361 6299//361 6300//361
f 6299//361 6301//361 6300//361
f 6300//361 6297//361 6294//361
f 6300//361 6298//361 6297//361
f 6301//361 6302//361 6300//361
f 6299//362 6294//362 6293//362
f 6293//362 6303//362 6299//362
f 6304//6 6305//6 6306//6
f 6307//7 6304//7 6308//7
f 6309//26 6307//26 6310//26
f 6311//9 6309//9 6312//9
f 6313//25 6311//25 6314//25
f 6315//11 6313//11 6316//11
f 6317//12 6315//12 6318//12
f 6319//15 6320//15 6321//15
f 6321//363 6302//363 6301//363
f 6321//364 6320//364 6302//364
f 6322//365 6323//365 6299//365
f 6299//376 6303//376 6322//376
f 6323//367 6301//367 6299//367
f 6303//368 6317//368 6322//368
f 6301//369 6323//369 6321//369
f 6321//15 6324//15 6319//15
f 6318//12 6322//12 6317//12
f 6316//11 6318//11 6315//11
f 6314//25 6316//25 6313//25
f 6312//9 6314//9 6311//9
f 6310//26 6312//26 6309//26
f 6308//7 6310//7 6307//7
f 6306//6 6308//6 6304//6
f 6325//16 6319//16 6324//16
f 6326//19 6327//19 6328//19
f 6329//20 6326//20 6330//20
f 6331//28 6329//28 6332//28
f 6333//2 6331//2 6334//2
f 6335//36 6333//36 6336//36
f 6337//27 6335//27 6338//27
f 6305//5 6337//5 6339//5
f 6328//354 6340//354 6341//354
f 6328//372 6327//372 6340//372
f 6341//356 6342//356 6328//356
f 6343//357 6342//357 6344//357
f 6344//358 6345//358 6343//358
f 6345//359 6325//359 6343//359
f 6341//382 6344//382 6342//382
f 6339//5 6306//5 6305//5
f 6338//27 6339//27 6337//27
f 6336//36 6338//36 6335//36
f 6334//2 6336//2 6333//2
f 6332//28 6334//28 6331//28
f 6330//20 6332//20 6329//20
f 6328//19 6330//19 6326//19
f 6324//16 6343//16 6325//16
f 6346//361 6344//361 6341//361
f 6346//361 6345//361 6344//361
f 6341//361 6347//361 6346//361
f 6346//361 6348//361 6345//361
f 6347//362 6341//362 6340//362
f 6340//362 6349//362 6347//362
f 6350//6 6351//6 6352//6
f 6353//7 6350//7 6354//7
f 6355//26 6353//26 6356//26
f 6357//9 6355//9 6358//9
f 6359//25 6357//25 6360//25
f 6361//11 6359//11 6362//11
f 6363//12 6361//12 6364//12
f 6365//15 6366//15 6367//15
f 6367//363 6348//363 6346//363
f 6367//364 6366//364 6348//364
f 6368//365 6369//365 6347//365
f 6347//376 6349//376 6368//376
f 6369//367 6346//367 6347//367
f 6349//377 6363//377 6368//377
f 6346//369 6369//369 6367//369
f 6367//15 6370//15 6365//15
f 6364//12 6368//12 6363//12
f 6362//11 6364//11 6361//11
f 6360//25 6362//25 6359//25
f 6358//9 6360//9 6357//9
f 6356//26 6358//26 6355//26
f 6354//7 6356//7 6353//7
f 6352//6 6354//6 6350//6
f 6371//16 6365//16 6370//16
f 6372//19 6373//19 6374//19
f 6375//20 6372//20 6376//20
f 6377//28 6375//28 6378//28
f 6379//2 6377//2 6380//2
f 6381//36 6379//36 6382//36
f 6383//27 6381//27 6384//27
f 6351//5 6383//5 6385//5
f 6374//354 6386//354 6387//354
f 6374//380 6373//380 6386//380
f 6387//373 6388//373 6374//373
f 6389//357 6388//357 6390//357
f 6390//358 6391//358 6389//358
f 6391//359 6371//359 6389//359
f 6387//382 6390//382 6388//382
f 6385//5 6352//5 6351//5
f 6384//27 6385//27 6383//27
f 6382//36 6384//36 6381//36
f 6380//2 6382//2 6379//2
f 6378//28 6380//28 6377//28
f 6376//20 6378//20 6375//20
f 6374//19 6376//19 6372//19
f 6370//16 6389//16 6371//16
f 6392//361 6393//361 6394//361
f 6394//361 6387//361 6392//361
f 6394//361 6391//361 6390//361
f 6394//361 6390//361 6387//361
f 6393//361 6395//361 6394//361
f 6392//362 6387//362 6386//362
f 6386//362 6396//362 6392//362
f 6397//6 6398//6 6399//6
f 6400//7 6397//7 6401//7
f 6402//26 6400//26 6403//26
f 6404//9 6402//9 6405//9
f 6406//10 6404//10 6407//10
f 6408//11 6406//11 6409//11
f 6410//12 6408//12 6411//12
f 6412//50 6413//50 6414//50
f 6414//363 6395//363 6393//363
f 6414//364 6413//364 6395//364
f 6415//375 6416//375 6392//375
f 6392//366 6396//366 6415//366
f 6416//367 6393//367 6392//367
f 6396//377 6410//377 6415//377
f 6393//369 6416//369 6414//369
f 6414//50 6417//50 6412//50
f 6411//12 6415//12 6410//12
f 6409//24 6411//24 6408//24
f 6407//25 6409//25 6406//25
f 6405//9 6407//9 6404//9
f 6403//26 6405//26 6402//26
f 6401//7 6403//7 6400//7
f 6399//6 6401//6 6397//6
f 6418//370 6412//370 6417//370
f 6419//19 6420//19 6421//19
f 6422//21 6419//21 6423//21
f 6424//28 6422//28 6425//28
f 6426//2 6424//2 6427//2
f 6428//36 6426//36 6429//36
f 6430//27 6428//27 6431//27
f 6398//5 6430//5 6432//5
f 6421//371 6433//371 6434//371
f 6421//380 6420//380 6433//380
f 6434//356 6435//356 6421//356
f 6436//357 6435//357 6437//357
f 6437//358 6438//358 6436//358
f 6438//359 6418//359 6436//359
f 6434//382 6437//382 6435//382
f 6432//5 6399//5 6398//5
f 6431//27 6432//27 6430//27
f 6429//36 6431//36 6428//36
f 6427//2 6429//2 6426//2
f 6425//1 6427//1 6424//1
f 6423//20 6425//20 6422//20
f 6421//19 6423//19 6419//19
f 6417//370 6436//370 6418//370
f 6437//361 6434//361 6439//361
f 6439//361 6440//361 6437//361
f 6441//361 6438//361 6437//361
f 6440//361 6441//361 6437//361
f 6439//362 6434//362 6433//362
f 6433//362 6442//362 6439//362
f 6443//52 6444//52 6445//52
f 6446//7 6443//7 6447//7
f 6448//26 6446//26 6449//26
f 6450//9 6448//9 6451//9
f 6452//10 6450//10 6453//10
f 6454//24 6452//24 6455//24
f 6456//12 6454//12 6457//12
f 6458//15 6459//15 6460//15
f 6460//378 6441//378 6440//378
f 6460//364 6459//364 6441//364
f 6461//365 6462//365 6439//365
f 6439//366 6442//366 6461//366
f 6462//367 6440//367 6439//367
f 6442//368 6456//368 6461//368
f 6440//369 6462//369 6460//369
f 6460//15 6463//15 6458//15
f 6457//12 6461//12 6456//12
f 6455//24 6457//24 6454//24
f 6453//10 6455//10 6452//10
f 6451//9 6453//9 6450//9
f 6449//26 6451//26 6448//26
f 6447//7 6449//7 6446//7
f 6445//52 6447//52 6443//52
f 6464//16 6458//16 6463//16
f 6465//19 6466//19 6467//19
f 6468//21 6465//21 6469//21
f 6470//1 6468//1 6471//1
f 6472//2 6470//2 6473//2
f 6474//36 6472//36 6475//36
f 6476//27 6474//27 6477//27
f 6444//51 6476//51 6478//51
f 6467//354 6479//354 6480//354
f 6467//380 6466//380 6479//380
f 6480//356 6481//356 6467//356
f 6482//357 6481//357 6483//357
f 6483//420 6484//420 6482//420
f 6484//359 6464//359 6482//359
f 6480//360 6483//360 6481//360
f 6478//51 6445//51 6444//51
f 6477//27 6478//27 6476//27
f 6475//36 6477//36 6474//36
f 6473//2 6475//2 6472//2
f 6471//1 6473//1 6470//1
f 6469//21 6471//21 6468//21
f 6467//19 6469//19 6465//19
f 6463//16 6482//16 6464//16
f 6485//361 6483//361 6480//361
f 6485//361 6486//361 6483//361
f 6486//421 6484//421 6483//421
f 6480//361 6487//361 6485//361
f 6485//361 6488//361 6486//361
f 6487//362 6480//362 6479//362
f 6479//362 6489//362 6487//362
f 6490//52 6491//52 6492//52
f 6493//7 6490//7 6494//7
f 6495//26 6493//26 6496//26
f 6497//9 6495//9 6498//9
f 6499//10 6497//10 6500//10
f 6501//11 6499//11 6502//11
f 6503//12 6501//12 6504//12
f 6505//15 6506//15 6507//15
f 6507//363 6488//363 6485//363
f 6507//364 6506//364 6488//364
f 6508//365 6509//365 6487//365
f 6487//376 6489//376 6508//376
f 6509//384 6485//384 6487//384
f 6489//422 6503//422 6508//422
f 6485//369 6509//369 6507//369
f 6507//15 6510//15 6505//15
f 6504//12 6508//12 6503//12
f 6502//24 6504//24 6501//24
f 6500//25 6502//25 6499//25
f 6498//9 6500//9 6497//9
f 6496//26 6498//26 6495//26
f 6494//7 6496//7 6493//7
f 6492//6 6494//6 6490//6
f 6511//16 6505//16 6510//16
f 6512//19 6513//19 6514//19
f 6515//21 6512//21 6516//21
f 6517//28 6515//28 6518//28
f 6519//2 6517//2 6520//2
f 6521//36 6519//36 6522//36
f 6523//27 6521//27 6524//27
f 6491//51 6523//51 6525//51
f 6514//354 6526//354 6527//354
f 6514//380 6513//380 6526//380
f 6527//373 6528//373 6514//373
f 6529//357 6528//357 6530//357
f 6530//358 6531//358 6529//358
f 6531//359 6511//359 6529//359
f 6527//385 6530//385 6528//385
f 6525//51 6492//51 6491//51
f 6524//27 6525//27 6523//27
f 6522//36 6524//36 6521//36
f 6520//2 6522//2 6519//2
f 6518//1 6520//1 6517//1
f 6516//20 6518//20 6515//20
f 6514//19 6516//19 6512//19
f 6510//16 6529//16 6511//16
f 6532//362 6527//362 6526//362
f 6526//362 6533//362 6532//362
f 6534//361 6530//361 6527//361
f 6534//361 6531//361 6530//361
f 6527//361 6532//361 6534//361
f 6535//52 6201//52 6174//52
f 6536//7 6535//7 6173//7
f 6537//26 6536//26 6172//26
f 6538//9 6537//9 6182//9
f 6539//25 6538//25 6181//25
f 6540//11 6539//11 6180//11
f 6541//12 6540//12 6179//12
f 6193//50 6542//50 6185//50
f 6185//378 6543//378 6544//378
f 6185//364 6542//364 6543//364
f 6178//365 6186//365 6545//365
f 6545//376 6546//376 6178//376
f 6186//381 6544//381 6545//381
f 6546//377 6541//377 6178//377
f 6544//369 6186//369 6185//369
f 6185//50 6191//50 6193//50
f 6179//12 6178//12 6541//12
f 6180//11 6179//11 6540//11
f 6181//25 6180//25 6539//25
f 6182//9 6181//9 6538//9
f 6172//26 6182//26 6537//26
f 6173//7 6172//7 6536//7
f 6174//52 6173//52 6535//52
f 6547//361 6548//361 6545//361
f 6545//361 6544//361 6547//361
f 6544//361 6543//361 6547//361
f 6548//362 6549//362 6546//362
f 6546//362 6545//362 6548//362
f 6550//39 6505//39 6511//39
f 6551//39 6506//39 6505//39
f 6551//39 6486//39 6488//39
f 6511//39 6534//39 6550//39
f 6511//39 6531//39 6534//39
f 6488//39 6506//39 6551//39
f 6505//39 6550//39 6551//39
f 6552//39 6192//39 6205//39
f 6552//39 6553//39 6193//39
f 6553//39 6547//39 6543//39
f 6193//39 6192//39 6552//39
f 6543//39 6542//39 6553//39
f 6542//39 6193//39 6553//39
f 6273//39 6232//39 6252//39
f 6273//39 6552//39 6226//39
f 6552//39 6273//39 6272//39
f 6226//39 6232//39 6273//39
f 6552//39 6208//39 6209//39
f 6554//39 6278//39 6298//39
f 6252//39 6255//39 6273//39
f 6209//39 6227//39 6552//39
f 6554//39 6272//39 6278//39
f 6227//39 6226//39 6552//39
f 6272//39 6554//39 6552//39
f 6325//39 6366//39 6365//39
f 6366//39 6325//39 6345//39
f 6555//39 6371//39 6391//39
f 6345//39 6348//39 6366//39
f 6555//39 6554//39 6319//39
f 6555//39 6365//39 6371//39
f 6319//39 6325//39 6555//39
f 6554//39 6300//39 6302//39
f 6365//39 6555//39 6325//39
f 6302//39 6320//39 6554//39
f 6320//39 6319//39 6554//39
f 6418//39 6459//39 6458//39
f 6418//39 6438//39 6441//39
f 6551//39 6464//39 6484//39
f 6441//39 6459//39 6418//39
f 6551//39 6555//39 6412//39
f 6551//39 6458//39 6464//39
f 6412//39 6418//39 6551//39
f 6555//39 6394//39 6395//39
f 6458//39 6551//39 6418//39
f 6395//39 6413//39 6555//39
f 6413//39 6412//39 6555//39
f 6484//39 6486//39 6551//39
f 6391//39 6394//39 6555//39
f 6298//39 6300//39 6554//39
f 6205//39 6208//39 6552//39
f 6556//39 6305//39 6258//39
f 6258//39 6212//39 6556//39
f 6556//39 6557//39 6351//39
f 6351//39 6305//39 6556//39
f 6557//39 6398//39 6351//39
f 6212//39 6200//39 6201//39
f 6557//39 6430//39 6398//39
f 6201//39 6556//39 6212//39
f 6351//39 6350//39 6305//39
f 6258//39 6257//39 6212//39
f 6350//39 6353//39 6305//39
f 6257//39 6260//39 6212//39
f 6305//39 6284//39 6286//39
f 6201//39 6535//39 6556//39
f 6212//39 6198//39 6199//39
f 6286//39 6288//39 6305//39
f 6197//39 6218//39 6220//39
f 6556//39 6538//39 6539//39
f 6199//39 6200//39 6212//39
f 6288//39 6290//39 6305//39
f 6220//39 6196//39 6197//39
f 6556//39 6537//39 6538//39
f 6351//39 6398//39 6397//39
f 6290//39 6258//39 6305//39
f 6535//39 6536//39 6556//39
f 6198//39 6216//39 6218//39
f 6430//39 6557//39 6444//39
f 6557//39 6523//39 6491//39
f 6556//39 6536//39 6537//39
f 6397//39 6400//39 6351//39
f 6198//39 6214//39 6216//39
f 6198//39 6212//39 6211//39
f 6491//39 6444//39 6557//39
f 6444//39 6428//39 6430//39
f 6211//39 6214//39 6198//39
f 6444//39 6491//39 6490//39
f 6444//39 6426//39 6428//39
f 6212//39 6260//39 6262//39
f 6197//39 6198//39 6218//39
f 6490//39 6493//39 6444//39
f 6539//39 6549//39 6556//39
f 6444//39 6424//39 6426//39
f 6264//39 6240//39 6242//39
f 6264//39 6266//39 6236//39
f 6549//39 6540//39 6541//39
f 6557//39 6519//39 6521//39
f 6222//39 6194//39 6196//39
f 6222//39 6202//39 6195//39
f 6242//39 6244//39 6264//39
f 6236//39 6238//39 6264//39
f 6268//39 6233//39 6236//39
f 6268//39 6247//39 6234//39
f 6549//39 6539//39 6540//39
f 6521//39 6523//39 6557//39
f 6202//39 6222//39 6224//39
f 6195//39 6194//39 6222//39
f 6284//39 6311//39 6313//39
f 6284//39 6305//39 6304//39
f 6497//39 6470//39 6472//39
f 6470//39 6497//39 6499//39
f 6501//39 6465//39 6468//39
f 6501//39 6479//39 6466//39
f 6238//39 6240//39 6264//39
f 6234//39 6233//39 6268//39
f 6262//39 6264//39 6212//39
f 6196//39 6220//39 6222//39
f 6279//39 6315//39 6317//39
f 6279//39 6282//39 6313//39
f 6284//39 6309//39 6311//39
f 6304//39 6307//39 6284//39
f 6307//39 6309//39 6284//39
f 6372//39 6408//39 6410//39
f 6408//39 6372//39 6375//39
f 6377//39 6404//39 6406//39
f 6377//39 6400//39 6402//39
f 6499//39 6468//39 6470//39
f 6474//39 6493//39 6495//39
f 6479//39 6501//39 6503//39
f 6466//39 6465//39 6501//39
f 6247//39 6268//39 6270//39
f 6236//39 6266//39 6268//39
f 6305//39 6353//39 6355//39
f 6224//39 6210//39 6202//39
f 6313//39 6315//39 6279//39
f 6375//39 6406//39 6408//39
f 6396//39 6386//39 6373//39
f 6400//39 6377//39 6379//39
f 6402//39 6404//39 6377//39
f 6495//39 6497//39 6474//39
f 6468//39 6499//39 6501//39
f 6244//39 6212//39 6264//39
f 6541//39 6546//39 6549//39
f 6313//39 6282//39 6284//39
f 6303//39 6293//39 6280//39
f 6357//39 6359//39 6329//39
f 6373//39 6372//39 6396//39
f 6406//39 6375//39 6377//39
f 6493//39 6474//39 6476//39
f 6503//39 6489//39 6479//39
f 6355//39 6357//39 6305//39
f 6280//39 6279//39 6303//39
f 6419//39 6454//39 6456//39
f 6419//39 6422//39 6452//39
f 6424//39 6450//39 6452//39
f 6329//39 6331//39 6357//39
f 6400//39 6381//39 6383//39
f 6379//39 6381//39 6400//39
f 6472//39 6474//39 6497//39
f 6317//39 6303//39 6279//39
f 6557//39 6533//39 6515//39
f 6533//39 6526//39 6513//39
f 6452//39 6454//39 6419//39
f 6424//39 6448//39 6450//39
f 6424//39 6444//39 6443//39
f 6357//39 6335//39 6337//39
f 6331//39 6333//39 6357//39
f 6361//39 6326//39 6329//39
f 6361//39 6340//39 6327//39
f 6410//39 6396//39 6372//39
f 6270//39 6256//39 6247//39
f 6515//39 6517//39 6557//39
f 6513//39 6512//39 6533//39
f 6452//39 6422//39 6424//39
f 6443//39 6446//39 6424//39
f 6446//39 6448//39 6424//39
f 6333//39 6335//39 6357//39
f 6327//39 6326//39 6361//39
f 6476//39 6444//39 6493//39
f 6512//39 6515//39 6533//39
f 6442//39 6433//39 6420//39
f 6340//39 6361//39 6363//39
f 6329//39 6359//39 6361//39
f 6517//39 6519//39 6557//39
f 6420//39 6419//39 6442//39
f 6337//39 6305//39 6357//39
f 6456//39 6442//39 6419//39
f 6383//39 6351//39 6400//39
f 6363//39 6349//39 6340//39
f 6558//387 6555//387 6551//387
f 6558//387 6559//387 6554//387
f 6554//387 6555//387 6558//387
f 6559//387 6552//387 6554//387
f 6559//387 6553//387 6552//387
f 6551//387 6550//387 6558//387
f 6559//39 6558//39 6560//39
f 6560//39 6561//39 6559//39
f 6561//362 6560//362 6562//362
f 6562//362 6563//362 6561//362
f 6563//31 6562//31 6564//31
f 6564//31 6565//31 6563//31
f 6565//388 6564//388 6566//388
f 6566//388 6567//388 6565//388
f 6567//29 6566//29 6568//29
f 6568//29 6569//29 6567//29
f 6570//389 6571//389 6572//389
f 6573//390 6570//390 6574//390
f 6575//388 6573//388 6576//388
f 6577//391 6575//391 6578//391
f 6568//392 6577//392 6579//392
f 6579//423 6569//423 6568//423
f 6578//391 6579//391 6577//391
f 6576//424 6578//424 6575//424
f 6574//390 6576//390 6573//390
f 6572//389 6574//389 6570//389
f 6572//31 6571//31 6580//31
f 6580//31 6581//31 6572//31
f 6582//393 6583//393 6584//393
f 6585//397 6582//397 6586//397
f 6587//395 6585//395 6588//395
f 6580//396 6587//396 6589//396
f 6589//396 6581//396 6580//396
f 6588//395 6589//395 6587//395
f 6586//425 6588//425 6585//425
f 6584//393 6586//393 6582//393
f 6584//42 6583//42 6590//42
f 6590//42 6591//42 6584//42
f 6591//31 6590//31 6592//31
f 6592//31 6593//31 6591//31
f 6593//388 6592//388 6594//388
f 6594//388 6595//388 6593//388
f 6595//29 6594//29 6596//29
f 6596//29 6597//29 6595//29
f 6597//398 6596//398 6598//398
f 6597//398 6599//398 6600//398
f 6598//398 6601//398 6597//398
f 6601//398 6599//398 6597//398
f 6600//398 6602//398 6597//398
f 6602//398 6603//398 6597//398
f 6596//398 6604//398 6598//398
f 6596//398 6605//398 6606//398
f 6606//398 6604//398 6596//398
f 6596//398 6607//398 6605//398
f 6608//399 6609//399 6557//399
f 6557//399 6556//399 6608//399
f 6610//39 6611//39 6609//39
f 6609//39 6608//39 6610//39
f 6612//361 6613//361 6611//361
f 6611//361 6610//361 6612//361
f 6614//30 6615//30 6613//30
f 6613//30 6612//30 6614//30
f 6616//398 6617//398 6615//398
f 6615//398 6614//398 6616//398
f 6618//29 6619//29 6617//29
f 6617//29 6616//29 6618//29
f 6620//400 6619//400 6618//400
f 6621//426 6620//426 6622//426
f 6623//427 6621//427 6624//427
f 6625//402 6623//402 6626//402
f 6627//428 6625//428 6628//428
f 6628//428 6629//428 6627//428
f 6626//429 6628//429 6625//429
f 6624//398 6626//398 6623//398
f 6622//401 6624//401 6621//401
f 6618//400 6622//400 6620//400
f 6630//30 6631//30 6627//30
f 6627//30 6629//30 6630//30
f 6632//404 6631//404 6630//404
f 6633//405 6632//405 6634//405
f 6635//430 6633//430 6636//430
f 6637//407 6635//407 6638//407
f 6638//407 6639//407 6637//407
f 6636//406 6638//406 6635//406
f 6634//405 6636//405 6633//405
f 6630//404 6634//404 6632//404
f 6640//408 6641//408 6637//408
f 6637//408 6639//408 6640//408
f 6642//30 6643//30 6641//30
f 6641//30 6640//30 6642//30
f 6644//398 6645//398 6643//398
f 6643//398 6642//398 6644//398
f 6571//41 6627//41 6631//41
f 6631//41 6580//41 6571//41
f 6632//41 6587//41 6580//41
f 6571//41 6625//41 6627//41
f 6646//41 6635//41 6637//41
f 6632//41 6585//41 6587//41
f 6632//41 6583//41 6582//41
f 6637//41 6647//41 6646//41
f 6607//41 6583//41 6632//41
f 6582//41 6585//41 6632//41
f 6607//41 6633//41 6635//41
f 6631//41 6632//41 6580//41
f 6532//41 6623//41 6625//41
f 6533//409 6621//409 6623//409
f 6632//410 6633//410 6607//410
f 6623//41 6532//41 6533//41
f 6533//41 6557//41 6620//41
f 6625//41 6571//41 6532//41
f 6557//409 6619//409 6620//409
f 6637//41 6645//41 6648//41
f 6637//41 6641//41 6643//41
f 6568//41 6566//41 6550//41
f 6568//41 6534//41 6532//41
f 6557//41 6609//41 6611//41
f 6583//41 6594//41 6592//41
f 6583//41 6607//41 6596//41
f 6620//411 6621//411 6533//411
f 6643//41 6645//41 6637//41
f 6532//411 6577//411 6568//411
f 6532//410 6570//410 6573//410
f 6611//41 6613//41 6557//41
f 6557//41 6615//41 6617//41
f 6596//41 6594//41 6583//41
f 6648//41 6647//41 6637//41
f 6532//411 6575//411 6577//411
f 6532//412 6571//412 6570//412
f 6550//41 6562//41 6560//41
f 6550//41 6566//41 6564//41
f 6617//41 6619//41 6557//41
f 6646//41 6607//41 6635//41
f 6573//41 6575//41 6532//41
f 6564//41 6562//41 6550//41
f 6592//41 6590//41 6583//41
f 6560//41 6558//41 6550//41
f 6550//41 6534//41 6568//41
f 6613//41 6615//41 6557//41
f 6628//40 6556//40 6549//40
f 6572//40 6581//40 6630//40
f 6549//40 6548//40 6628//40
f 6581//40 6634//40 6630//40
f 6572//40 6629//40 6628//40
f 6630//40 6629//40 6572//40
f 6581//40 6589//40 6634//40
f 6634//40 6588//40 6586//40
f 6548//40 6572//40 6628//40
f 6649//40 6650//40 6639//40
f 6556//40 6612//40 6610//40
f 6589//40 6588//40 6634//40
f 6603//40 6636//40 6634//40
f 6638//40 6603//40 6649//40
f 6556//40 6618//40 6616//40
f 6556//40 6614//40 6612//40
f 6569//413 6579//413 6548//413
f 6569//40 6547//40 6553//40
f 6639//40 6644//40 6642//40
f 6639//40 6650//40 6651//40
f 6634//40 6584//40 6603//40
f 6639//40 6638//40 6649//40
f 6610//40 6608//40 6556//40
f 6548//40 6578//40 6576//40
f 6553//40 6567//40 6569//40
f 6651//40 6644//40 6639//40
f 6638//40 6636//40 6603//40
f 6584//40 6595//40 6597//40
f 6584//40 6591//40 6593//40
f 6556//40 6622//40 6618//40
f 6553//40 6563//40 6565//40
f 6553//40 6559//40 6561//40
f 6576//40 6574//40 6548//40
f 6548//40 6547//40 6569//40
f 6586//40 6584//40 6634//40
f 6593//40 6595//40 6584//40
f 6556//40 6624//40 6622//40
f 6556//414 6628//414 6626//414
f 6561//40 6563//40 6553//40
f 6579//414 6578//414 6548//414
f 6597//40 6603//40 6584//40
f 6626//413 6624//413 6556//413
f 6574//40 6572//40 6548//40
f 6616//40 6614//40 6556//40
f 6642//40 6640//40 6639//40
f 6565//40 6567//40 6553//40
f 6651//29 6648//29 6645//29
f 6645//29 6644//29 6651//29
f 6648//388 6651//388 6652//388
f 6652//388 6653//388 6648//388
f 6653//388 6654//388 6648//388
f 6648//388 6654//388 6655//388
f 6651//388 6656//388 6652//388
f 6655//388 6647//388 6648//388
f 6651//388 6657//388 6658//388
f 6658//388 6656//388 6651//388
f 6651//388 6659//388 6657//388
f 6651//388 6650//388 6659//388
f 6217//39 6215//39 6660//39
f 6215//39 6213//39 6661//39
f 6661//39 6660//39 6215//39
f 6246//39 6662//39 6661//39
f 6241//39 6663//39 6664//39
f 6241//39 6239//39 6665//39
f 6229//39 6225//39 6666//39
f 6225//39 6223//39 6667//39
f 6221//39 6668//39 6667//39
f 6219//39 6669//39 6668//39
f 6661//39 6213//39 6246//39
f 6245//39 6670//39 6662//39
f 6243//39 6664//39 6670//39
f 6665//39 6663//39 6241//39
f 6228//39 6671//39 6672//39
f 6230//39 6673//39 6671//39
f 6229//39 6674//39 6673//39
f 6667//39 6666//39 6225//39
f 6668//39 6221//39 6219//39
f 6219//39 6217//39 6675//39
f 6662//39 6246//39 6245//39
f 6664//39 6243//39 6241//39
f 6237//39 6676//39 6665//39
f 6235//39 6677//39 6676//39
f 6671//39 6228//39 6230//39
f 6666//39 6674//39 6229//39
f 6675//39 6669//39 6219//39
f 6670//39 6245//39 6243//39
f 6676//39 6237//39 6235//39
f 6235//39 6249//39 6678//39
f 6249//39 6250//39 6679//39
f 6250//39 6231//39 6672//39
f 6673//39 6230//39 6229//39
f 6660//39 6675//39 6217//39
f 6678//39 6677//39 6235//39
f 6672//39 6679//39 6250//39
f 6667//39 6223//39 6221//39
f 6679//39 6678//39 6249//39
f 6665//39 6239//39 6237//39
f 6672//39 6231//39 6228//39
f 6679//16 6672//16 6680//16
f 6678//17 6679//17 6681//17
f 6677//38 6678//38 6682//38
f 6676//19 6677//19 6683//19
f 6665//21 6676//21 6684//21
f 6663//1 6665//1 6685//1
f 6664//2 6663//2 6686//2
f 6670//36 6664//36 6687//36
f 6662//27 6670//27 6688//27
f 6661//5 6662//5 6689//5
f 6689//5 6690//5 6661//5
f 6688//27 6689//27 6662//27
f 6687//36 6688//36 6670//36
f 6686//2 6687//2 6664//2
f 6685//1 6686//1 6663//1
f 6684//21 6685//21 6665//21
f 6683//19 6684//19 6676//19
f 6682//38 6683//38 6677//38
f 6681//17 6682//17 6678//17
f 6680//16 6681//16 6679//16
f 6660//6 6661//6 6690//6
f 6675//7 6660//7 6691//7
f 6669//26 6675//26 6692//26
f 6668//9 6669//9 6693//9
f 6667//25 6668//25 6694//25
f 6666//11 6667//11 6695//11
f 6674//12 6666//12 6696//12
f 6673//13 6674//13 6697//13
f 6671//14 6673//14 6698//14
f 6672//15 6671//15 6699//15
f 6699//15 6680//15 6672//15
f 6698//14 6699//14 6671//14
f 6697//13 6698//13 6673//13
f 6696//12 6697//12 6674//12
f 6695//11 6696//11 6666//11
f 6694//25 6695//25 6667//25
f 6693//9 6694//9 6668//9
f 6692//26 6693//26 6669//26
f 6691//7 6692//7 6675//7
f 6690//6 6691//6 6660//6
f 6276//39 6700//39 6701//39
f 6275//39 6702//39 6700//39
f 6271//39 6703//39 6702//39
f 6271//39 6269//39 6704//39
f 6267//39 6705//39 6704//39
f 6267//39 6265//39 6706//39
f 6265//39 6263//39 6707//39
f 6263//39 6261//39 6708//39
f 6259//39 6709//39 6708//39
f 6292//39 6710//39 6709//39
f 6274//39 6701//39 6711//39
f 6700//39 6276//39 6275//39
f 6704//39 6703//39 6271//39
f 6706//39 6705//39 6267//39
f 6708//39 6707//39 6263//39
f 6709//39 6259//39 6292//39
f 6291//39 6712//39 6710//39
f 6291//39 6289//39 6713//39
f 6287//39 6714//39 6713//39
f 6287//39 6285//39 6715//39
f 6283//39 6716//39 6715//39
f 6283//39 6281//39 6717//39
f 6295//39 6718//39 6717//39
f 6296//39 6719//39 6718//39
f 6701//39 6274//39 6276//39
f 6704//39 6269//39 6267//39
f 6708//39 6261//39 6259//39
f 6713//39 6712//39 6291//39
f 6715//39 6714//39 6287//39
f 6717//39 6716//39 6283//39
f 6718//39 6295//39 6296//39
f 6277//39 6711//39 6719//39
f 6702//39 6275//39 6271//39
f 6710//39 6292//39 6291//39
f 6715//39 6285//39 6283//39
f 6719//39 6296//39 6277//39
f 6707//39 6706//39 6265//39
f 6717//39 6281//39 6295//39
f 6713//39 6289//39 6287//39
f 6711//39 6277//39 6274//39
f 6719//16 6711//16 6720//16
f 6718//17 6719//17 6721//17
f 6717//38 6718//38 6722//38
f 6716//19 6717//19 6723//19
f 6715//21 6716//21 6724//21
f 6714//28 6715//28 6725//28
f 6713//2 6714//2 6726//2
f 6712//36 6713//36 6727//36
f 6710//27 6712//27 6728//27
f 6709//5 6710//5 6729//5
f 6729//5 6730//5 6709//5
f 6728//27 6729//27 6710//27
f 6727//36 6728//36 6712//36
f 6726//2 6727//2 6713//2
f 6725//1 6726//1 6714//1
f 6724//21 6725//21 6715//21
f 6723//19 6724//19 6716//19
f 6722//38 6723//38 6717//38
f 6721//17 6722//17 6718//17
f 6720//16 6721//16 6719//16
f 6708//6 6709//6 6730//6
f 6707//7 6708//7 6731//7
f 6706//26 6707//26 6732//26
f 6705//9 6706//9 6733//9
f 6704//10 6705//10 6734//10
f 6703//11 6704//11 6735//11
f 6702//12 6703//12 6736//12
f 6700//13 6702//13 6737//13
f 6701//14 6700//14 6738//14
f 6711//15 6701//15 6739//15
f 6739//15 6720//15 6711//15
f 6738//14 6739//14 6701//14
f 6737//13 6738//13 6700//13
f 6736//12 6737//12 6702//12
f 6735//11 6736//11 6703//11
f 6734//25 6735//25 6704//25
f 6733//9 6734//9 6705//9
f 6732//26 6733//26 6706//26
f 6731//7 6732//7 6707//7
f 6730//6 6731//6 6708//6
f 6321//39 6323//39 6740//39
f 6323//39 6322//39 6741//39
f 6318//39 6742//39 6741//39
f 6316//39 6743//39 6742//39
f 6314//39 6744//39 6743//39
f 6314//39 6312//39 6745//39
f 6310//39 6746//39 6745//39
f 6310//39 6308//39 6747//39
f 6308//39 6306//39 6748//39
f 6339//39 6749//39 6748//39
f 6336//39 6750//39 6751//39
f 6336//39 6334//39 6752//39
f 6321//39 6753//39 6754//39
f 6741//39 6740//39 6323//39
f 6742//39 6318//39 6316//39
f 6745//39 6744//39 6314//39
f 6747//39 6746//39 6310//39
f 6748//39 6306//39 6339//39
f 6338//39 6751//39 6749//39
f 6752//39 6750//39 6336//39
f 6740//39 6753//39 6321//39
f 6743//39 6316//39 6314//39
f 6748//39 6747//39 6308//39
f 6751//39 6338//39 6336//39
f 6328//39 6755//39 6756//39
f 6328//39 6342//39 6757//39
f 6741//39 6322//39 6318//39
f 6749//39 6339//39 6338//39
f 6332//39 6758//39 6752//39
f 6332//39 6330//39 6756//39
f 6757//39 6755//39 6328//39
f 6342//39 6343//39 6759//39
f 6745//39 6312//39 6310//39
f 6756//39 6758//39 6332//39
f 6759//39 6757//39 6342//39
f 6343//39 6324//39 6754//39
f 6752//39 6334//39 6332//39
f 6754//39 6759//39 6343//39
f 6756//39 6330//39 6328//39
f 6754//39 6324//39 6321//39
f 6759//16 6754//16 6760//16
f 6757//17 6759//17 6761//17
f 6755//38 6757//38 6762//38
f 6756//19 6755//19 6763//19
f 6758//20 6756//20 6764//20
f 6752//28 6758//28 6765//28
f 6750//2 6752//2 6766//2
f 6751//36 6750//36 6767//36
f 6749//27 6751//27 6768//27
f 6748//5 6749//5 6769//5
f 6769//5 6770//5 6748//5
f 6768//27 6769//27 6749//27
f 6767//36 6768//36 6751//36
f 6766//2 6767//2 6750//2
f 6765//28 6766//28 6752//28
f 6764//20 6765//20 6758//20
f 6763//19 6764//19 6756//19
f 6762//38 6763//38 6755//38
f 6761//17 6762//17 6757//17
f 6760//16 6761//16 6759//16
f 6747//6 6748//6 6770//6
f 6746//7 6747//7 6771//7
f 6745//26 6746//26 6772//26
f 6744//9 6745//9 6773//9
f 6743//25 6744//25 6774//25
f 6742//24 6743//24 6775//24
f 6741//12 6742//12 6776//12
f 6740//13 6741//13 6777//13
f 6753//14 6740//14 6778//14
f 6754//15 6753//15 6779//15
f 6779//15 6760//15 6754//15
f 6778//14 6779//14 6753//14
f 6777//13 6778//13 6740//13
f 6776//12 6777//12 6741//12
f 6775//24 6776//24 6742//24
f 6774//25 6775//25 6743//25
f 6773//9 6774//9 6744//9
f 6772//26 6773//26 6745//26
f 6771//7 6772//7 6746//7
f 6770//6 6771//6 6747//6
f 6354//39 6352//39 6780//39
f 6385//39 6781//39 6780//39
f 6364//39 6362//39 6782//39
f 6362//39 6360//39 6783//39
f 6358//39 6784//39 6783//39
f 6358//39 6356//39 6785//39
f 6356//39 6354//39 6786//39
f 6780//39 6352//39 6385//39
f 6380//39 6787//39 6788//39
f 6380//39 6378//39 6789//39
f 6376//39 6790//39 6789//39
f 6376//39 6374//39 6791//39
f 6388//39 6792//39 6791//39
f 6389//39 6793//39 6792//39
f 6364//39 6794//39 6795//39
f 6783//39 6782//39 6362//39
f 6785//39 6784//39 6358//39
f 6780//39 6786//39 6354//39
f 6384//39 6796//39 6781//39
f 6384//39 6382//39 6788//39
f 6789//39 6787//39 6380//39
f 6791//39 6790//39 6376//39
f 6792//39 6388//39 6389//39
f 6389//39 6370//39 6797//39
f 6367//39 6798//39 6797//39
f 6369//39 6799//39 6798//39
f 6368//39 6795//39 6799//39
f 6782//39 6794//39 6364//39
f 6786//39 6785//39 6356//39
f 6788//39 6796//39 6384//39
f 6789//39 6378//39 6376//39
f 6797//39 6793//39 6389//39
f 6798//39 6367//39 6369//39
f 6795//39 6368//39 6364//39
f 6781//39 6385//39 6384//39
f 6791//39 6374//39 6388//39
f 6799//39 6369//39 6368//39
f 6788//39 6382//39 6380//39
f 6783//39 6360//39 6358//39
f 6797//39 6370//39 6367//39
f 6793//16 6797//16 6800//16
f 6792//17 6793//17 6801//17
f 6791//38 6792//38 6802//38
f 6790//19 6791//19 6803//19
f 6789//21 6790//21 6804//21
f 6787//28 6789//28 6805//28
f 6788//2 6787//2 6806//2
f 6796//36 6788//36 6807//36
f 6781//27 6796//27 6808//27
f 6780//5 6781//5 6809//5
f 6809//5 6810//5 6780//5
f 6808//27 6809//27 6781//27
f 6807//36 6808//36 6796//36
f 6806//2 6807//2 6788//2
f 6805//28 6806//28 6787//28
f 6804//20 6805//20 6789//20
f 6803//19 6804//19 6790//19
f 6802//38 6803//38 6791//38
f 6801//17 6802//17 6792//17
f 6800//16 6801//16 6793//16
f 6786//6 6780//6 6810//6
f 6785//7 6786//7 6811//7
f 6784//26 6785//26 6812//26
f 6783//9 6784//9 6813//9
f 6782//25 6783//25 6814//25
f 6794//11 6782//11 6815//11
f 6795//12 6794//12 6816//12
f 6799//13 6795//13 6817//13
f 6798//14 6799//14 6818//14
f 6797//15 6798//15 6819//15
f 6819//15 6800//15 6797//15
f 6818//14 6819//14 6798//14
f 6817//13 6818//13 6799//13
f 6816//12 6817//12 6795//12
f 6815//11 6816//11 6794//11
f 6814//25 6815//25 6782//25
f 6813//9 6814//9 6783//9
f 6812//26 6813//26 6784//26
f 6811//7 6812//7 6785//7
f 6810//6 6811//6 6786//6
f 6416//39 6820//39 6821//39
f 6415//39 6822//39 6820//39
f 6411//39 6823//39 6822//39
f 6411//39 6409//39 6824//39
f 6407//39 6825//39 6824//39
f 6407//39 6405//39 6826//39
f 6405//39 6403//39 6827//39
f 6403//39 6401//39 6828//39
f 6399//39 6829//39 6828//39
f 6432//39 6830//39 6829//39
f 6414//39 6821//39 6831//39
f 6820//39 6416//39 6415//39
f 6824//39 6823//39 6411//39
f 6826//39 6825//39 6407//39
f 6828//39 6827//39 6403//39
f 6829//39 6399//39 6432//39
f 6431//39 6832//39 6830//39
f 6431//39 6429//39 6833//39
f 6427//39 6834//39 6833//39
f 6427//39 6425//39 6835//39
f 6423//39 6836//39 6835//39
f 6423//39 6421//39 6837//39
f 6435//39 6838//39 6837//39
f 6436//39 6839//39 6838//39
f 6821//39 6414//39 6416//39
f 6824//39 6409//39 6407//39
f 6828//39 6401//39 6399//39
f 6833//39 6832//39 6431//39
f 6835//39 6834//39 6427//39
f 6837//39 6836//39 6423//39
f 6838//39 6435//39 6436//39
f 6417//39 6831//39 6839//39
f 6822//39 6415//39 6411//39
f 6830//39 6432//39 6431//39
f 6835//39 6425//39 6423//39
f 6839//39 6436//39 6417//39
f 6827//39 6826//39 6405//39
f 6837//39 6421//39 6435//39
f 6833//39 6429//39 6427//39
f 6831//39 6417//39 6414//39
f 6839//16 6831//16 6840//16
f 6838//17 6839//17 6841//17
f 6837//38 6838//38 6842//38
f 6836//19 6837//19 6843//19
f 6835//21 6836//21 6844//21
f 6834//28 6835//28 6845//28
f 6833//2 6834//2 6846//2
f 6832//36 6833//36 6847//36
f 6830//27 6832//27 6848//27
f 6829//5 6830//5 6849//5
f 6849//5 6850//5 6829//5
f 6848//27 6849//27 6830//27
f 6847//36 6848//36 6832//36
f 6846//2 6847//2 6833//2
f 6845//28 6846//28 6834//28
f 6844//20 6845//20 6835//20
f 6843//19 6844//19 6836//19
f 6842//38 6843//38 6837//38
f 6841//17 6842//17 6838//17
f 6840//16 6841//16 6839//16
f 6828//6 6829//6 6850//6
f 6827//7 6828//7 6851//7
f 6826//26 6827//26 6852//26
f 6825//9 6826//9 6853//9
f 6824//25 6825//25 6854//25
f 6823//11 6824//11 6855//11
f 6822//12 6823//12 6856//12
f 6820//13 6822//13 6857//13
f 6821//14 6820//14 6858//14
f 6831//15 6821//15 6859//15
f 6859//15 6840//15 6831//15
f 6858//14 6859//14 6821//14
f 6857//13 6858//13 6820//13
f 6856//12 6857//12 6822//12
f 6855//24 6856//24 6823//24
f 6854//25 6855//25 6824//25
f 6853//9 6854//9 6825//9
f 6852//26 6853//26 6826//26
f 6851//7 6852//7 6827//7
f 6850//6 6851//6 6828//6
f 6449//39 6447//39 6860//39
f 6447//39 6445//39 6861//39
f 6861//39 6860//39 6447//39
f 6478//39 6862//39 6861//39
f 6473//39 6863//39 6864//39
f 6473//39 6471//39 6865//39
f 6461//39 6457//39 6866//39
f 6457//39 6455//39 6867//39
f 6453//39 6868//39 6867//39
f 6451//39 6869//39 6868//39
f 6861//39 6445//39 6478//39
f 6477//39 6870//39 6862//39
f 6475//39 6864//39 6870//39
f 6865//39 6863//39 6473//39
f 6460//39 6871//39 6872//39
f 6462//39 6873//39 6871//39
f 6461//39 6874//39 6873//39
f 6867//39 6866//39 6457//39
f 6868//39 6453//39 6451//39
f 6451//39 6449//39 6875//39
f 6862//39 6478//39 6477//39
f 6864//39 6475//39 6473//39
f 6469//39 6876//39 6865//39
f 6467//39 6877//39 6876//39
f 6871//39 6460//39 6462//39
f 6866//39 6874//39 6461//39
f 6875//39 6869//39 6451//39
f 6870//39 6477//39 6475//39
f 6876//39 6469//39 6467//39
f 6467//39 6481//39 6878//39
f 6481//39 6482//39 6879//39
f 6482//39 6463//39 6872//39
f 6873//39 6462//39 6461//39
f 6860//39 6875//39 6449//39
f 6878//39 6877//39 6467//39
f 6872//39 6879//39 6482//39
f 6867//39 6455//39 6453//39
f 6879//39 6878//39 6481//39
f 6865//39 6471//39 6469//39
f 6872//39 6463//39 6460//39
f 6879//16 6872//16 6880//16
f 6878//17 6879//17 6881//17
f 6877//38 6878//38 6882//38
f 6876//19 6877//19 6883//19
f 6865//21 6876//21 6884//21
f 6863//28 6865//28 6885//28
f 6864//2 6863//2 6886//2
f 6870//36 6864//36 6887//36
f 6862//27 6870//27 6888//27
f 6861//5 6862//5 6889//5
f 6889//5 6890//5 6861//5
f 6888//27 6889//27 6862//27
f 6887//36 6888//36 6870//36
f 6886//2 6887//2 6864//2
f 6885//1 6886//1 6863//1
f 6884//20 6885//20 6865//20
f 6883//19 6884//19 6876//19
f 6882//38 6883//38 6877//38
f 6881//17 6882//17 6878//17
f 6880//16 6881//16 6879//16
f 6860//6 6861//6 6890//6
f 6875//7 6860//7 6891//7
f 6869//26 6875//26 6892//26
f 6868//43 6869//43 6893//43
f 6867//25 6868//25 6894//25
f 6866//24 6867//24 6895//24
f 6874//12 6866//12 6896//12
f 6873//13 6874//13 6897//13
f 6871//14 6873//14 6898//14
f 6872//15 6871//15 6899//15
f 6899//15 6880//15 6872//15
f 6898//14 6899//14 6871//14
f 6897//13 6898//13 6873//13
f 6896//12 6897//12 6874//12
f 6895//11 6896//11 6866//11
f 6894//10 6895//10 6867//10
f 6893//9 6894//9 6868//9
f 6892//26 6893//26 6869//26
f 6891//7 6892//7 6875//7
f 6890//6 6891//6 6860//6
f 6659//29 6650//29 6649//29
f 6920//29 6649//29 6603//29
f 6657//29 6659//29 6920//29
f 6602//29 6166//29 6164//29
f 6600//29 6136//29 6134//29
f 6602//29 6168//29 6166//29
f 6602//29 6134//29 6171//29
f 6600//29 6138//29 6136//29
f 6600//29 6921//29 6144//29
f 6920//29 6164//29 6162//29
f 6602//29 6170//29 6168//29
f 6134//29 6602//29 6600//29
f 6144//29 6142//29 6600//29
f 6920//29 6158//29 6156//29
f 6162//29 6160//29 6920//29
f 6171//29 6170//29 6602//29
f 6142//29 6140//29 6600//29
f 6921//29 6148//29 6146//29
f 6921//29 6920//29 6153//29
f 6160//29 6158//29 6920//29
f 6140//29 6138//29 6600//29
f 6921//29 6150//29 6148//29
f 6153//29 6152//29 6921//29
f 6164//29 6920//29 6602//29
f 6152//29 6150//29 6921//29
f 6146//29 6144//29 6921//29
f 6658//29 6657//29 6921//29
f 6600//29 6696//29 6695//29
f 6600//29 6599//29 6680//29
f 6600//29 6697//29 6696//29
f 6680//29 6699//29 6600//29
f 6599//29 6682//29 6681//29
f 6599//29 6922//29 6685//29
f 6921//29 6695//29 6694//29
f 6600//29 6698//29 6697//29
f 6681//29 6680//29 6599//29
f 6685//29 6684//29 6599//29
f 6921//29 6692//29 6691//29
f 6694//29 6693//29 6921//29
f 6699//29 6698//29 6600//29
f 6684//29 6683//29 6599//29
f 6922//29 6687//29 6686//29
f 6922//29 6921//29 6690//29
f 6693//29 6692//29 6921//29
f 6683//29 6682//29 6599//29
f 6922//29 6688//29 6687//29
f 6690//29 6689//29 6922//29
f 6695//29 6921//29 6600//29
f 6689//29 6688//29 6922//29
f 6686//29 6685//29 6922//29
f 6656//29 6658//29 6922//29
f 6599//29 6601//29 6720//29
f 6720//29 6739//29 6599//29
f 6601//29 6722//29 6721//29
f 6922//29 6732//29 6731//29
f 6922//29 6734//29 6733//29
f 6599//29 6736//29 6735//29
f 6599//29 6738//29 6737//29
f 6721//29 6720//29 6601//29
f 6923//29 6922//29 6730//29
f 6733//29 6732//29 6922//29
f 6735//29 6922//29 6599//29
f 6739//29 6738//29 6599//29
f 6601//29 6724//29 6723//29
f 6601//29 6923//29 6725//29
f 6923//29 6728//29 6727//29
f 6730//29 6729//29 6923//29
f 6735//29 6734//29 6922//29
f 6723//29 6722//29 6601//29
f 6923//29 6726//29 6725//29
f 6729//29 6728//29 6923//29
f 6737//29 6736//29 6599//29
f 6727//29 6726//29 6923//29
f 6725//29 6724//29 6601//29
f 6652//29 6656//29 6923//29
f 6601//29 6598//29 6760//29
f 6760//29 6779//29 6601//29
f 6598//29 6762//29 6761//29
f 6761//29 6760//29 6598//29
f 6598//29 6764//29 6763//29
f 6601//29 6778//29 6777//29
f 6763//29 6762//29 6598//29
f 6598//29 6924//29 6765//29
f 6924//29 6923//29 6770//29
f 6923//29 6772//29 6771//29
f 6923//29 6774//29 6773//29
f 6601//29 6776//29 6775//29
f 6779//29 6778//29 6601//29
f 6924//29 6766//29 6765//29
f 6924//29 6768//29 6767//29
f 6770//29 6769//29 6924//29
f 6773//29 6772//29 6923//29
f 6775//29 6923//29 6601//29
f 6765//29 6764//29 6598//29
f 6769//29 6768//29 6924//29
f 6775//29 6774//29 6923//29
f 6767//29 6766//29 6924//29
f 6777//29 6776//29 6601//29
f 6653//29 6652//29 6924//29
f 6598//29 6604//29 6800//29
f 6800//29 6819//29 6598//29
f 6604//29 6802//29 6801//29
f 6924//29 6812//29 6811//29
f 6924//29 6814//29 6813//29
f 6598//29 6816//29 6815//29
f 6598//29 6818//29 6817//29
f 6801//29 6800//29 6604//29
f 6925//29 6924//29 6810//29
f 6813//29 6812//29 6924//29
f 6815//29 6924//29 6598//29
f 6819//29 6818//29 6598//29
f 6604//29 6804//29 6803//29
f 6604//29 6925//29 6805//29
f 6925//29 6808//29 6807//29
f 6810//29 6809//29 6925//29
f 6815//29 6814//29 6924//29
f 6803//29 6802//29 6604//29
f 6925//29 6806//29 6805//29
f 6809//29 6808//29 6925//29
f 6817//29 6816//29 6598//29
f 6807//29 6806//29 6925//29
f 6805//29 6804//29 6604//29
f 6654//29 6653//29 6925//29
f 6604//29 6606//29 6840//29
f 6840//29 6859//29 6604//29
f 6606//29 6842//29 6841//29
f 6925//29 6852//29 6851//29
f 6925//29 6854//29 6853//29
f 6604//29 6856//29 6855//29
f 6604//29 6858//29 6857//29
f 6841//29 6840//29 6606//29
f 6926//29 6925//29 6850//29
f 6853//29 6852//29 6925//29
f 6855//29 6925//29 6604//29
f 6859//29 6858//29 6604//29
f 6606//29 6844//29 6843//29
f 6606//29 6926//29 6845//29
f 6926//29 6848//29 6847//29
f 6850//29 6849//29 6926//29
f 6855//29 6854//29 6925//29
f 6843//29 6842//29 6606//29
f 6926//29 6846//29 6845//29
f 6849//29 6848//29 6926//29
f 6857//29 6856//29 6604//29
f 6847//29 6846//29 6926//29
f 6845//29 6844//29 6606//29
f 6655//29 6654//29 6926//29
f 6606//29 6605//29 6880//29
f 6880//29 6899//29 6606//29
f 6605//29 6882//29 6881//29
f 6881//29 6880//29 6605//29
f 6927//29 6926//29 6890//29
f 6606//29 6896//29 6895//29
f 6899//29 6898//29 6606//29
f 6605//29 6884//29 6883//29
f 6605//29 6927//29 6885//29
f 6927//29 6888//29 6887//29
f 6890//29 6889//29 6927//29
f 6926//29 6892//29 6891//29
f 6606//29 6897//29 6896//29
f 6883//29 6882//29 6605//29
f 6927//29 6886//29 6885//29
f 6889//29 6888//29 6927//29
f 6926//29 6893//29 6892//29
f 6926//29 6895//29 6894//29
f 6898//29 6897//29 6606//29
f 6887//29 6886//29 6927//29
f 6894//29 6893//29 6926//29
f 6885//29 6884//29 6605//29
f 6895//29 6926//29 6606//29
f 6647//29 6655//29 6927//29
f 6607//29 6900//29 6901//29
f 6605//29 6901//29 6902//29
f 6607//29 6903//29 6900//29
f 6605//29 6904//29 6905//29
f 6901//29 6605//29 6607//29
f 6927//29 6906//29 6907//29
f 6927//29 6908//29 6909//29
f 6605//29 6910//29 6911//29
f 6902//29 6904//29 6605//29
f 6607//29 6646//29 6912//29
f 6646//29 6927//29 6913//29
f 6909//29 6906//29 6927//29
f 6911//29 6927//29 6605//29
f 6607//29 6914//29 6903//29
f 6912//29 6915//29 6607//29
f 6913//29 6916//29 6646//29
f 6911//29 6908//29 6927//29
f 6915//29 6914//29 6607//29
f 6646//29 6917//29 6918//29
f 6916//29 6919//29 6646//29
f 6905//29 6910//29 6605//29
f 6919//29 6917//29 6646//29
f 6918//29 6912//29 6646//29
f 6907//29 6913//29 6927//29
f 6927//29 6646//29 6647//29
f 6891//29 6890//29 6926//29
f 6926//29 6927//29 6655//29
f 6851//29 6850//29 6925//29
f 6925//29 6926//29 6654//29
f 6811//29 6810//29 6924//29
f 6924//29 6925//29 6653//29
f 6771//29 6770//29 6923//29
f 6923//29 6924//29 6652//29
f 6731//29 6730//29 6922//29
f 6922//29 6923//29 6656//29
f 6691//29 6690//29 6921//29
f 6921//29 6922//29 6658//29
f 6156//29 6153//29 6920//29
f 6920//29 6921//29 6657//29
f 6603//29 6602//29 6920//29
f 6649//29 6920//29 6659//29
f 6496//39 6494//39 6928//39
f 6494//39 6492//39 6929//39
f 6929//39 6928//39 6494//39
f 6525//39 6930//39 6929//39
f 6520//39 6931//39 6932//39
f 6520//39 6518//39 6933//39
f 6508//39 6504//39 6934//39
f 6504//39 6502//39 6935//39
f 6500//39 6936//39 6935//39
f 6498//39 6937//39 6936//39
f 6929//39 6492//39 6525//39
f 6524//39 6938//39 6930//39
f 6522//39 6932//39 6938//39
f 6933//39 6931//39 6520//39
f 6507//39 6939//39 6940//39
f 6509//39 6941//39 6939//39
f 6508//39 6942//39 6941//39
f 6935//39 6934//39 6504//39
f 6936//39 6500//39 6498//39
f 6498//39 6496//39 6943//39
f 6930//39 6525//39 6524//39
f 6932//39 6522//39 6520//39
f 6516//39 6944//39 6933//39
f 6514//39 6945//39 6944//39
f 6939//39 6507//39 6509//39
f 6934//39 6942//39 6508//39
f 6943//39 6937//39 6498//39
f 6938//39 6524//39 6522//39
f 6944//39 6516//39 6514//39
f 6514//39 6528//39 6946//39
f 6528//39 6529//39 6947//39
f 6529//39 6510//39 6940//39
f 6941//39 6509//39 6508//39
f 6928//39 6943//39 6496//39
f 6946//39 6945//39 6514//39
f 6940//39 6947//39 6529//39
f 6935//39 6502//39 6500//39
f 6947//39 6946//39 6528//39
f 6933//39 6518//39 6516//39
f 6940//39 6510//39 6507//39
f 6947//16 6940//16 6901//16
f 6946//17 6947//17 6900//17
f 6945//38 6946//38 6903//38
f 6944//19 6945//19 6914//19
f 6933//21 6944//21 6915//21
f 6931//28 6933//28 6912//28
f 6932//349 6931//349 6918//349
f 6938//36 6932//36 6917//36
f 6930//27 6938//27 6919//27
f 6929//5 6930//5 6916//5
f 6916//5 6913//5 6929//5
f 6919//27 6916//27 6930//27
f 6917//36 6919//36 6938//36
f 6918//2 6917//2 6932//2
f 6912//1 6918//1 6931//1
f 6915//20 6912//20 6933//20
f 6914//19 6915//19 6944//19
f 6903//38 6914//38 6945//38
f 6900//17 6903//17 6946//17
f 6901//16 6900//16 6947//16
f 6928//6 6929//6 6913//6
f 6943//7 6928//7 6907//7
f 6937//26 6943//26 6906//26
f 6936//9 6937//9 6909//9
f 6935//33 6936//33 6908//33
f 6934//11 6935//11 6911//11
f 6942//12 6934//12 6910//12
f 6941//13 6942//13 6905//13
f 6939//120 6941//120 6904//120
f 6940//15 6939//15 6902//15
f 6902//15 6901//15 6940//15
f 6904//120 6902//120 6939//120
f 6905//13 6904//13 6941//13
f 6910//12 6905//12 6942//12
f 6911//35 6910//35 6934//35
f 6908//25 6911//25 6935//25
f 6909//9 6908//9 6936//9
f 6906//26 6909//26 6937//26
f 6907//7 6906//7 6943//7
f 6913//6 6907//6 6928//6
f 801//29 804//29 803//29 802//29
f 802//30 803//30 794//30 796//30
f 804//31 801//31 795//31 793//31
f 794//39 793//39 795//39 796//39
